/*
 Navicat Premium Data Transfer

 Source Server         : MySQL8.0
 Source Server Type    : MySQL
 Source Server Version : 80027
 Source Host           : 3306
 Source Schema         : easyboot

 Target Server Type    : MySQL
 Target Server Version : 80027
 File Encoding         : 65001

 Date: 19/10/2023 09:13:23
*/

SET NAMES utf8mb4;
SET FOREIGN_KEY_CHECKS = 0;

-- ----------------------------
-- Table structure for QRTZ_BLOB_TRIGGERS
-- ----------------------------
DROP TABLE IF EXISTS `QRTZ_BLOB_TRIGGERS`;
CREATE TABLE `QRTZ_BLOB_TRIGGERS` (
  `SCHED_NAME` varchar(120) CHARACTER SET utf8mb4 COLLATE utf8mb4_bin NOT NULL,
  `TRIGGER_NAME` varchar(200) CHARACTER SET utf8mb4 COLLATE utf8mb4_bin NOT NULL,
  `TRIGGER_GROUP` varchar(200) CHARACTER SET utf8mb4 COLLATE utf8mb4_bin NOT NULL,
  `BLOB_DATA` blob,
  PRIMARY KEY (`SCHED_NAME`,`TRIGGER_NAME`,`TRIGGER_GROUP`) USING BTREE,
  CONSTRAINT `qrtz_blob_triggers_ibfk_1` FOREIGN KEY (`SCHED_NAME`, `TRIGGER_NAME`, `TRIGGER_GROUP`) REFERENCES `QRTZ_TRIGGERS` (`SCHED_NAME`, `TRIGGER_NAME`, `TRIGGER_GROUP`) ON DELETE RESTRICT ON UPDATE RESTRICT
) ENGINE=InnoDB DEFAULT CHARSET=utf8mb4 COLLATE=utf8mb4_bin;

-- ----------------------------
-- Records of QRTZ_BLOB_TRIGGERS
-- ----------------------------
BEGIN;
COMMIT;

-- ----------------------------
-- Table structure for QRTZ_CALENDARS
-- ----------------------------
DROP TABLE IF EXISTS `QRTZ_CALENDARS`;
CREATE TABLE `QRTZ_CALENDARS` (
  `SCHED_NAME` varchar(120) CHARACTER SET utf8mb4 COLLATE utf8mb4_bin NOT NULL,
  `CALENDAR_NAME` varchar(200) CHARACTER SET utf8mb4 COLLATE utf8mb4_bin NOT NULL,
  `CALENDAR` blob NOT NULL,
  PRIMARY KEY (`SCHED_NAME`,`CALENDAR_NAME`) USING BTREE
) ENGINE=InnoDB DEFAULT CHARSET=utf8mb4 COLLATE=utf8mb4_bin;

-- ----------------------------
-- Records of QRTZ_CALENDARS
-- ----------------------------
BEGIN;
COMMIT;

-- ----------------------------
-- Table structure for QRTZ_CRON_TRIGGERS
-- ----------------------------
DROP TABLE IF EXISTS `QRTZ_CRON_TRIGGERS`;
CREATE TABLE `QRTZ_CRON_TRIGGERS` (
  `SCHED_NAME` varchar(120) CHARACTER SET utf8mb4 COLLATE utf8mb4_bin NOT NULL,
  `TRIGGER_NAME` varchar(200) CHARACTER SET utf8mb4 COLLATE utf8mb4_bin NOT NULL,
  `TRIGGER_GROUP` varchar(200) CHARACTER SET utf8mb4 COLLATE utf8mb4_bin NOT NULL,
  `CRON_EXPRESSION` varchar(200) CHARACTER SET utf8mb4 COLLATE utf8mb4_bin NOT NULL,
  `TIME_ZONE_ID` varchar(80) CHARACTER SET utf8mb4 COLLATE utf8mb4_bin DEFAULT NULL,
  PRIMARY KEY (`SCHED_NAME`,`TRIGGER_NAME`,`TRIGGER_GROUP`) USING BTREE,
  CONSTRAINT `qrtz_cron_triggers_ibfk_1` FOREIGN KEY (`SCHED_NAME`, `TRIGGER_NAME`, `TRIGGER_GROUP`) REFERENCES `QRTZ_TRIGGERS` (`SCHED_NAME`, `TRIGGER_NAME`, `TRIGGER_GROUP`) ON DELETE RESTRICT ON UPDATE RESTRICT
) ENGINE=InnoDB DEFAULT CHARSET=utf8mb4 COLLATE=utf8mb4_bin;

-- ----------------------------
-- Records of QRTZ_CRON_TRIGGERS
-- ----------------------------
BEGIN;
INSERT INTO `QRTZ_CRON_TRIGGERS` (`SCHED_NAME`, `TRIGGER_NAME`, `TRIGGER_GROUP`, `CRON_EXPRESSION`, `TIME_ZONE_ID`) VALUES ('quartzScheduler', '6da64b5bd2ee-3fb56449-53f1-4678-b82e-9aafbed96b84', 'DEFAULT', '0/1 * * * * ?', 'Asia/Shanghai');
INSERT INTO `QRTZ_CRON_TRIGGERS` (`SCHED_NAME`, `TRIGGER_NAME`, `TRIGGER_GROUP`, `CRON_EXPRESSION`, `TIME_ZONE_ID`) VALUES ('quartzScheduler', '6da64b5bd2ee-85464126-7ea5-44ac-abd5-442060b621db', 'DEFAULT', '0/5 * * * * ?', 'Asia/Shanghai');
COMMIT;

-- ----------------------------
-- Table structure for QRTZ_FIRED_TRIGGERS
-- ----------------------------
DROP TABLE IF EXISTS `QRTZ_FIRED_TRIGGERS`;
CREATE TABLE `QRTZ_FIRED_TRIGGERS` (
  `SCHED_NAME` varchar(120) CHARACTER SET utf8mb4 COLLATE utf8mb4_bin NOT NULL,
  `ENTRY_ID` varchar(95) CHARACTER SET utf8mb4 COLLATE utf8mb4_bin NOT NULL,
  `TRIGGER_NAME` varchar(200) CHARACTER SET utf8mb4 COLLATE utf8mb4_bin NOT NULL,
  `TRIGGER_GROUP` varchar(200) CHARACTER SET utf8mb4 COLLATE utf8mb4_bin NOT NULL,
  `INSTANCE_NAME` varchar(200) CHARACTER SET utf8mb4 COLLATE utf8mb4_bin NOT NULL,
  `FIRED_TIME` bigint NOT NULL,
  `SCHED_TIME` bigint NOT NULL,
  `PRIORITY` int NOT NULL,
  `STATE` varchar(16) CHARACTER SET utf8mb4 COLLATE utf8mb4_bin NOT NULL,
  `JOB_NAME` varchar(200) CHARACTER SET utf8mb4 COLLATE utf8mb4_bin DEFAULT NULL,
  `JOB_GROUP` varchar(200) CHARACTER SET utf8mb4 COLLATE utf8mb4_bin DEFAULT NULL,
  `IS_NONCONCURRENT` varchar(1) CHARACTER SET utf8mb4 COLLATE utf8mb4_bin DEFAULT NULL,
  `REQUESTS_RECOVERY` varchar(1) CHARACTER SET utf8mb4 COLLATE utf8mb4_bin DEFAULT NULL,
  PRIMARY KEY (`SCHED_NAME`,`ENTRY_ID`) USING BTREE
) ENGINE=InnoDB DEFAULT CHARSET=utf8mb4 COLLATE=utf8mb4_bin;

-- ----------------------------
-- Records of QRTZ_FIRED_TRIGGERS
-- ----------------------------
BEGIN;
COMMIT;

-- ----------------------------
-- Table structure for QRTZ_JOB_DETAILS
-- ----------------------------
DROP TABLE IF EXISTS `QRTZ_JOB_DETAILS`;
CREATE TABLE `QRTZ_JOB_DETAILS` (
  `SCHED_NAME` varchar(120) CHARACTER SET utf8mb4 COLLATE utf8mb4_bin NOT NULL,
  `JOB_NAME` varchar(200) CHARACTER SET utf8mb4 COLLATE utf8mb4_bin NOT NULL,
  `JOB_GROUP` varchar(200) CHARACTER SET utf8mb4 COLLATE utf8mb4_bin NOT NULL,
  `DESCRIPTION` varchar(250) CHARACTER SET utf8mb4 COLLATE utf8mb4_bin DEFAULT NULL,
  `JOB_CLASS_NAME` varchar(250) CHARACTER SET utf8mb4 COLLATE utf8mb4_bin NOT NULL,
  `IS_DURABLE` varchar(1) CHARACTER SET utf8mb4 COLLATE utf8mb4_bin NOT NULL,
  `IS_NONCONCURRENT` varchar(1) CHARACTER SET utf8mb4 COLLATE utf8mb4_bin NOT NULL,
  `IS_UPDATE_DATA` varchar(1) CHARACTER SET utf8mb4 COLLATE utf8mb4_bin NOT NULL,
  `REQUESTS_RECOVERY` varchar(1) CHARACTER SET utf8mb4 COLLATE utf8mb4_bin NOT NULL,
  `JOB_DATA` blob,
  PRIMARY KEY (`SCHED_NAME`,`JOB_NAME`,`JOB_GROUP`) USING BTREE
) ENGINE=InnoDB DEFAULT CHARSET=utf8mb4 COLLATE=utf8mb4_bin;

-- ----------------------------
-- Records of QRTZ_JOB_DETAILS
-- ----------------------------
BEGIN;
INSERT INTO `QRTZ_JOB_DETAILS` (`SCHED_NAME`, `JOB_NAME`, `JOB_GROUP`, `DESCRIPTION`, `JOB_CLASS_NAME`, `IS_DURABLE`, `IS_NONCONCURRENT`, `IS_UPDATE_DATA`, `REQUESTS_RECOVERY`, `JOB_DATA`) VALUES ('quartzScheduler', '每5秒执行测试', 'group1', NULL, 'com.easy.boot.common.quartz.EasyJobTaskExecute', '0', '0', '0', '0', 0xACED0005737200156F72672E71756172747A2E4A6F62446174614D61709FB083E8BFA9B0CB020000787200266F72672E71756172747A2E7574696C732E537472696E674B65794469727479466C61674D61708208E8C3FBC55D280200015A0013616C6C6F77735472616E7369656E74446174617872001D6F72672E71756172747A2E7574696C732E4469727479466C61674D617013E62EAD28760ACE0200025A000564697274794C00036D617074000F4C6A6176612F7574696C2F4D61703B787001737200116A6176612E7574696C2E486173684D61700507DAC1C31660D103000246000A6C6F6164466163746F724900097468726573686F6C6478703F4000000000000C77080000001000000001740005706172616D73720036636F6D2E656173792E626F6F742E61646D696E2E7363686564756C65645461736B2E656E746974792E5363686564756C65645461736B2D434D185515235302000A4C000463726F6E7400124C6A6176612F6C616E672F537472696E673B4C000B6465736372697074696F6E71007E00094C000B696E737472756374696F6E7400134C6A6176612F6C616E672F496E74656765723B4C00086A6F6247726F757071007E00094C00066A6F624B657971007E00094C00076A6F624E616D6571007E00094C00096A6F62506172616D7371007E00094C00096A6F6253746174757371007E000A4C000772656D61726B7371007E00094C0004736F727471007E000A78720024636F6D2E656173792E626F6F742E636F6D6D6F6E2E626173652E42617365456E746974799DD1205EA862AC0C0200084C000863726561746542797400104C6A6176612F6C616E672F4C6F6E673B4C000A63726561746554696D6571007E000C4C000E637265617465557365726E616D6571007E00094C0002696471007E000C4C0005697344656C71007E000A4C0008757064617465427971007E000C4C000A75706461746554696D6571007E000C4C000E757064617465557365726E616D6571007E000978707372000E6A6176612E6C616E672E4C6F6E673B8BE490CC8F23DF0200014A000576616C7565787200106A6176612E6C616E672E4E756D62657286AC951D0B94E08B02000078701762F2E8FEC030017371007E000E00000189C618228F7400007371007E000E176C62C7B0C1F001737200116A6176612E6C616E672E496E746567657212E2A0A4F781873802000149000576616C75657871007E000F000000007371007E000E1762F2E8FEC030017371007E000E0000018B3C4C00D97400066865797A6F6574000D302F35202A202A202A202A203F740013E6AF8F35E7A792E689A7E8A18CE6B58BE8AF957371007E00140000000274000667726F7570317400057465737432740013E6AF8F35E7A792E689A7E8A18CE6B58BE8AF957400043131313171007E001B7071007E00157800);
INSERT INTO `QRTZ_JOB_DETAILS` (`SCHED_NAME`, `JOB_NAME`, `JOB_GROUP`, `DESCRIPTION`, `JOB_CLASS_NAME`, `IS_DURABLE`, `IS_NONCONCURRENT`, `IS_UPDATE_DATA`, `REQUESTS_RECOVERY`, `JOB_DATA`) VALUES ('quartzScheduler', '每秒执行测试', 'group', NULL, 'com.easy.boot.common.quartz.EasyJobTaskExecute', '0', '0', '0', '0', 0xACED0005737200156F72672E71756172747A2E4A6F62446174614D61709FB083E8BFA9B0CB020000787200266F72672E71756172747A2E7574696C732E537472696E674B65794469727479466C61674D61708208E8C3FBC55D280200015A0013616C6C6F77735472616E7369656E74446174617872001D6F72672E71756172747A2E7574696C732E4469727479466C61674D617013E62EAD28760ACE0200025A000564697274794C00036D617074000F4C6A6176612F7574696C2F4D61703B787001737200116A6176612E7574696C2E486173684D61700507DAC1C31660D103000246000A6C6F6164466163746F724900097468726573686F6C6478703F4000000000000C77080000001000000001740005706172616D73720036636F6D2E656173792E626F6F742E61646D696E2E7363686564756C65645461736B2E656E746974792E5363686564756C65645461736B2D434D185515235302000A4C000463726F6E7400124C6A6176612F6C616E672F537472696E673B4C000B6465736372697074696F6E71007E00094C000B696E737472756374696F6E7400134C6A6176612F6C616E672F496E74656765723B4C00086A6F6247726F757071007E00094C00066A6F624B657971007E00094C00076A6F624E616D6571007E00094C00096A6F62506172616D7371007E00094C00096A6F6253746174757371007E000A4C000772656D61726B7371007E00094C0004736F727471007E000A78720024636F6D2E656173792E626F6F742E636F6D6D6F6E2E626173652E42617365456E746974799DD1205EA862AC0C0200084C000863726561746542797400104C6A6176612F6C616E672F4C6F6E673B4C000A63726561746554696D6571007E000C4C000E637265617465557365726E616D6571007E00094C0002696471007E000C4C0005697344656C71007E000A4C0008757064617465427971007E000C4C000A75706461746554696D6571007E000C4C000E757064617465557365726E616D6571007E000978707372000E6A6176612E6C616E672E4C6F6E673B8BE490CC8F23DF0200014A000576616C7565787200106A6176612E6C616E672E4E756D62657286AC951D0B94E08B02000078701762F2E8FEC030017371007E000E00000189C61344247400007371007E000E176C619016C02002737200116A6176612E6C616E672E496E746567657212E2A0A4F781873802000149000576616C75657871007E000F000000007371007E000E1762F2E8FEC030017371007E000E00000189C63E46507074000D302F31202A202A202A202A203F740012E6AF8FE7A792E689A7E8A18CE6B58BE8AF957371007E00140000000274000567726F75707400057465737431740012E6AF8FE7A792E689A7E8A18CE6B58BE8AF957400043131313171007E001A7071007E00157800);
COMMIT;

-- ----------------------------
-- Table structure for QRTZ_LOCKS
-- ----------------------------
DROP TABLE IF EXISTS `QRTZ_LOCKS`;
CREATE TABLE `QRTZ_LOCKS` (
  `SCHED_NAME` varchar(120) CHARACTER SET utf8mb4 COLLATE utf8mb4_bin NOT NULL,
  `LOCK_NAME` varchar(40) CHARACTER SET utf8mb4 COLLATE utf8mb4_bin NOT NULL,
  PRIMARY KEY (`SCHED_NAME`,`LOCK_NAME`) USING BTREE
) ENGINE=InnoDB DEFAULT CHARSET=utf8mb4 COLLATE=utf8mb4_bin;

-- ----------------------------
-- Records of QRTZ_LOCKS
-- ----------------------------
BEGIN;
INSERT INTO `QRTZ_LOCKS` (`SCHED_NAME`, `LOCK_NAME`) VALUES ('quartzScheduler', 'TRIGGER_ACCESS');
COMMIT;

-- ----------------------------
-- Table structure for QRTZ_PAUSED_TRIGGER_GRPS
-- ----------------------------
DROP TABLE IF EXISTS `QRTZ_PAUSED_TRIGGER_GRPS`;
CREATE TABLE `QRTZ_PAUSED_TRIGGER_GRPS` (
  `SCHED_NAME` varchar(120) CHARACTER SET utf8mb4 COLLATE utf8mb4_bin NOT NULL,
  `TRIGGER_GROUP` varchar(200) CHARACTER SET utf8mb4 COLLATE utf8mb4_bin NOT NULL,
  PRIMARY KEY (`SCHED_NAME`,`TRIGGER_GROUP`) USING BTREE
) ENGINE=InnoDB DEFAULT CHARSET=utf8mb4 COLLATE=utf8mb4_bin;

-- ----------------------------
-- Records of QRTZ_PAUSED_TRIGGER_GRPS
-- ----------------------------
BEGIN;
COMMIT;

-- ----------------------------
-- Table structure for QRTZ_SCHEDULER_STATE
-- ----------------------------
DROP TABLE IF EXISTS `QRTZ_SCHEDULER_STATE`;
CREATE TABLE `QRTZ_SCHEDULER_STATE` (
  `SCHED_NAME` varchar(120) CHARACTER SET utf8mb4 COLLATE utf8mb4_bin NOT NULL,
  `INSTANCE_NAME` varchar(200) CHARACTER SET utf8mb4 COLLATE utf8mb4_bin NOT NULL,
  `LAST_CHECKIN_TIME` bigint NOT NULL,
  `CHECKIN_INTERVAL` bigint NOT NULL,
  PRIMARY KEY (`SCHED_NAME`,`INSTANCE_NAME`) USING BTREE
) ENGINE=InnoDB DEFAULT CHARSET=utf8mb4 COLLATE=utf8mb4_bin;

-- ----------------------------
-- Records of QRTZ_SCHEDULER_STATE
-- ----------------------------
BEGIN;
COMMIT;

-- ----------------------------
-- Table structure for QRTZ_SIMPLE_TRIGGERS
-- ----------------------------
DROP TABLE IF EXISTS `QRTZ_SIMPLE_TRIGGERS`;
CREATE TABLE `QRTZ_SIMPLE_TRIGGERS` (
  `SCHED_NAME` varchar(120) CHARACTER SET utf8mb4 COLLATE utf8mb4_bin NOT NULL,
  `TRIGGER_NAME` varchar(200) CHARACTER SET utf8mb4 COLLATE utf8mb4_bin NOT NULL,
  `TRIGGER_GROUP` varchar(200) CHARACTER SET utf8mb4 COLLATE utf8mb4_bin NOT NULL,
  `REPEAT_COUNT` bigint NOT NULL,
  `REPEAT_INTERVAL` bigint NOT NULL,
  `TIMES_TRIGGERED` bigint NOT NULL,
  PRIMARY KEY (`SCHED_NAME`,`TRIGGER_NAME`,`TRIGGER_GROUP`) USING BTREE,
  CONSTRAINT `qrtz_simple_triggers_ibfk_1` FOREIGN KEY (`SCHED_NAME`, `TRIGGER_NAME`, `TRIGGER_GROUP`) REFERENCES `QRTZ_TRIGGERS` (`SCHED_NAME`, `TRIGGER_NAME`, `TRIGGER_GROUP`) ON DELETE RESTRICT ON UPDATE RESTRICT
) ENGINE=InnoDB DEFAULT CHARSET=utf8mb4 COLLATE=utf8mb4_bin;

-- ----------------------------
-- Records of QRTZ_SIMPLE_TRIGGERS
-- ----------------------------
BEGIN;
COMMIT;

-- ----------------------------
-- Table structure for QRTZ_SIMPROP_TRIGGERS
-- ----------------------------
DROP TABLE IF EXISTS `QRTZ_SIMPROP_TRIGGERS`;
CREATE TABLE `QRTZ_SIMPROP_TRIGGERS` (
  `SCHED_NAME` varchar(120) CHARACTER SET utf8mb4 COLLATE utf8mb4_bin NOT NULL,
  `TRIGGER_NAME` varchar(200) CHARACTER SET utf8mb4 COLLATE utf8mb4_bin NOT NULL,
  `TRIGGER_GROUP` varchar(200) CHARACTER SET utf8mb4 COLLATE utf8mb4_bin NOT NULL,
  `STR_PROP_1` varchar(512) CHARACTER SET utf8mb4 COLLATE utf8mb4_bin DEFAULT NULL,
  `STR_PROP_2` varchar(512) CHARACTER SET utf8mb4 COLLATE utf8mb4_bin DEFAULT NULL,
  `STR_PROP_3` varchar(512) CHARACTER SET utf8mb4 COLLATE utf8mb4_bin DEFAULT NULL,
  `INT_PROP_1` int DEFAULT NULL,
  `INT_PROP_2` int DEFAULT NULL,
  `LONG_PROP_1` bigint DEFAULT NULL,
  `LONG_PROP_2` bigint DEFAULT NULL,
  `DEC_PROP_1` decimal(13,4) DEFAULT NULL,
  `DEC_PROP_2` decimal(13,4) DEFAULT NULL,
  `BOOL_PROP_1` varchar(1) CHARACTER SET utf8mb4 COLLATE utf8mb4_bin DEFAULT NULL,
  `BOOL_PROP_2` varchar(1) CHARACTER SET utf8mb4 COLLATE utf8mb4_bin DEFAULT NULL,
  PRIMARY KEY (`SCHED_NAME`,`TRIGGER_NAME`,`TRIGGER_GROUP`) USING BTREE,
  CONSTRAINT `qrtz_simprop_triggers_ibfk_1` FOREIGN KEY (`SCHED_NAME`, `TRIGGER_NAME`, `TRIGGER_GROUP`) REFERENCES `QRTZ_TRIGGERS` (`SCHED_NAME`, `TRIGGER_NAME`, `TRIGGER_GROUP`) ON DELETE RESTRICT ON UPDATE RESTRICT
) ENGINE=InnoDB DEFAULT CHARSET=utf8mb4 COLLATE=utf8mb4_bin;

-- ----------------------------
-- Records of QRTZ_SIMPROP_TRIGGERS
-- ----------------------------
BEGIN;
COMMIT;

-- ----------------------------
-- Table structure for QRTZ_TRIGGERS
-- ----------------------------
DROP TABLE IF EXISTS `QRTZ_TRIGGERS`;
CREATE TABLE `QRTZ_TRIGGERS` (
  `SCHED_NAME` varchar(120) CHARACTER SET utf8mb4 COLLATE utf8mb4_bin NOT NULL,
  `TRIGGER_NAME` varchar(200) CHARACTER SET utf8mb4 COLLATE utf8mb4_bin NOT NULL,
  `TRIGGER_GROUP` varchar(200) CHARACTER SET utf8mb4 COLLATE utf8mb4_bin NOT NULL,
  `JOB_NAME` varchar(200) CHARACTER SET utf8mb4 COLLATE utf8mb4_bin NOT NULL,
  `JOB_GROUP` varchar(200) CHARACTER SET utf8mb4 COLLATE utf8mb4_bin NOT NULL,
  `DESCRIPTION` varchar(250) CHARACTER SET utf8mb4 COLLATE utf8mb4_bin DEFAULT NULL,
  `NEXT_FIRE_TIME` bigint DEFAULT NULL,
  `PREV_FIRE_TIME` bigint DEFAULT NULL,
  `PRIORITY` int DEFAULT NULL,
  `TRIGGER_STATE` varchar(16) CHARACTER SET utf8mb4 COLLATE utf8mb4_bin NOT NULL,
  `TRIGGER_TYPE` varchar(8) CHARACTER SET utf8mb4 COLLATE utf8mb4_bin NOT NULL,
  `START_TIME` bigint NOT NULL,
  `END_TIME` bigint DEFAULT NULL,
  `CALENDAR_NAME` varchar(200) CHARACTER SET utf8mb4 COLLATE utf8mb4_bin DEFAULT NULL,
  `MISFIRE_INSTR` smallint DEFAULT NULL,
  `JOB_DATA` blob,
  PRIMARY KEY (`SCHED_NAME`,`TRIGGER_NAME`,`TRIGGER_GROUP`) USING BTREE,
  KEY `SCHED_NAME` (`SCHED_NAME`,`JOB_NAME`,`JOB_GROUP`) USING BTREE,
  CONSTRAINT `qrtz_triggers_ibfk_1` FOREIGN KEY (`SCHED_NAME`, `JOB_NAME`, `JOB_GROUP`) REFERENCES `QRTZ_JOB_DETAILS` (`SCHED_NAME`, `JOB_NAME`, `JOB_GROUP`) ON DELETE RESTRICT ON UPDATE RESTRICT
) ENGINE=InnoDB DEFAULT CHARSET=utf8mb4 COLLATE=utf8mb4_bin;

-- ----------------------------
-- Records of QRTZ_TRIGGERS
-- ----------------------------
BEGIN;
INSERT INTO `QRTZ_TRIGGERS` (`SCHED_NAME`, `TRIGGER_NAME`, `TRIGGER_GROUP`, `JOB_NAME`, `JOB_GROUP`, `DESCRIPTION`, `NEXT_FIRE_TIME`, `PREV_FIRE_TIME`, `PRIORITY`, `TRIGGER_STATE`, `TRIGGER_TYPE`, `START_TIME`, `END_TIME`, `CALENDAR_NAME`, `MISFIRE_INSTR`, `JOB_DATA`) VALUES ('quartzScheduler', '6da64b5bd2ee-3fb56449-53f1-4678-b82e-9aafbed96b84', 'DEFAULT', '每秒执行测试', 'group', NULL, 1697622002000, -1, 5, 'PAUSED', 'CRON', 1697622002000, 0, NULL, 2, '');
INSERT INTO `QRTZ_TRIGGERS` (`SCHED_NAME`, `TRIGGER_NAME`, `TRIGGER_GROUP`, `JOB_NAME`, `JOB_GROUP`, `DESCRIPTION`, `NEXT_FIRE_TIME`, `PREV_FIRE_TIME`, `PRIORITY`, `TRIGGER_STATE`, `TRIGGER_TYPE`, `START_TIME`, `END_TIME`, `CALENDAR_NAME`, `MISFIRE_INSTR`, `JOB_DATA`) VALUES ('quartzScheduler', '6da64b5bd2ee-85464126-7ea5-44ac-abd5-442060b621db', 'DEFAULT', '每5秒执行测试', 'group1', NULL, 1697622005000, -1, 5, 'PAUSED', 'CRON', 1697622003000, 0, NULL, 2, '');
COMMIT;

-- ----------------------------
-- Table structure for admin_user
-- ----------------------------
DROP TABLE IF EXISTS `admin_user`;
CREATE TABLE `admin_user` (
  `id` bigint NOT NULL COMMENT 'id',
  `department_id` bigint DEFAULT NULL COMMENT '部门ID',
  `avatar` varchar(255) CHARACTER SET utf8 COLLATE utf8_general_ci DEFAULT NULL COMMENT '头像',
  `username` varchar(20) CHARACTER SET utf8mb4 COLLATE utf8mb4_bin NOT NULL COMMENT '账号',
  `password` varchar(100) CHARACTER SET utf8mb4 COLLATE utf8mb4_bin NOT NULL COMMENT '密码',
  `name` varchar(20) CHARACTER SET utf8mb4 COLLATE utf8mb4_bin NOT NULL COMMENT '昵称',
  `sex` int NOT NULL DEFAULT '0' COMMENT '性别 #0：保密 ,1：男 ,2：女',
  `email` varchar(30) CHARACTER SET utf8mb4 COLLATE utf8mb4_bin DEFAULT NULL COMMENT '邮箱',
  `mobile` varchar(11) CHARACTER SET utf8 COLLATE utf8_general_ci DEFAULT NULL COMMENT '手机号码',
  `salt` varchar(50) CHARACTER SET utf8 COLLATE utf8_general_ci NOT NULL COMMENT '密码盐',
  `status` int NOT NULL DEFAULT '1' COMMENT '账号状态 #1：正常, 2：禁用',
  `sort` int NOT NULL DEFAULT '0' COMMENT '排序',
  `create_by` bigint NOT NULL COMMENT '创建者',
  `create_username` varchar(20) CHARACTER SET utf8mb4 COLLATE utf8mb4_bin NOT NULL COMMENT '创建者账号',
  `create_time` bigint NOT NULL COMMENT '创建时间',
  `update_by` bigint DEFAULT NULL COMMENT '更新者',
  `update_username` varchar(255) CHARACTER SET utf8mb4 COLLATE utf8mb4_bin DEFAULT NULL COMMENT '更新者账号',
  `update_time` bigint DEFAULT NULL COMMENT '更新时间',
  `is_del` int NOT NULL DEFAULT '0' COMMENT '逻辑删除状态 0：未删除 1：已删除',
  PRIMARY KEY (`id`) USING BTREE
) ENGINE=InnoDB DEFAULT CHARSET=utf8mb4 COLLATE=utf8mb4_bin ROW_FORMAT=DYNAMIC COMMENT='WEB端用户';

-- ----------------------------
-- Records of admin_user
-- ----------------------------
BEGIN;
INSERT INTO `admin_user` (`id`, `department_id`, `avatar`, `username`, `password`, `name`, `sex`, `email`, `mobile`, `salt`, `status`, `sort`, `create_by`, `create_username`, `create_time`, `update_by`, `update_username`, `update_time`, `is_del`) VALUES (1685176293110329345, 1685320673934770177, NULL, 'heyzoe', '09c4d1fe5bfb8f9826affe82ab296376', 'zoe', 0, '233@qq.com', '13838381438', '19c33c65-550e-4e13-9ff3-65d85b474e14', 1, 0, -1, '', 1690612311998, 1685176293110329345, 'heyzoe', 1697592981667, 0);
INSERT INTO `admin_user` (`id`, `department_id`, `avatar`, `username`, `password`, `name`, `sex`, `email`, `mobile`, `salt`, `status`, `sort`, `create_by`, `create_username`, `create_time`, `update_by`, `update_username`, `update_time`, `is_del`) VALUES (1685177044733800449, 1685321618924044289, NULL, 'yyqyyq', 'b3135e7d3537d5569865225de42700bb', 'yyq', 0, '2678187122@qq.com', '19967268830', 'fdcc1533-d4ba-4251-b00a-5abd320c8f15', 1, 0, 1685176293110329345, '', 1690612491202, 1685177044733800449, 'yyqyyq', 1697592920929, 0);
INSERT INTO `admin_user` (`id`, `department_id`, `avatar`, `username`, `password`, `name`, `sex`, `email`, `mobile`, `salt`, `status`, `sort`, `create_by`, `create_username`, `create_time`, `update_by`, `update_username`, `update_time`, `is_del`) VALUES (1714269286131834881, NULL, '', 'admin_user', '354a6944093c9d7fa120afe71b5866b8', 'user', 0, NULL, '13412341234', '1768e34d-b0ae-4a4e-bf20-62c13e07ca7f', 1, 0, 1685176293110329345, 'heyzoe', 1697548622061, 1685176293110329345, 'heyzoe', 1697592987013, 0);
COMMIT;

-- ----------------------------
-- Table structure for blacklist
-- ----------------------------
DROP TABLE IF EXISTS `blacklist`;
CREATE TABLE `blacklist` (
  `id` bigint NOT NULL COMMENT 'id',
  `type` int NOT NULL COMMENT '类型 #1：账号, 2：IP',
  `relevance_data` varchar(50) CHARACTER SET utf8mb4 COLLATE utf8mb4_bin NOT NULL COMMENT '关联数据  IP地址或账号ID',
  `duration` bigint NOT NULL COMMENT '拉黑时长/分钟  -1代表永久',
  `username` varchar(50) CHARACTER SET utf8mb4 COLLATE utf8mb4_bin DEFAULT NULL COMMENT '拉黑用户账号',
  `create_by` bigint NOT NULL COMMENT '创建者',
  `create_username` varchar(20) CHARACTER SET utf8mb4 COLLATE utf8mb4_bin NOT NULL COMMENT '创建者账号',
  `create_time` bigint NOT NULL COMMENT '创建时间',
  `update_by` bigint DEFAULT NULL COMMENT '更新者',
  `update_username` varchar(255) CHARACTER SET utf8mb4 COLLATE utf8mb4_bin DEFAULT NULL COMMENT '更新者账号',
  `update_time` bigint DEFAULT NULL COMMENT '更新时间',
  `is_del` int NOT NULL DEFAULT '0' COMMENT '逻辑删除状态 0：未删除 1：已删除',
  PRIMARY KEY (`id`) USING BTREE
) ENGINE=InnoDB DEFAULT CHARSET=utf8mb4 COLLATE=utf8mb4_bin COMMENT='黑名单';

-- ----------------------------
-- Records of blacklist
-- ----------------------------
BEGIN;
INSERT INTO `blacklist` (`id`, `type`, `relevance_data`, `duration`, `username`, `create_by`, `create_username`, `create_time`, `update_by`, `update_username`, `update_time`, `is_del`) VALUES (1686379487954006017, 2, '111.111.111.111', -1, NULL, 1685176293110329345, '', 1690899176008, NULL, NULL, NULL, 0);
COMMIT;

-- ----------------------------
-- Table structure for data_dict
-- ----------------------------
DROP TABLE IF EXISTS `data_dict`;
CREATE TABLE `data_dict` (
  `id` bigint NOT NULL COMMENT 'id',
  `domain_id` bigint NOT NULL COMMENT '字典域ID',
  `code` varchar(100) CHARACTER SET utf8mb4 COLLATE utf8mb4_bin NOT NULL COMMENT '字典键',
  `label` varchar(100) CHARACTER SET utf8mb4 COLLATE utf8mb4_bin NOT NULL COMMENT '字典标签',
  `status` int NOT NULL DEFAULT '1' COMMENT '字典状态 #1：正常, 2：禁用',
  `remarks` varchar(255) CHARACTER SET utf8mb4 COLLATE utf8mb4_bin DEFAULT NULL COMMENT '备注',
  `sort` int NOT NULL DEFAULT '0' COMMENT '排序',
  `create_by` bigint NOT NULL COMMENT '创建者',
  `create_username` varchar(20) CHARACTER SET utf8mb4 COLLATE utf8mb4_bin NOT NULL COMMENT '创建者账号',
  `create_time` bigint NOT NULL COMMENT '创建时间',
  `update_by` bigint DEFAULT NULL COMMENT '更新者',
  `update_username` varchar(255) CHARACTER SET utf8mb4 COLLATE utf8mb4_bin DEFAULT NULL COMMENT '更新者账号',
  `update_time` bigint DEFAULT NULL COMMENT '更新时间',
  `is_del` int NOT NULL DEFAULT '0' COMMENT '逻辑删除状态 0：未删除 1：已删除',
  PRIMARY KEY (`id`) USING BTREE
) ENGINE=InnoDB DEFAULT CHARSET=utf8mb4 COLLATE=utf8mb4_bin COMMENT='数据字典';

-- ----------------------------
-- Records of data_dict
-- ----------------------------
BEGIN;
INSERT INTO `data_dict` (`id`, `domain_id`, `code`, `label`, `status`, `remarks`, `sort`, `create_by`, `create_username`, `create_time`, `update_by`, `update_username`, `update_time`, `is_del`) VALUES (1686366704365469698, 1686366470663045122, '1', '正常', 1, '', 1, 1685176293110329345, '', 1690896128161, 1685177044733800449, 'yyqyyq', 1695354460721, 0);
INSERT INTO `data_dict` (`id`, `domain_id`, `code`, `label`, `status`, `remarks`, `sort`, `create_by`, `create_username`, `create_time`, `update_by`, `update_username`, `update_time`, `is_del`) VALUES (1686366730122690562, 1686366470663045122, '2', '禁用', 1, '', 2, 1685176293110329345, '', 1690896134301, 1685177044733800449, 'yyqyyq', 1695354455257, 0);
INSERT INTO `data_dict` (`id`, `domain_id`, `code`, `label`, `status`, `remarks`, `sort`, `create_by`, `create_username`, `create_time`, `update_by`, `update_username`, `update_time`, `is_del`) VALUES (1699683208263700481, 1699682864322383874, '0', '保密', 1, '', 1, 1685177044733800449, '', 1694071030102, NULL, NULL, NULL, 0);
INSERT INTO `data_dict` (`id`, `domain_id`, `code`, `label`, `status`, `remarks`, `sort`, `create_by`, `create_username`, `create_time`, `update_by`, `update_username`, `update_time`, `is_del`) VALUES (1699683260050771970, 1699682864322383874, '1', '男', 1, '', 2, 1685177044733800449, '', 1694071042441, NULL, NULL, NULL, 0);
INSERT INTO `data_dict` (`id`, `domain_id`, `code`, `label`, `status`, `remarks`, `sort`, `create_by`, `create_username`, `create_time`, `update_by`, `update_username`, `update_time`, `is_del`) VALUES (1699683297845645314, 1699682864322383874, '2', '女', 1, '', 3, 1685177044733800449, '', 1694071051460, NULL, NULL, NULL, 0);
INSERT INTO `data_dict` (`id`, `domain_id`, `code`, `label`, `status`, `remarks`, `sort`, `create_by`, `create_username`, `create_time`, `update_by`, `update_username`, `update_time`, `is_del`) VALUES (1704886181352755202, 1704885976335175681, '1', '目录', 1, '', 1, 1685177044733800449, 'yyq', 1695311515552, NULL, NULL, NULL, 0);
INSERT INTO `data_dict` (`id`, `domain_id`, `code`, `label`, `status`, `remarks`, `sort`, `create_by`, `create_username`, `create_time`, `update_by`, `update_username`, `update_time`, `is_del`) VALUES (1704886216039649282, 1704885976335175681, '2', '菜单', 1, '', 2, 1685177044733800449, 'yyq', 1695311523816, 1685177044733800449, 'yyqyyq', 1695368396152, 0);
INSERT INTO `data_dict` (`id`, `domain_id`, `code`, `label`, `status`, `remarks`, `sort`, `create_by`, `create_username`, `create_time`, `update_by`, `update_username`, `update_time`, `is_del`) VALUES (1704886251192111105, 1704885976335175681, '3', '接口', 1, '', 3, 1685177044733800449, 'yyq', 1695311532197, 1685176293110329345, 'heyzoe', 1696989147060, 0);
INSERT INTO `data_dict` (`id`, `domain_id`, `code`, `label`, `status`, `remarks`, `sort`, `create_by`, `create_username`, `create_time`, `update_by`, `update_username`, `update_time`, `is_del`) VALUES (1711921571293069314, 1711921292984221697, '2', '隐藏', 1, NULL, 1, 1685176293110329345, 'heyzoe', 1696756397000, NULL, NULL, NULL, 0);
INSERT INTO `data_dict` (`id`, `domain_id`, `code`, `label`, `status`, `remarks`, `sort`, `create_by`, `create_username`, `create_time`, `update_by`, `update_username`, `update_time`, `is_del`) VALUES (1711921571309846530, 1711921292984221697, '1', '显示', 1, NULL, 1, 1685176293110329345, 'heyzoe', 1696756392000, NULL, NULL, NULL, 0);
INSERT INTO `data_dict` (`id`, `domain_id`, `code`, `label`, `status`, `remarks`, `sort`, `create_by`, `create_username`, `create_time`, `update_by`, `update_username`, `update_time`, `is_del`) VALUES (1711922226233638914, 1711921292921307138, '0', '全部补偿', 1, NULL, 0, 1685176293110329345, 'heyzoe', 1696831943000, NULL, NULL, NULL, 0);
INSERT INTO `data_dict` (`id`, `domain_id`, `code`, `label`, `status`, `remarks`, `sort`, `create_by`, `create_username`, `create_time`, `update_by`, `update_username`, `update_time`, `is_del`) VALUES (1711922226258804737, 1711921292921307138, '1', '补偿1次', 1, NULL, 0, 1685176293110329345, 'heyzoe', 1696831943000, NULL, NULL, NULL, 0);
INSERT INTO `data_dict` (`id`, `domain_id`, `code`, `label`, `status`, `remarks`, `sort`, `create_by`, `create_username`, `create_time`, `update_by`, `update_username`, `update_time`, `is_del`) VALUES (1711922226267193345, 1711921292921307138, '2', '不补偿', 1, NULL, 0, 1685176293110329345, 'heyzoe', 1696831943000, NULL, NULL, NULL, 0);
INSERT INTO `data_dict` (`id`, `domain_id`, `code`, `label`, `status`, `remarks`, `sort`, `create_by`, `create_username`, `create_time`, `update_by`, `update_username`, `update_time`, `is_del`) VALUES (1711922295297048577, 1711921292971638786, 'SUCCESS', '成功', 1, NULL, 0, 1685176293110329345, 'heyzoe', 1696831943000, NULL, NULL, NULL, 0);
INSERT INTO `data_dict` (`id`, `domain_id`, `code`, `label`, `status`, `remarks`, `sort`, `create_by`, `create_username`, `create_time`, `update_by`, `update_username`, `update_time`, `is_del`) VALUES (1711922295330603010, 1711921292971638786, 'FAIL', '失败', 1, NULL, 0, 1685176293110329345, 'heyzoe', 1696831943000, NULL, NULL, NULL, 0);
INSERT INTO `data_dict` (`id`, `domain_id`, `code`, `label`, `status`, `remarks`, `sort`, `create_by`, `create_username`, `create_time`, `update_by`, `update_username`, `update_time`, `is_del`) VALUES (1711922370022768641, 1711921292988416002, 'String', 'String', 1, NULL, 0, 1685176293110329345, 'heyzoe', 1695614272000, NULL, NULL, NULL, 0);
INSERT INTO `data_dict` (`id`, `domain_id`, `code`, `label`, `status`, `remarks`, `sort`, `create_by`, `create_username`, `create_time`, `update_by`, `update_username`, `update_time`, `is_del`) VALUES (1711922370068905985, 1711921292988416002, 'Integer', 'Integer', 1, NULL, 1, 1685176293110329345, 'heyzoe', 1695614272000, NULL, NULL, NULL, 0);
INSERT INTO `data_dict` (`id`, `domain_id`, `code`, `label`, `status`, `remarks`, `sort`, `create_by`, `create_username`, `create_time`, `update_by`, `update_username`, `update_time`, `is_del`) VALUES (1711922370081488898, 1711921292988416002, 'Long', 'Long', 1, NULL, 1, 1685176293110329345, 'heyzoe', 1695614272000, NULL, NULL, NULL, 0);
INSERT INTO `data_dict` (`id`, `domain_id`, `code`, `label`, `status`, `remarks`, `sort`, `create_by`, `create_username`, `create_time`, `update_by`, `update_username`, `update_time`, `is_del`) VALUES (1711922370089877505, 1711921292988416002, 'Boolean', 'Boolean', 1, NULL, 2, 1685176293110329345, 'heyzoe', 1695614272000, NULL, NULL, NULL, 0);
INSERT INTO `data_dict` (`id`, `domain_id`, `code`, `label`, `status`, `remarks`, `sort`, `create_by`, `create_username`, `create_time`, `update_by`, `update_username`, `update_time`, `is_del`) VALUES (1711922370106654721, 1711921292988416002, 'Date', 'Date', 1, NULL, 3, 1685176293110329345, 'heyzoe', 1695614272000, NULL, NULL, NULL, 0);
INSERT INTO `data_dict` (`id`, `domain_id`, `code`, `label`, `status`, `remarks`, `sort`, `create_by`, `create_username`, `create_time`, `update_by`, `update_username`, `update_time`, `is_del`) VALUES (1711922370140209153, 1711921292988416002, 'Double', 'Double', 1, NULL, 4, 1685176293110329345, 'heyzoe', 1695614272000, NULL, NULL, NULL, 0);
INSERT INTO `data_dict` (`id`, `domain_id`, `code`, `label`, `status`, `remarks`, `sort`, `create_by`, `create_username`, `create_time`, `update_by`, `update_username`, `update_time`, `is_del`) VALUES (1711922370144403457, 1711921292988416002, 'BigDecimal', 'BigDecimal', 1, NULL, 5, 1685176293110329345, 'heyzoe', 1695614272000, NULL, NULL, NULL, 0);
INSERT INTO `data_dict` (`id`, `domain_id`, `code`, `label`, `status`, `remarks`, `sort`, `create_by`, `create_username`, `create_time`, `update_by`, `update_username`, `update_time`, `is_del`) VALUES (1711922370148597762, 1711921292988416002, 'Byte', 'Byte', 1, NULL, 6, 1685176293110329345, 'heyzoe', 1695614272000, NULL, NULL, NULL, 0);
INSERT INTO `data_dict` (`id`, `domain_id`, `code`, `label`, `status`, `remarks`, `sort`, `create_by`, `create_username`, `create_time`, `update_by`, `update_username`, `update_time`, `is_del`) VALUES (1711922370161180673, 1711921292988416002, 'Float', 'Float', 1, NULL, 7, 1685176293110329345, 'heyzoe', 1695614272000, NULL, NULL, NULL, 0);
INSERT INTO `data_dict` (`id`, `domain_id`, `code`, `label`, `status`, `remarks`, `sort`, `create_by`, `create_username`, `create_time`, `update_by`, `update_username`, `update_time`, `is_del`) VALUES (1711922370228289537, 1711921292988416002, 'Short', 'Short', 1, NULL, 8, 1685176293110329345, 'heyzoe', 1695614272000, NULL, NULL, NULL, 0);
INSERT INTO `data_dict` (`id`, `domain_id`, `code`, `label`, `status`, `remarks`, `sort`, `create_by`, `create_username`, `create_time`, `update_by`, `update_username`, `update_time`, `is_del`) VALUES (1711922370236678146, 1711921292988416002, 'Character', 'Character', 1, NULL, 9, 1685176293110329345, 'heyzoe', 1695614272000, NULL, NULL, NULL, 0);
INSERT INTO `data_dict` (`id`, `domain_id`, `code`, `label`, `status`, `remarks`, `sort`, `create_by`, `create_username`, `create_time`, `update_by`, `update_username`, `update_time`, `is_del`) VALUES (1711922510154465281, 1705866058583289876, 'input', '文本框', 1, NULL, 0, 1685176293110329345, 'heyzoe', 1695545136000, NULL, NULL, NULL, 0);
INSERT INTO `data_dict` (`id`, `domain_id`, `code`, `label`, `status`, `remarks`, `sort`, `create_by`, `create_username`, `create_time`, `update_by`, `update_username`, `update_time`, `is_del`) VALUES (1711922510175436801, 1705866058583289876, 'textarea', '文本域', 1, NULL, 1, 1685176293110329345, 'heyzoe', 1695545136000, NULL, NULL, NULL, 0);
INSERT INTO `data_dict` (`id`, `domain_id`, `code`, `label`, `status`, `remarks`, `sort`, `create_by`, `create_username`, `create_time`, `update_by`, `update_username`, `update_time`, `is_del`) VALUES (1711922510179631105, 1705866058583289876, 'select', '下拉框', 1, NULL, 2, 1685176293110329345, 'heyzoe', 1695545136000, NULL, NULL, NULL, 0);
INSERT INTO `data_dict` (`id`, `domain_id`, `code`, `label`, `status`, `remarks`, `sort`, `create_by`, `create_username`, `create_time`, `update_by`, `update_username`, `update_time`, `is_del`) VALUES (1711922510225768449, 1705866058583289876, 'radio', '单选框', 1, NULL, 3, 1685176293110329345, 'heyzoe', 1695545136000, NULL, NULL, NULL, 0);
INSERT INTO `data_dict` (`id`, `domain_id`, `code`, `label`, `status`, `remarks`, `sort`, `create_by`, `create_username`, `create_time`, `update_by`, `update_username`, `update_time`, `is_del`) VALUES (1711922510238351361, 1705866058583289876, 'checkbox', '多选框', 1, NULL, 4, 1685176293110329345, 'heyzoe', 1695545136000, NULL, NULL, NULL, 0);
INSERT INTO `data_dict` (`id`, `domain_id`, `code`, `label`, `status`, `remarks`, `sort`, `create_by`, `create_username`, `create_time`, `update_by`, `update_username`, `update_time`, `is_del`) VALUES (1711922510242545666, 1705866058583289876, 'timepicker', '时间选择器', 1, NULL, 5, 1685176293110329345, 'heyzoe', 1695545136000, NULL, NULL, NULL, 0);
INSERT INTO `data_dict` (`id`, `domain_id`, `code`, `label`, `status`, `remarks`, `sort`, `create_by`, `create_username`, `create_time`, `update_by`, `update_username`, `update_time`, `is_del`) VALUES (1711922510246739969, 1705866058583289876, 'datepicker', '日期选择器', 1, NULL, 6, 1685176293110329345, 'heyzoe', 1695692576000, NULL, NULL, NULL, 0);
INSERT INTO `data_dict` (`id`, `domain_id`, `code`, `label`, `status`, `remarks`, `sort`, `create_by`, `create_username`, `create_time`, `update_by`, `update_username`, `update_time`, `is_del`) VALUES (1711922510263517185, 1705866058583289876, 'datetimepicker', '日期时间选择器', 1, NULL, 7, 1685176293110329345, 'heyzoe', 1695692641000, NULL, NULL, NULL, 0);
INSERT INTO `data_dict` (`id`, `domain_id`, `code`, `label`, `status`, `remarks`, `sort`, `create_by`, `create_username`, `create_time`, `update_by`, `update_username`, `update_time`, `is_del`) VALUES (1711922510271905793, 1705866058583289876, 'inputnumber', '计数器', 1, NULL, 8, 1685176293110329345, 'heyzoe', 1695694124000, NULL, NULL, NULL, 0);
INSERT INTO `data_dict` (`id`, `domain_id`, `code`, `label`, `status`, `remarks`, `sort`, `create_by`, `create_username`, `create_time`, `update_by`, `update_username`, `update_time`, `is_del`) VALUES (1711922583319904258, 1711921292996804610, 'SUCCESS', '成功', 1, NULL, 0, 1685176293110329345, 'heyzoe', 1695479173000, NULL, NULL, NULL, 0);
INSERT INTO `data_dict` (`id`, `domain_id`, `code`, `label`, `status`, `remarks`, `sort`, `create_by`, `create_username`, `create_time`, `update_by`, `update_username`, `update_time`, `is_del`) VALUES (1711922583319904259, 1711921292996804610, 'FAIL', '失败', 1, NULL, 0, 1685176293110329345, 'heyzoe', 1695479173000, NULL, NULL, NULL, 0);
INSERT INTO `data_dict` (`id`, `domain_id`, `code`, `label`, `status`, `remarks`, `sort`, `create_by`, `create_username`, `create_time`, `update_by`, `update_username`, `update_time`, `is_del`) VALUES (1711949529554640908, 1711949529554640907, 'SUCCESS', '成功', 1, NULL, 0, 1685176293110329345, 'heyzoe', 1696995548987, NULL, NULL, NULL, 0);
INSERT INTO `data_dict` (`id`, `domain_id`, `code`, `label`, `status`, `remarks`, `sort`, `create_by`, `create_username`, `create_time`, `update_by`, `update_username`, `update_time`, `is_del`) VALUES (1711949529554640909, 1711949529554640907, 'FAIL', '失败', 1, NULL, 0, 1685176293110329345, 'heyzoe', 1696995548987, NULL, NULL, NULL, 0);
INSERT INTO `data_dict` (`id`, `domain_id`, `code`, `label`, `status`, `remarks`, `sort`, `create_by`, `create_username`, `create_time`, `update_by`, `update_username`, `update_time`, `is_del`) VALUES (1711993596546318338, 1711993355436752897, '未知', '未知', 1, NULL, 0, 1685176293110329345, 'heyzoe', 1697006055381, NULL, NULL, NULL, 0);
INSERT INTO `data_dict` (`id`, `domain_id`, `code`, `label`, `status`, `remarks`, `sort`, `create_by`, `create_username`, `create_time`, `update_by`, `update_username`, `update_time`, `is_del`) VALUES (1711993638061539330, 1711993355436752897, '登录', '登录', 1, NULL, 0, 1685176293110329345, 'heyzoe', 1697006065280, NULL, NULL, NULL, 0);
INSERT INTO `data_dict` (`id`, `domain_id`, `code`, `label`, `status`, `remarks`, `sort`, `create_by`, `create_username`, `create_time`, `update_by`, `update_username`, `update_time`, `is_del`) VALUES (1711993664502431745, 1711993355436752897, '登出', '登出', 1, NULL, 0, 1685176293110329345, 'heyzoe', 1697006071583, NULL, NULL, NULL, 0);
INSERT INTO `data_dict` (`id`, `domain_id`, `code`, `label`, `status`, `remarks`, `sort`, `create_by`, `create_username`, `create_time`, `update_by`, `update_username`, `update_time`, `is_del`) VALUES (1711993737172942850, 1711993355436752897, '生成代码', '生成代码', 1, NULL, 0, 1685176293110329345, 'heyzoe', 1697006088924, NULL, NULL, NULL, 0);
INSERT INTO `data_dict` (`id`, `domain_id`, `code`, `label`, `status`, `remarks`, `sort`, `create_by`, `create_username`, `create_time`, `update_by`, `update_username`, `update_time`, `is_del`) VALUES (1711993767296434178, 1711993355436752897, '清空数据', '清空数据', 1, NULL, 0, 1685176293110329345, 'heyzoe', 1697006096090, NULL, NULL, NULL, 0);
INSERT INTO `data_dict` (`id`, `domain_id`, `code`, `label`, `status`, `remarks`, `sort`, `create_by`, `create_username`, `create_time`, `update_by`, `update_username`, `update_time`, `is_del`) VALUES (1711993799965868033, 1711993355436752897, '执行定时任务', '执行定时任务', 1, NULL, 0, 1685176293110329345, 'heyzoe', 1697006103881, NULL, NULL, NULL, 0);
INSERT INTO `data_dict` (`id`, `domain_id`, `code`, `label`, `status`, `remarks`, `sort`, `create_by`, `create_username`, `create_time`, `update_by`, `update_username`, `update_time`, `is_del`) VALUES (1711993842965872642, 1711993355436752897, '恢复/暂停定时任务', '恢复/暂停定时任务', 1, NULL, 0, 1685176293110329345, 'heyzoe', 1697006114131, NULL, NULL, NULL, 0);
INSERT INTO `data_dict` (`id`, `domain_id`, `code`, `label`, `status`, `remarks`, `sort`, `create_by`, `create_username`, `create_time`, `update_by`, `update_username`, `update_time`, `is_del`) VALUES (1711993897919643649, 1711993355436752897, '导入', '导入', 1, NULL, 0, 1685176293110329345, 'heyzoe', 1697006127233, NULL, NULL, NULL, 0);
INSERT INTO `data_dict` (`id`, `domain_id`, `code`, `label`, `status`, `remarks`, `sort`, `create_by`, `create_username`, `create_time`, `update_by`, `update_username`, `update_time`, `is_del`) VALUES (1711993935420915713, 1711993355436752897, '导出', '导出', 1, NULL, 0, 1685176293110329345, 'heyzoe', 1697006136174, NULL, NULL, NULL, 0);
INSERT INTO `data_dict` (`id`, `domain_id`, `code`, `label`, `status`, `remarks`, `sort`, `create_by`, `create_username`, `create_time`, `update_by`, `update_username`, `update_time`, `is_del`) VALUES (1711993962176380929, 1711993355436752897, '下载', '下载', 1, NULL, 0, 1685176293110329345, 'heyzoe', 1697006142551, NULL, NULL, NULL, 0);
INSERT INTO `data_dict` (`id`, `domain_id`, `code`, `label`, `status`, `remarks`, `sort`, `create_by`, `create_username`, `create_time`, `update_by`, `update_username`, `update_time`, `is_del`) VALUES (1711993990022365186, 1711993355436752897, '上传', '上传', 1, NULL, 0, 1685176293110329345, 'heyzoe', 1697006149191, NULL, NULL, NULL, 0);
INSERT INTO `data_dict` (`id`, `domain_id`, `code`, `label`, `status`, `remarks`, `sort`, `create_by`, `create_username`, `create_time`, `update_by`, `update_username`, `update_time`, `is_del`) VALUES (1711994019546071041, 1711993355436752897, '删除', '删除', 1, NULL, 0, 1685176293110329345, 'heyzoe', 1697006156230, NULL, NULL, NULL, 0);
INSERT INTO `data_dict` (`id`, `domain_id`, `code`, `label`, `status`, `remarks`, `sort`, `create_by`, `create_username`, `create_time`, `update_by`, `update_username`, `update_time`, `is_del`) VALUES (1711994046431559682, 1711993355436752897, '编辑', '编辑', 1, NULL, 0, 1685176293110329345, 'heyzoe', 1697006162639, 1685176293110329345, 'heyzoe', 1697089101500, 0);
INSERT INTO `data_dict` (`id`, `domain_id`, `code`, `label`, `status`, `remarks`, `sort`, `create_by`, `create_username`, `create_time`, `update_by`, `update_username`, `update_time`, `is_del`) VALUES (1711994075615526913, 1711993355436752897, '创建', '创建', 1, NULL, 0, 1685176293110329345, 'heyzoe', 1697006169598, NULL, NULL, NULL, 0);
INSERT INTO `data_dict` (`id`, `domain_id`, `code`, `label`, `status`, `remarks`, `sort`, `create_by`, `create_username`, `create_time`, `update_by`, `update_username`, `update_time`, `is_del`) VALUES (1711994104828854274, 1711993355436752897, '查询', '查询', 1, NULL, 0, 1685176293110329345, 'heyzoe', 1697006176563, NULL, NULL, NULL, 0);
INSERT INTO `data_dict` (`id`, `domain_id`, `code`, `label`, `status`, `remarks`, `sort`, `create_by`, `create_username`, `create_time`, `update_by`, `update_username`, `update_time`, `is_del`) VALUES (1712349114548809729, 1712349004196671490, '1', '≥', 1, NULL, 1, 1685176293110329345, 'heyzoe', 1697090817482, 1685176293110329345, 'heyzoe', 1697091335563, 0);
INSERT INTO `data_dict` (`id`, `domain_id`, `code`, `label`, `status`, `remarks`, `sort`, `create_by`, `create_username`, `create_time`, `update_by`, `update_username`, `update_time`, `is_del`) VALUES (1712349146782035970, 1712349004196671490, '2', '≤', 1, NULL, 2, 1685176293110329345, 'heyzoe', 1697090825161, 1685176293110329345, 'heyzoe', 1697091328163, 0);
INSERT INTO `data_dict` (`id`, `domain_id`, `code`, `label`, `status`, `remarks`, `sort`, `create_by`, `create_username`, `create_time`, `update_by`, `update_username`, `update_time`, `is_del`) VALUES (1712349202343981058, 1712349004196671490, '3', '＞', 1, NULL, 3, 1685176293110329345, 'heyzoe', 1697090838409, NULL, NULL, NULL, 0);
INSERT INTO `data_dict` (`id`, `domain_id`, `code`, `label`, `status`, `remarks`, `sort`, `create_by`, `create_username`, `create_time`, `update_by`, `update_username`, `update_time`, `is_del`) VALUES (1712349296531271681, 1712349004196671490, '4', '＜', 1, NULL, 4, 1685176293110329345, 'heyzoe', 1697090860868, NULL, NULL, NULL, 0);
INSERT INTO `data_dict` (`id`, `domain_id`, `code`, `label`, `status`, `remarks`, `sort`, `create_by`, `create_username`, `create_time`, `update_by`, `update_username`, `update_time`, `is_del`) VALUES (1712349333076242434, 1712349004196671490, '5', '=', 1, NULL, 5, 1685176293110329345, 'heyzoe', 1697090869579, NULL, NULL, NULL, 0);
INSERT INTO `data_dict` (`id`, `domain_id`, `code`, `label`, `status`, `remarks`, `sort`, `create_by`, `create_username`, `create_time`, `update_by`, `update_username`, `update_time`, `is_del`) VALUES (1712355056225021954, 1712349004196671490, '6', '≠', 1, NULL, 6, 1685176293110329345, 'heyzoe', 1697092234083, NULL, NULL, NULL, 0);
INSERT INTO `data_dict` (`id`, `domain_id`, `code`, `label`, `status`, `remarks`, `sort`, `create_by`, `create_username`, `create_time`, `update_by`, `update_username`, `update_time`, `is_del`) VALUES (1713826885879881730, 1713826885871493132, '0', '全部补偿', 1, NULL, 0, 1685176293110329345, 'heyzoe', 1697443145613, 1685176293110329345, 'heyzoe', 1697450402148, 0);
INSERT INTO `data_dict` (`id`, `domain_id`, `code`, `label`, `status`, `remarks`, `sort`, `create_by`, `create_username`, `create_time`, `update_by`, `update_username`, `update_time`, `is_del`) VALUES (1713826885879881731, 1713826885871493132, '1', '补偿1次', 1, NULL, 0, 1685176293110329345, 'heyzoe', 1697443145613, 1685176293110329345, 'heyzoe', 1697450397117, 0);
INSERT INTO `data_dict` (`id`, `domain_id`, `code`, `label`, `status`, `remarks`, `sort`, `create_by`, `create_username`, `create_time`, `update_by`, `update_username`, `update_time`, `is_del`) VALUES (1713826885879881732, 1713826885871493132, '2', '不补偿', 1, NULL, 0, 1685176293110329345, 'heyzoe', 1697443145613, 1685176293110329345, 'heyzoe', 1697450392399, 0);
INSERT INTO `data_dict` (`id`, `domain_id`, `code`, `label`, `status`, `remarks`, `sort`, `create_by`, `create_username`, `create_time`, `update_by`, `update_username`, `update_time`, `is_del`) VALUES (1713826885879881734, 1713826885879881733, '1', '正常', 1, NULL, 0, 1685176293110329345, 'heyzoe', 1697443145613, NULL, NULL, NULL, 0);
INSERT INTO `data_dict` (`id`, `domain_id`, `code`, `label`, `status`, `remarks`, `sort`, `create_by`, `create_username`, `create_time`, `update_by`, `update_username`, `update_time`, `is_del`) VALUES (1713826885879881735, 1713826885879881733, '2', '暂停', 1, NULL, 0, 1685176293110329345, 'heyzoe', 1697443145613, NULL, NULL, NULL, 0);
INSERT INTO `data_dict` (`id`, `domain_id`, `code`, `label`, `status`, `remarks`, `sort`, `create_by`, `create_username`, `create_time`, `update_by`, `update_username`, `update_time`, `is_del`) VALUES (1714097101453058049, 1714097023401254913, '1', '小时', 1, NULL, 0, 1685176293110329345, 'heyzoe', 1697507570030, NULL, NULL, NULL, 0);
INSERT INTO `data_dict` (`id`, `domain_id`, `code`, `label`, `status`, `remarks`, `sort`, `create_by`, `create_username`, `create_time`, `update_by`, `update_username`, `update_time`, `is_del`) VALUES (1714097130360201218, 1714097023401254913, '2', '分钟', 1, NULL, 1, 1685176293110329345, 'heyzoe', 1697507576921, NULL, NULL, NULL, 0);
INSERT INTO `data_dict` (`id`, `domain_id`, `code`, `label`, `status`, `remarks`, `sort`, `create_by`, `create_username`, `create_time`, `update_by`, `update_username`, `update_time`, `is_del`) VALUES (1714097178162683905, 1714097023401254913, '3', '秒', 1, NULL, 2, 1685176293110329345, 'heyzoe', 1697507588319, NULL, NULL, NULL, 0);
INSERT INTO `data_dict` (`id`, `domain_id`, `code`, `label`, `status`, `remarks`, `sort`, `create_by`, `create_username`, `create_time`, `update_by`, `update_username`, `update_time`, `is_del`) VALUES (1714097216288907265, 1714097023401254913, '4', '毫秒', 1, NULL, 3, 1685176293110329345, 'heyzoe', 1697507597409, 1685176293110329345, 'heyzoe', 1697507623120, 0);
COMMIT;

-- ----------------------------
-- Table structure for data_dict_domain
-- ----------------------------
DROP TABLE IF EXISTS `data_dict_domain`;
CREATE TABLE `data_dict_domain` (
  `id` bigint NOT NULL COMMENT 'id',
  `code` varchar(100) CHARACTER SET utf8mb4 COLLATE utf8mb4_bin NOT NULL COMMENT '字典域编码',
  `name` varchar(100) CHARACTER SET utf8mb4 COLLATE utf8mb4_bin NOT NULL COMMENT '字典域名称',
  `status` int NOT NULL DEFAULT '1' COMMENT '字典域状态 #1：正常, 2：禁用',
  `remarks` varchar(255) CHARACTER SET utf8mb4 COLLATE utf8mb4_bin DEFAULT NULL COMMENT '备注',
  `sort` int NOT NULL DEFAULT '0' COMMENT '排序',
  `create_by` bigint NOT NULL COMMENT '创建者',
  `create_username` varchar(20) CHARACTER SET utf8mb4 COLLATE utf8mb4_bin NOT NULL COMMENT '创建者账号',
  `create_time` bigint NOT NULL COMMENT '创建时间',
  `update_by` bigint DEFAULT NULL COMMENT '更新者',
  `update_username` varchar(255) CHARACTER SET utf8mb4 COLLATE utf8mb4_bin DEFAULT NULL COMMENT '更新者账号',
  `update_time` bigint DEFAULT NULL COMMENT '更新时间',
  `is_del` int NOT NULL DEFAULT '0' COMMENT '逻辑删除状态 0：未删除 1：已删除',
  PRIMARY KEY (`id`) USING BTREE
) ENGINE=InnoDB DEFAULT CHARSET=utf8mb4 COLLATE=utf8mb4_bin COMMENT='数据字典域';

-- ----------------------------
-- Records of data_dict_domain
-- ----------------------------
BEGIN;
INSERT INTO `data_dict_domain` (`id`, `code`, `name`, `status`, `remarks`, `sort`, `create_by`, `create_username`, `create_time`, `update_by`, `update_username`, `update_time`, `is_del`) VALUES (1686366470663045122, 'dict_status', '操作状态', 1, '', 0, 1685176293110329345, '', 1690896072442, 1685177044733800449, 'yyqyyq', 1696836317226, 0);
INSERT INTO `data_dict_domain` (`id`, `code`, `name`, `status`, `remarks`, `sort`, `create_by`, `create_username`, `create_time`, `update_by`, `update_username`, `update_time`, `is_del`) VALUES (1699682864322383874, 'dict_sex', '用户性别', 1, '', 1, 1685177044733800449, '', 1694070948103, 1685177044733800449, NULL, 1694397967981, 0);
INSERT INTO `data_dict_domain` (`id`, `code`, `name`, `status`, `remarks`, `sort`, `create_by`, `create_username`, `create_time`, `update_by`, `update_username`, `update_time`, `is_del`) VALUES (1704885976335175681, 'menu_type', '菜单类型', 1, '', 2, 1685177044733800449, 'yyq', 1695311466673, NULL, NULL, NULL, 0);
INSERT INTO `data_dict_domain` (`id`, `code`, `name`, `status`, `remarks`, `sort`, `create_by`, `create_username`, `create_time`, `update_by`, `update_username`, `update_time`, `is_del`) VALUES (1705119495099547650, '22', '333', 1, NULL, 1, 1685177044733800449, 'yyqyyq', 1695367141885, 1685177044733800449, 'yyqyyq', 1695367341558, 1);
INSERT INTO `data_dict_domain` (`id`, `code`, `name`, `status`, `remarks`, `sort`, `create_by`, `create_username`, `create_time`, `update_by`, `update_username`, `update_time`, `is_del`) VALUES (1705122114752774145, '22', '33', 1, NULL, 1, 1685177044733800449, 'yyqyyq', 1695367766469, 1685177044733800449, 'yyqyyq', 1695367770015, 1);
INSERT INTO `data_dict_domain` (`id`, `code`, `name`, `status`, `remarks`, `sort`, `create_by`, `create_username`, `create_time`, `update_by`, `update_username`, `update_time`, `is_del`) VALUES (1705866058583289876, 'generate_column_opt_element', '操作组件 ', 1, '操作组件 #input：文本框，textarea：文本域，select：下拉框，radio：单选框，checkbox：复选框，datetime：日期控件	', 0, 1685176293110329345, 'heyzoe', 1695545136482, NULL, NULL, NULL, 0);
INSERT INTO `data_dict_domain` (`id`, `code`, `name`, `status`, `remarks`, `sort`, `create_by`, `create_username`, `create_time`, `update_by`, `update_username`, `update_time`, `is_del`) VALUES (1711921292921307138, 'task_log_instruction', '超时策略', 1, '超时策略  #0：全部补偿， 1：补偿1次 ，2：不补偿', 0, 1685176293110329345, 'heyzoe', 1696831943000, NULL, NULL, NULL, 0);
INSERT INTO `data_dict_domain` (`id`, `code`, `name`, `status`, `remarks`, `sort`, `create_by`, `create_username`, `create_time`, `update_by`, `update_username`, `update_time`, `is_del`) VALUES (1711921292971638786, 'task_log_status', '执行状态', 1, '执行状态 #SUCCESS：成功，FAIL：失败', 0, 1685176293110329345, 'heyzoe', 1696831943000, NULL, NULL, NULL, 0);
INSERT INTO `data_dict_domain` (`id`, `code`, `name`, `status`, `remarks`, `sort`, `create_by`, `create_username`, `create_time`, `update_by`, `update_username`, `update_time`, `is_del`) VALUES (1711921292984221697, 'menu_show_status', '菜单显示状态', 1, NULL, 0, 1685176293110329345, 'heyzoe', 1696755635000, NULL, NULL, NULL, 0);
INSERT INTO `data_dict_domain` (`id`, `code`, `name`, `status`, `remarks`, `sort`, `create_by`, `create_username`, `create_time`, `update_by`, `update_username`, `update_time`, `is_del`) VALUES (1711921292988416002, 'generate_column_java_type', 'Java类型', 1, 'Java类型 #String：String，Integer：Integer，Long：Long，Short：Short，Double：Double，Byte：Byte，Boolean：Boolean，Float：Float，Character：Character，Date：Date，BigDecimal：BigDecimal', 0, 1685176293110329345, 'heyzoe', 1695614272000, NULL, NULL, NULL, 0);
INSERT INTO `data_dict_domain` (`id`, `code`, `name`, `status`, `remarks`, `sort`, `create_by`, `create_username`, `create_time`, `update_by`, `update_username`, `update_time`, `is_del`) VALUES (1711921292996804610, 'login_log_status', '登录状态', 1, '登录状态 #SUCCESS：成功, FAIL：失败', 0, 1685176293110329345, 'heyzoe', 1695479173000, NULL, NULL, NULL, 0);
INSERT INTO `data_dict_domain` (`id`, `code`, `name`, `status`, `remarks`, `sort`, `create_by`, `create_username`, `create_time`, `update_by`, `update_username`, `update_time`, `is_del`) VALUES (1711949529554640907, 'operation_log_operate_status', '操作状态', 1, '操作状态 #SUCCESS：成功，FAIL：失败', 0, 1685176293110329345, 'heyzoe', 1696995548987, NULL, NULL, NULL, 0);
INSERT INTO `data_dict_domain` (`id`, `code`, `name`, `status`, `remarks`, `sort`, `create_by`, `create_username`, `create_time`, `update_by`, `update_username`, `update_time`, `is_del`) VALUES (1711993355436752897, 'operation_log_operate_type', '操作类别', 1, NULL, 0, 1685176293110329345, 'heyzoe', 1697005997894, NULL, NULL, NULL, 0);
INSERT INTO `data_dict_domain` (`id`, `code`, `name`, `status`, `remarks`, `sort`, `create_by`, `create_username`, `create_time`, `update_by`, `update_username`, `update_time`, `is_del`) VALUES (1712349004196671490, 'dict_operator', '判断操作符', 1, '1：≥ 2：≤ 3：＞ 4：＜ 5：=', 0, 1685176293110329345, 'heyzoe', 1697090791171, NULL, NULL, NULL, 0);
INSERT INTO `data_dict_domain` (`id`, `code`, `name`, `status`, `remarks`, `sort`, `create_by`, `create_username`, `create_time`, `update_by`, `update_username`, `update_time`, `is_del`) VALUES (1713826885871493132, 'scheduled_task_instruction', '超时策略', 1, '超时策略  #0：全部补偿， 1：补偿1次， 2：不补偿', 0, 1685176293110329345, 'heyzoe', 1697443145613, 1685176293110329345, 'heyzoe', 1697450380867, 0);
INSERT INTO `data_dict_domain` (`id`, `code`, `name`, `status`, `remarks`, `sort`, `create_by`, `create_username`, `create_time`, `update_by`, `update_username`, `update_time`, `is_del`) VALUES (1713826885879881733, 'scheduled_task_job_status', '任务状态', 1, '任务状态  #1：正常 ，2：暂停', 0, 1685176293110329345, 'heyzoe', 1697443145613, NULL, NULL, NULL, 0);
INSERT INTO `data_dict_domain` (`id`, `code`, `name`, `status`, `remarks`, `sort`, `create_by`, `create_username`, `create_time`, `update_by`, `update_username`, `update_time`, `is_del`) VALUES (1714097023401254913, 'dict_unit', '时间单位', 1, '时间单位 1：小时 2：分钟 3：秒 4：毫秒', 0, 1685176293110329345, 'heyzoe', 1697507551420, NULL, NULL, NULL, 0);
COMMIT;

-- ----------------------------
-- Table structure for department
-- ----------------------------
DROP TABLE IF EXISTS `department`;
CREATE TABLE `department` (
  `id` bigint NOT NULL COMMENT 'id',
  `parent_id` bigint NOT NULL COMMENT '父级部门ID，为0则代表最上级部门',
  `name` varchar(50) CHARACTER SET utf8mb4 COLLATE utf8mb4_bin NOT NULL COMMENT '部门名称',
  `status` int NOT NULL DEFAULT '1' COMMENT '部门状态 #1：正常, 2：禁用',
  `sort` int NOT NULL DEFAULT '0' COMMENT '排序',
  `remarks` varchar(255) CHARACTER SET utf8mb4 COLLATE utf8mb4_bin DEFAULT NULL COMMENT '部门备注',
  `create_by` bigint NOT NULL COMMENT '创建者',
  `create_username` varchar(20) CHARACTER SET utf8mb4 COLLATE utf8mb4_bin NOT NULL COMMENT '创建者账号',
  `create_time` bigint NOT NULL COMMENT '创建时间',
  `update_by` bigint DEFAULT NULL COMMENT '更新者',
  `update_username` varchar(255) CHARACTER SET utf8mb4 COLLATE utf8mb4_bin DEFAULT NULL COMMENT '更新者账号',
  `update_time` bigint DEFAULT NULL COMMENT '更新时间',
  `is_del` int NOT NULL DEFAULT '0' COMMENT '逻辑删除状态 0：未删除 1：已删除',
  PRIMARY KEY (`id`) USING BTREE
) ENGINE=InnoDB DEFAULT CHARSET=utf8mb4 COLLATE=utf8mb4_bin COMMENT='部门';

-- ----------------------------
-- Records of department
-- ----------------------------
BEGIN;
INSERT INTO `department` (`id`, `parent_id`, `name`, `status`, `sort`, `remarks`, `create_by`, `create_username`, `create_time`, `update_by`, `update_username`, `update_time`, `is_del`) VALUES (1685309063820279810, 0, 'Fast-Start', 1, 0, '', 1685176293110329345, '', 1690643967007, NULL, NULL, NULL, 0);
INSERT INTO `department` (`id`, `parent_id`, `name`, `status`, `sort`, `remarks`, `create_by`, `create_username`, `create_time`, `update_by`, `update_username`, `update_time`, `is_del`) VALUES (1685320673934770177, 1685309063820279810, '开发部', 1, 0, '', 1685176293110329345, '', 1690646735075, NULL, NULL, NULL, 0);
INSERT INTO `department` (`id`, `parent_id`, `name`, `status`, `sort`, `remarks`, `create_by`, `create_username`, `create_time`, `update_by`, `update_username`, `update_time`, `is_del`) VALUES (1685320701105471489, 1685309063820279810, '测试部', 1, 0, '', 1685176293110329345, '', 1690646741553, NULL, NULL, NULL, 0);
INSERT INTO `department` (`id`, `parent_id`, `name`, `status`, `sort`, `remarks`, `create_by`, `create_username`, `create_time`, `update_by`, `update_username`, `update_time`, `is_del`) VALUES (1685320722555142146, 1685309063820279810, '运营部', 1, 2, '', 1685176293110329345, '', 1690646746667, 1685176293110329345, NULL, 1690696771496, 0);
INSERT INTO `department` (`id`, `parent_id`, `name`, `status`, `sort`, `remarks`, `create_by`, `create_username`, `create_time`, `update_by`, `update_username`, `update_time`, `is_del`) VALUES (1685320748241059841, 1685309063820279810, '人事部', 1, 10, '', 1685176293110329345, '', 1690646752804, 1685177044733800449, 'yyqyyq', 1697031412885, 0);
INSERT INTO `department` (`id`, `parent_id`, `name`, `status`, `sort`, `remarks`, `create_by`, `create_username`, `create_time`, `update_by`, `update_username`, `update_time`, `is_del`) VALUES (1685321171865763841, 1685320673934770177, '物联网开发小组', 1, 4, '', 1685176293110329345, '', 1690646853789, 1685177044733800449, 'yyqyyq', 1696838354763, 0);
INSERT INTO `department` (`id`, `parent_id`, `name`, `status`, `sort`, `remarks`, `create_by`, `create_username`, `create_time`, `update_by`, `update_username`, `update_time`, `is_del`) VALUES (1685321196238864385, 1685320673934770177, '车联网开发小组', 1, 3, '', 1685176293110329345, '', 1690646859603, 1685177044733800449, 'yyqyyq', 1696836921906, 0);
INSERT INTO `department` (`id`, `parent_id`, `name`, `status`, `sort`, `remarks`, `create_by`, `create_username`, `create_time`, `update_by`, `update_username`, `update_time`, `is_del`) VALUES (1685321221232721921, 1685320673934770177, '电商开发小组', 1, 2, '', 1685176293110329345, '', 1690646865560, 1685177044733800449, 'yyqyyq', 1696836877064, 0);
INSERT INTO `department` (`id`, `parent_id`, `name`, `status`, `sort`, `remarks`, `create_by`, `create_username`, `create_time`, `update_by`, `update_username`, `update_time`, `is_del`) VALUES (1685321256922054658, 1685320673934770177, 'OA开发小组', 1, 1, '', 1685176293110329345, '', 1690646874069, 1685177044733800449, 'yyqyyq', 1696838620798, 0);
INSERT INTO `department` (`id`, `parent_id`, `name`, `status`, `sort`, `remarks`, `create_by`, `create_username`, `create_time`, `update_by`, `update_username`, `update_time`, `is_del`) VALUES (1685321369266487297, 1685320722555142146, '游戏运营小组', 1, 0, '', 1685176293110329345, '', 1690646900872, NULL, NULL, NULL, 0);
INSERT INTO `department` (`id`, `parent_id`, `name`, `status`, `sort`, `remarks`, `create_by`, `create_username`, `create_time`, `update_by`, `update_username`, `update_time`, `is_del`) VALUES (1685321407875055618, 1685320722555142146, 'OA运营小组', 1, 0, '', 1685176293110329345, '', 1690646910059, NULL, NULL, NULL, 0);
INSERT INTO `department` (`id`, `parent_id`, `name`, `status`, `sort`, `remarks`, `create_by`, `create_username`, `create_time`, `update_by`, `update_username`, `update_time`, `is_del`) VALUES (1685321429660270593, 1685320722555142146, '物联网运营小组', 1, 0, '', 1685176293110329345, '', 1690646915259, NULL, NULL, NULL, 0);
INSERT INTO `department` (`id`, `parent_id`, `name`, `status`, `sort`, `remarks`, `create_by`, `create_username`, `create_time`, `update_by`, `update_username`, `update_time`, `is_del`) VALUES (1685321618924044289, 1685320701105471489, '物联网测试小组', 1, 1, '', 1685176293110329345, '', 1690646960372, 1685177044733800449, 'yyqyyq', 1696908660003, 0);
INSERT INTO `department` (`id`, `parent_id`, `name`, `status`, `sort`, `remarks`, `create_by`, `create_username`, `create_time`, `update_by`, `update_username`, `update_time`, `is_del`) VALUES (1685329530132127745, 1685321221232721921, 'APP1组', 1, 0, '', 1685176293110329345, '', 1690648846555, NULL, NULL, NULL, 0);
INSERT INTO `department` (`id`, `parent_id`, `name`, `status`, `sort`, `remarks`, `create_by`, `create_username`, `create_time`, `update_by`, `update_username`, `update_time`, `is_del`) VALUES (1685329543436460033, 1685321221232721921, 'APP2组', 1, 0, '', 1685176293110329345, '', 1690648849726, 1685176293110329345, NULL, 1690649363435, 1);
INSERT INTO `department` (`id`, `parent_id`, `name`, `status`, `sort`, `remarks`, `create_by`, `create_username`, `create_time`, `update_by`, `update_username`, `update_time`, `is_del`) VALUES (1685329571768983553, 1685321221232721921, '后台1组', 1, 0, '', 1685176293110329345, '', 1690648856480, NULL, NULL, NULL, 0);
INSERT INTO `department` (`id`, `parent_id`, `name`, `status`, `sort`, `remarks`, `create_by`, `create_username`, `create_time`, `update_by`, `update_username`, `update_time`, `is_del`) VALUES (1711287986307473409, 1685320673934770177, '333', 1, 5, NULL, 1685177044733800449, 'yyqyyq', 1696837824790, 1685177044733800449, 'yyqyyq', 1696837828403, 1);
INSERT INTO `department` (`id`, `parent_id`, `name`, `status`, `sort`, `remarks`, `create_by`, `create_username`, `create_time`, `update_by`, `update_username`, `update_time`, `is_del`) VALUES (1711289505979310082, 1685321256922054658, '333', 1, 1, NULL, 1685177044733800449, 'yyqyyq', 1696838187105, 1685177044733800449, 'yyqyyq', 1696838190819, 1);
INSERT INTO `department` (`id`, `parent_id`, `name`, `status`, `sort`, `remarks`, `create_by`, `create_username`, `create_time`, `update_by`, `update_username`, `update_time`, `is_del`) VALUES (1711292715620114433, 1685320673934770177, '333', 1, 5, NULL, 1685177044733800449, 'yyqyyq', 1696838952343, 1685177044733800449, 'yyqyyq', 1696843617629, 1);
INSERT INTO `department` (`id`, `parent_id`, `name`, `status`, `sort`, `remarks`, `create_by`, `create_username`, `create_time`, `update_by`, `update_username`, `update_time`, `is_del`) VALUES (1711297148462571522, 1685329571768983553, '44', 1, 1, NULL, 1685177044733800449, 'yyqyyq', 1696840009216, 1685177044733800449, 'yyqyyq', 1696840071032, 1);
INSERT INTO `department` (`id`, `parent_id`, `name`, `status`, `sort`, `remarks`, `create_by`, `create_username`, `create_time`, `update_by`, `update_username`, `update_time`, `is_del`) VALUES (1711297243199315970, 1711297148462571522, 'dd', 1, 1, NULL, 1685177044733800449, 'yyqyyq', 1696840031805, 1685177044733800449, 'yyqyyq', 1696840059805, 1);
INSERT INTO `department` (`id`, `parent_id`, `name`, `status`, `sort`, `remarks`, `create_by`, `create_username`, `create_time`, `update_by`, `update_username`, `update_time`, `is_del`) VALUES (1711309935763005441, 1685320748241059841, '111', 1, 1, NULL, 1685177044733800449, 'yyqyyq', 1696843057945, 1685177044733800449, 'yyqyyq', 1696843080310, 1);
INSERT INTO `department` (`id`, `parent_id`, `name`, `status`, `sort`, `remarks`, `create_by`, `create_username`, `create_time`, `update_by`, `update_username`, `update_time`, `is_del`) VALUES (1711310182853648385, 1685320748241059841, '11', 1, 1, NULL, 1685177044733800449, 'yyqyyq', 1696843116857, 1685177044733800449, 'yyqyyq', 1696843184810, 1);
INSERT INTO `department` (`id`, `parent_id`, `name`, `status`, `sort`, `remarks`, `create_by`, `create_username`, `create_time`, `update_by`, `update_username`, `update_time`, `is_del`) VALUES (1711310609661829122, 1685320748241059841, '111', 1, 1, NULL, 1685177044733800449, 'yyqyyq', 1696843218615, 1685177044733800449, 'yyqyyq', 1696843290297, 1);
INSERT INTO `department` (`id`, `parent_id`, `name`, `status`, `sort`, `remarks`, `create_by`, `create_username`, `create_time`, `update_by`, `update_username`, `update_time`, `is_del`) VALUES (1711311187959881729, 1685320748241059841, '11', 1, 1, NULL, 1685177044733800449, 'yyqyyq', 1696843356492, 1685177044733800449, 'yyqyyq', 1696843371352, 1);
INSERT INTO `department` (`id`, `parent_id`, `name`, `status`, `sort`, `remarks`, `create_by`, `create_username`, `create_time`, `update_by`, `update_username`, `update_time`, `is_del`) VALUES (1711311458429575169, 1685320748241059841, '111', 1, 1, NULL, 1685177044733800449, 'yyqyyq', 1696843420977, 1685177044733800449, 'yyqyyq', 1696843428740, 1);
INSERT INTO `department` (`id`, `parent_id`, `name`, `status`, `sort`, `remarks`, `create_by`, `create_username`, `create_time`, `update_by`, `update_username`, `update_time`, `is_del`) VALUES (1711311842854313986, 1685320748241059841, '111', 1, 1, NULL, 1685177044733800449, 'yyqyyq', 1696843512632, 1685177044733800449, 'yyqyyq', 1696843523350, 1);
INSERT INTO `department` (`id`, `parent_id`, `name`, `status`, `sort`, `remarks`, `create_by`, `create_username`, `create_time`, `update_by`, `update_username`, `update_time`, `is_del`) VALUES (1711343183603957762, 1685320748241059841, '111', 1, 1, NULL, 1685177044733800449, 'yyqyyq', 1696850984852, 1685177044733800449, 'yyqyyq', 1696850988575, 1);
INSERT INTO `department` (`id`, `parent_id`, `name`, `status`, `sort`, `remarks`, `create_by`, `create_username`, `create_time`, `update_by`, `update_username`, `update_time`, `is_del`) VALUES (1711562163522371585, 1685320701105471489, '33', 1, 2, NULL, 1685177044733800449, 'yyqyyq', 1696903193733, 1685177044733800449, 'yyqyyq', 1696903223896, 1);
INSERT INTO `department` (`id`, `parent_id`, `name`, `status`, `sort`, `remarks`, `create_by`, `create_username`, `create_time`, `update_by`, `update_username`, `update_time`, `is_del`) VALUES (1711562447183151106, 1685320701105471489, '33', 1, 1, NULL, 1685177044733800449, 'yyqyyq', 1696903261360, 1685177044733800449, 'yyqyyq', 1696903360128, 1);
INSERT INTO `department` (`id`, `parent_id`, `name`, `status`, `sort`, `remarks`, `create_by`, `create_username`, `create_time`, `update_by`, `update_username`, `update_time`, `is_del`) VALUES (1711562567043776513, 1685320701105471489, '44', 1, 3, NULL, 1685177044733800449, 'yyqyyq', 1696903289937, 1685177044733800449, 'yyqyyq', 1696903356895, 1);
INSERT INTO `department` (`id`, `parent_id`, `name`, `status`, `sort`, `remarks`, `create_by`, `create_username`, `create_time`, `update_by`, `update_username`, `update_time`, `is_del`) VALUES (1711562696958148610, 1685320701105471489, '55', 1, 5, NULL, 1685177044733800449, 'yyqyyq', 1696903320911, 1685177044733800449, 'yyqyyq', 1696903354539, 1);
INSERT INTO `department` (`id`, `parent_id`, `name`, `status`, `sort`, `remarks`, `create_by`, `create_username`, `create_time`, `update_by`, `update_username`, `update_time`, `is_del`) VALUES (1711562890768547841, 1685320701105471489, '33', 1, 2, NULL, 1685177044733800449, 'yyqyyq', 1696903367121, 1685177044733800449, 'yyqyyq', 1696903436274, 1);
INSERT INTO `department` (`id`, `parent_id`, `name`, `status`, `sort`, `remarks`, `create_by`, `create_username`, `create_time`, `update_by`, `update_username`, `update_time`, `is_del`) VALUES (1711563041155317761, 1685320701105471489, '44', 1, 4, NULL, 1685177044733800449, 'yyqyyq', 1696903402974, 1685177044733800449, 'yyqyyq', 1696903433640, 1);
INSERT INTO `department` (`id`, `parent_id`, `name`, `status`, `sort`, `remarks`, `create_by`, `create_username`, `create_time`, `update_by`, `update_username`, `update_time`, `is_del`) VALUES (1711563211402117122, 1685320701105471489, '33', 1, 2, NULL, 1685177044733800449, 'yyqyyq', 1696903443564, 1685177044733800449, 'yyqyyq', 1696903458457, 1);
INSERT INTO `department` (`id`, `parent_id`, `name`, `status`, `sort`, `remarks`, `create_by`, `create_username`, `create_time`, `update_by`, `update_username`, `update_time`, `is_del`) VALUES (1711563241815015426, 1685320748241059841, '11', 1, 1, NULL, 1685177044733800449, 'yyqyyq', 1696903450815, 1685177044733800449, 'yyqyyq', 1696903454693, 1);
INSERT INTO `department` (`id`, `parent_id`, `name`, `status`, `sort`, `remarks`, `create_by`, `create_username`, `create_time`, `update_by`, `update_username`, `update_time`, `is_del`) VALUES (1711564790817619969, 1685320748241059841, '33', 1, 1, NULL, 1685177044733800449, 'yyqyyq', 1696903820126, 1685177044733800449, 'yyqyyq', 1696903823372, 1);
INSERT INTO `department` (`id`, `parent_id`, `name`, `status`, `sort`, `remarks`, `create_by`, `create_username`, `create_time`, `update_by`, `update_username`, `update_time`, `is_del`) VALUES (1711565097320579073, 1685320748241059841, '11', 1, 1, NULL, 1685177044733800449, 'yyqyyq', 1696903893202, 1685177044733800449, 'yyqyyq', 1696903896434, 1);
INSERT INTO `department` (`id`, `parent_id`, `name`, `status`, `sort`, `remarks`, `create_by`, `create_username`, `create_time`, `update_by`, `update_username`, `update_time`, `is_del`) VALUES (1711569055699173378, 1685321618924044289, '444', 1, 1, NULL, 1685177044733800449, 'yyqyyq', 1696904836953, 1685177044733800449, 'yyqyyq', 1696904840512, 1);
INSERT INTO `department` (`id`, `parent_id`, `name`, `status`, `sort`, `remarks`, `create_by`, `create_username`, `create_time`, `update_by`, `update_username`, `update_time`, `is_del`) VALUES (1711580935431913473, 1685320748241059841, '333', 1, 1, NULL, 1685177044733800449, 'yyqyyq', 1696907669302, 1685177044733800449, 'yyqyyq', 1696907673259, 1);
INSERT INTO `department` (`id`, `parent_id`, `name`, `status`, `sort`, `remarks`, `create_by`, `create_username`, `create_time`, `update_by`, `update_username`, `update_time`, `is_del`) VALUES (1711585146349551617, 1685321618924044289, '22', 1, 1, NULL, 1685177044733800449, 'yyqyyq', 1696908673263, 1685177044733800449, 'yyqyyq', 1696908679011, 1);
INSERT INTO `department` (`id`, `parent_id`, `name`, `status`, `sort`, `remarks`, `create_by`, `create_username`, `create_time`, `update_by`, `update_username`, `update_time`, `is_del`) VALUES (1711585211021524993, 1685320748241059841, '111', 1, 1, NULL, 1685177044733800449, 'yyqyyq', 1696908688682, 1685177044733800449, 'yyqyyq', 1696908707195, 1);
INSERT INTO `department` (`id`, `parent_id`, `name`, `status`, `sort`, `remarks`, `create_by`, `create_username`, `create_time`, `update_by`, `update_username`, `update_time`, `is_del`) VALUES (1712274921310253057, 1685320701105471489, '测试部门', 1, 0, NULL, 1685176293110329345, 'heyzoe', 1697073128430, 1685176293110329345, 'heyzoe', 1697073139408, 0);
INSERT INTO `department` (`id`, `parent_id`, `name`, `status`, `sort`, `remarks`, `create_by`, `create_username`, `create_time`, `update_by`, `update_username`, `update_time`, `is_del`) VALUES (1713731902151626753, 1685320673934770177, '开发', 1, 0, NULL, 1685176293110329345, 'heyzoe', 1697420499768, NULL, NULL, NULL, 0);
COMMIT;

-- ----------------------------
-- Table structure for generate_column
-- ----------------------------
DROP TABLE IF EXISTS `generate_column`;
CREATE TABLE `generate_column` (
  `id` bigint NOT NULL COMMENT '主键ID',
  `table_name` varchar(255) CHARACTER SET utf8mb4 COLLATE utf8mb4_bin NOT NULL COMMENT '表名称',
  `is_primary_key` int NOT NULL DEFAULT '1' COMMENT '是否主键  #0：是 ,1：不是',
  `column_name` varchar(255) CHARACTER SET utf8mb4 COLLATE utf8mb4_bin NOT NULL COMMENT '列名',
  `column_type` varchar(255) CHARACTER SET utf8mb4 COLLATE utf8mb4_bin NOT NULL COMMENT '列类型',
  `column_remarks` varchar(255) CHARACTER SET utf8mb4 COLLATE utf8mb4_bin DEFAULT NULL COMMENT '列描述',
  `nullable` int NOT NULL DEFAULT '1' COMMENT '是否必填 #0：必填 ,1：非必填',
  `java_name` varchar(255) CHARACTER SET utf8mb4 COLLATE utf8mb4_bin NOT NULL COMMENT 'Java命名',
  `java_type` varchar(255) CHARACTER SET utf8mb4 COLLATE utf8mb4_bin NOT NULL COMMENT 'Java类型 #String：String，Integer：Integer，Long：Long，Short：Short，Double：Double，Byte：Byte，Boolean：Boolean，Float：Float，Character：Character，Date：Date，BigDecimal：BigDecimal',
  `java_type_package_name` varchar(255) CHARACTER SET utf8mb4 COLLATE utf8mb4_bin NOT NULL COMMENT 'Java类型包名',
  `is_form` int NOT NULL DEFAULT '0' COMMENT '是否需要表单填写 #0：需要 ,1：不需要',
  `is_keyword` int NOT NULL DEFAULT '0' COMMENT '是否需要关键词搜索 #0：需要 1：不需要',
  `is_advanced_search` int NOT NULL DEFAULT '0' COMMENT '是否需要高级搜索 #0：需要 ,1：不需要',
  `list_show` int NOT NULL DEFAULT '0' COMMENT '列表显示 #0：显示 ,1：不显示',
  `detail_show` int NOT NULL DEFAULT '0' COMMENT '详情显示 #0：显示 ,1：不显示',
  `is_excel` int NOT NULL DEFAULT '0' COMMENT '是否需要导入导出 #0：需要 ,1：不需要',
  `is_required` int NOT NULL DEFAULT '0' COMMENT '是否必填 #0：必填 ,1：不必填',
  `opt_element` varchar(255) CHARACTER SET utf8mb4 COLLATE utf8mb4_bin DEFAULT 'input' COMMENT '操作组件 #input：文本框，textarea：文本域，select：下拉框，radio：单选框，checkbox：多选框，timepicker：时间选择器，datapicker：日期选择器，datetimepicker：日期时间选择器',
  `dict_domain_code` varchar(255) CHARACTER SET utf8mb4 COLLATE utf8mb4_bin DEFAULT NULL COMMENT '字典域编码',
  `create_by` bigint NOT NULL COMMENT '创建者',
  `create_username` varchar(20) CHARACTER SET utf8mb4 COLLATE utf8mb4_bin NOT NULL COMMENT '创建者账号',
  `create_time` bigint NOT NULL COMMENT '创建时间',
  `update_by` bigint DEFAULT NULL COMMENT '更新者',
  `update_username` varchar(255) CHARACTER SET utf8mb4 COLLATE utf8mb4_bin DEFAULT NULL COMMENT '更新者账号',
  `update_time` bigint DEFAULT NULL COMMENT '更新时间',
  `is_del` int NOT NULL DEFAULT '0' COMMENT '逻辑删除状态 0：未删除 1：已删除',
  PRIMARY KEY (`id`) USING BTREE
) ENGINE=InnoDB DEFAULT CHARSET=utf8mb4 COLLATE=utf8mb4_bin COMMENT='代码生成列配置';

-- ----------------------------
-- Records of generate_column
-- ----------------------------
BEGIN;
INSERT INTO `generate_column` (`id`, `table_name`, `is_primary_key`, `column_name`, `column_type`, `column_remarks`, `nullable`, `java_name`, `java_type`, `java_type_package_name`, `is_form`, `is_keyword`, `is_advanced_search`, `list_show`, `detail_show`, `is_excel`, `is_required`, `opt_element`, `dict_domain_code`, `create_by`, `create_username`, `create_time`, `update_by`, `update_username`, `update_time`, `is_del`) VALUES (1713727330398015490, 'generate_config', 0, 'id', 'BIGINT(19)', '主键ID', 0, 'id', 'Long', 'java.lang.String', 1, 1, 1, 1, 1, 1, 1, 'input', NULL, 1685177044733800449, 'yyqyyq', 1697419409747, NULL, NULL, NULL, 0);
INSERT INTO `generate_column` (`id`, `table_name`, `is_primary_key`, `column_name`, `column_type`, `column_remarks`, `nullable`, `java_name`, `java_type`, `java_type_package_name`, `is_form`, `is_keyword`, `is_advanced_search`, `list_show`, `detail_show`, `is_excel`, `is_required`, `opt_element`, `dict_domain_code`, `create_by`, `create_username`, `create_time`, `update_by`, `update_username`, `update_time`, `is_del`) VALUES (1713727330439958530, 'generate_config', 1, 'type', 'INT(10)', '配置类型 #1：全局配置, 2：表配置', 0, 'type', 'Integer', 'java.lang.String', 0, 0, 0, 0, 0, 0, 0, 'select', 'generate_config_type', 1685177044733800449, 'yyqyyq', 1697419409750, NULL, NULL, NULL, 0);
INSERT INTO `generate_column` (`id`, `table_name`, `is_primary_key`, `column_name`, `column_type`, `column_remarks`, `nullable`, `java_name`, `java_type`, `java_type_package_name`, `is_form`, `is_keyword`, `is_advanced_search`, `list_show`, `detail_show`, `is_excel`, `is_required`, `opt_element`, `dict_domain_code`, `create_by`, `create_username`, `create_time`, `update_by`, `update_username`, `update_time`, `is_del`) VALUES (1713727330448347137, 'generate_config', 1, 'table_name', 'VARCHAR(255)', '表名称', 0, 'tableName', 'String', 'java.lang.String', 0, 0, 0, 0, 0, 0, 0, 'input', NULL, 1685177044733800449, 'yyqyyq', 1697419409759, NULL, NULL, NULL, 0);
INSERT INTO `generate_column` (`id`, `table_name`, `is_primary_key`, `column_name`, `column_type`, `column_remarks`, `nullable`, `java_name`, `java_type`, `java_type_package_name`, `is_form`, `is_keyword`, `is_advanced_search`, `list_show`, `detail_show`, `is_excel`, `is_required`, `opt_element`, `dict_domain_code`, `create_by`, `create_username`, `create_time`, `update_by`, `update_username`, `update_time`, `is_del`) VALUES (1713727330486095873, 'generate_config', 1, 'module_name', 'VARCHAR(255)', '后端模块名称', 1, 'moduleName', 'String', 'java.lang.String', 0, 0, 0, 0, 0, 0, 0, 'input', NULL, 1685177044733800449, 'yyqyyq', 1697419409762, NULL, NULL, NULL, 0);
INSERT INTO `generate_column` (`id`, `table_name`, `is_primary_key`, `column_name`, `column_type`, `column_remarks`, `nullable`, `java_name`, `java_type`, `java_type_package_name`, `is_form`, `is_keyword`, `is_advanced_search`, `list_show`, `detail_show`, `is_excel`, `is_required`, `opt_element`, `dict_domain_code`, `create_by`, `create_username`, `create_time`, `update_by`, `update_username`, `update_time`, `is_del`) VALUES (1713727330494484481, 'generate_config', 1, 'ui_module_name', 'VARCHAR(255)', '前端模块名称', 1, 'uiModuleName', 'String', 'java.lang.String', 0, 0, 0, 0, 0, 0, 0, 'input', NULL, 1685177044733800449, 'yyqyyq', 1697419409764, NULL, NULL, NULL, 0);
INSERT INTO `generate_column` (`id`, `table_name`, `is_primary_key`, `column_name`, `column_type`, `column_remarks`, `nullable`, `java_name`, `java_type`, `java_type_package_name`, `is_form`, `is_keyword`, `is_advanced_search`, `list_show`, `detail_show`, `is_excel`, `is_required`, `opt_element`, `dict_domain_code`, `create_by`, `create_username`, `create_time`, `update_by`, `update_username`, `update_time`, `is_del`) VALUES (1713727330507067393, 'generate_config', 1, 'table_remarks', 'VARCHAR(255)', '表描述', 0, 'tableRemarks', 'String', 'java.lang.String', 0, 0, 0, 0, 0, 0, 0, 'input', NULL, 1685177044733800449, 'yyqyyq', 1697419409770, NULL, NULL, NULL, 0);
INSERT INTO `generate_column` (`id`, `table_name`, `is_primary_key`, `column_name`, `column_type`, `column_remarks`, `nullable`, `java_name`, `java_type`, `java_type_package_name`, `is_form`, `is_keyword`, `is_advanced_search`, `list_show`, `detail_show`, `is_excel`, `is_required`, `opt_element`, `dict_domain_code`, `create_by`, `create_username`, `create_time`, `update_by`, `update_username`, `update_time`, `is_del`) VALUES (1713727330532233217, 'generate_config', 1, 'package_name', 'VARCHAR(255)', '包名', 0, 'packageName', 'String', 'java.lang.String', 0, 0, 0, 0, 0, 0, 0, 'input', NULL, 1685177044733800449, 'yyqyyq', 1697419409773, NULL, NULL, NULL, 0);
INSERT INTO `generate_column` (`id`, `table_name`, `is_primary_key`, `column_name`, `column_type`, `column_remarks`, `nullable`, `java_name`, `java_type`, `java_type_package_name`, `is_form`, `is_keyword`, `is_advanced_search`, `list_show`, `detail_show`, `is_excel`, `is_required`, `opt_element`, `dict_domain_code`, `create_by`, `create_username`, `create_time`, `update_by`, `update_username`, `update_time`, `is_del`) VALUES (1713727330544816129, 'generate_config', 1, 'request_mapping_prefix', 'VARCHAR(255)', 'RequestMapping 路径前缀	', 1, 'requestMappingPrefix', 'String', 'java.lang.String', 0, 0, 0, 0, 0, 0, 0, 'input', NULL, 1685177044733800449, 'yyqyyq', 1697419409776, NULL, NULL, NULL, 0);
INSERT INTO `generate_column` (`id`, `table_name`, `is_primary_key`, `column_name`, `column_type`, `column_remarks`, `nullable`, `java_name`, `java_type`, `java_type_package_name`, `is_form`, `is_keyword`, `is_advanced_search`, `list_show`, `detail_show`, `is_excel`, `is_required`, `opt_element`, `dict_domain_code`, `create_by`, `create_username`, `create_time`, `update_by`, `update_username`, `update_time`, `is_del`) VALUES (1713727330557399041, 'generate_config', 1, 'parent_menu_id', 'BIGINT(19)', '所属菜单', 1, 'parentMenuId', 'Long', 'java.lang.String', 0, 0, 0, 0, 0, 0, 0, 'input', NULL, 1685177044733800449, 'yyqyyq', 1697419409785, NULL, NULL, NULL, 0);
INSERT INTO `generate_column` (`id`, `table_name`, `is_primary_key`, `column_name`, `column_type`, `column_remarks`, `nullable`, `java_name`, `java_type`, `java_type_package_name`, `is_form`, `is_keyword`, `is_advanced_search`, `list_show`, `detail_show`, `is_excel`, `is_required`, `opt_element`, `dict_domain_code`, `create_by`, `create_username`, `create_time`, `update_by`, `update_username`, `update_time`, `is_del`) VALUES (1713727330595147778, 'generate_config', 1, 'output_path', 'VARCHAR(255)', '生成代码路径', 1, 'outputPath', 'String', 'java.lang.String', 0, 0, 0, 0, 0, 0, 0, 'input', NULL, 1685177044733800449, 'yyqyyq', 1697419409786, NULL, NULL, NULL, 0);
INSERT INTO `generate_column` (`id`, `table_name`, `is_primary_key`, `column_name`, `column_type`, `column_remarks`, `nullable`, `java_name`, `java_type`, `java_type_package_name`, `is_form`, `is_keyword`, `is_advanced_search`, `list_show`, `detail_show`, `is_excel`, `is_required`, `opt_element`, `dict_domain_code`, `create_by`, `create_username`, `create_time`, `update_by`, `update_username`, `update_time`, `is_del`) VALUES (1713727330599342081, 'generate_config', 1, 'is_open', 'INT(10)', '生成完代码后是否打开目录  #0：打开，1：不打开', 0, 'isOpen', 'Integer', 'java.lang.String', 0, 0, 0, 0, 0, 0, 0, 'select', 'generate_config_is_open', 1685177044733800449, 'yyqyyq', 1697419409787, NULL, NULL, NULL, 0);
INSERT INTO `generate_column` (`id`, `table_name`, `is_primary_key`, `column_name`, `column_type`, `column_remarks`, `nullable`, `java_name`, `java_type`, `java_type_package_name`, `is_form`, `is_keyword`, `is_advanced_search`, `list_show`, `detail_show`, `is_excel`, `is_required`, `opt_element`, `dict_domain_code`, `create_by`, `create_username`, `create_time`, `update_by`, `update_username`, `update_time`, `is_del`) VALUES (1713727330603536386, 'generate_config', 1, 'author', 'VARCHAR(255)', '作者', 0, 'author', 'String', 'java.lang.String', 0, 0, 0, 0, 0, 0, 0, 'input', NULL, 1685177044733800449, 'yyqyyq', 1697419409791, NULL, NULL, NULL, 0);
INSERT INTO `generate_column` (`id`, `table_name`, `is_primary_key`, `column_name`, `column_type`, `column_remarks`, `nullable`, `java_name`, `java_type`, `java_type_package_name`, `is_form`, `is_keyword`, `is_advanced_search`, `list_show`, `detail_show`, `is_excel`, `is_required`, `opt_element`, `dict_domain_code`, `create_by`, `create_username`, `create_time`, `update_by`, `update_username`, `update_time`, `is_del`) VALUES (1713727330620313602, 'generate_config', 1, 'enable_import', 'INT(10)', '生成导入 #0：生成，1：不生成', 0, 'enableImport', 'Integer', 'java.lang.String', 0, 0, 0, 0, 0, 0, 0, 'select', 'generate_config_enable_import', 1685177044733800449, 'yyqyyq', 1697419409793, NULL, NULL, NULL, 0);
INSERT INTO `generate_column` (`id`, `table_name`, `is_primary_key`, `column_name`, `column_type`, `column_remarks`, `nullable`, `java_name`, `java_type`, `java_type_package_name`, `is_form`, `is_keyword`, `is_advanced_search`, `list_show`, `detail_show`, `is_excel`, `is_required`, `opt_element`, `dict_domain_code`, `create_by`, `create_username`, `create_time`, `update_by`, `update_username`, `update_time`, `is_del`) VALUES (1713727330628702209, 'generate_config', 1, 'enable_export', 'INT(10)', '生成导出 #0：生成 ,1：不生成', 0, 'enableExport', 'Integer', 'java.lang.String', 0, 0, 0, 0, 0, 0, 0, 'select', 'generate_config_enable_export', 1685177044733800449, 'yyqyyq', 1697419409795, NULL, NULL, NULL, 0);
INSERT INTO `generate_column` (`id`, `table_name`, `is_primary_key`, `column_name`, `column_type`, `column_remarks`, `nullable`, `java_name`, `java_type`, `java_type_package_name`, `is_form`, `is_keyword`, `is_advanced_search`, `list_show`, `detail_show`, `is_excel`, `is_required`, `opt_element`, `dict_domain_code`, `create_by`, `create_username`, `create_time`, `update_by`, `update_username`, `update_time`, `is_del`) VALUES (1713727330637090817, 'generate_config', 1, 'enable_log', 'INT(10)', '生成log注解 #0：生成 ，1：不生成', 0, 'enableLog', 'Integer', 'java.lang.String', 0, 0, 0, 0, 0, 0, 0, 'select', 'generate_config_enable_log', 1685177044733800449, 'yyqyyq', 1697419409796, NULL, NULL, NULL, 0);
INSERT INTO `generate_column` (`id`, `table_name`, `is_primary_key`, `column_name`, `column_type`, `column_remarks`, `nullable`, `java_name`, `java_type`, `java_type_package_name`, `is_form`, `is_keyword`, `is_advanced_search`, `list_show`, `detail_show`, `is_excel`, `is_required`, `opt_element`, `dict_domain_code`, `create_by`, `create_username`, `create_time`, `update_by`, `update_username`, `update_time`, `is_del`) VALUES (1713727330641285122, 'generate_config', 1, 'enable_builder', 'INT(10)', '开启Builder模式 #0：开启 ，1：不开启', 0, 'enableBuilder', 'Integer', 'java.lang.String', 0, 0, 0, 0, 0, 0, 0, 'select', 'generate_config_enable_builder', 1685177044733800449, 'yyqyyq', 1697419409798, NULL, NULL, NULL, 0);
INSERT INTO `generate_column` (`id`, `table_name`, `is_primary_key`, `column_name`, `column_type`, `column_remarks`, `nullable`, `java_name`, `java_type`, `java_type_package_name`, `is_form`, `is_keyword`, `is_advanced_search`, `list_show`, `detail_show`, `is_excel`, `is_required`, `opt_element`, `dict_domain_code`, `create_by`, `create_username`, `create_time`, `update_by`, `update_username`, `update_time`, `is_del`) VALUES (1713727330649673730, 'generate_config', 1, 'template_json', 'VARCHAR(500)', '生成模板json配置', 0, 'templateJson', 'String', 'java.lang.String', 0, 0, 0, 0, 0, 0, 0, 'input', NULL, 1685177044733800449, 'yyqyyq', 1697419409801, NULL, NULL, NULL, 0);
INSERT INTO `generate_column` (`id`, `table_name`, `is_primary_key`, `column_name`, `column_type`, `column_remarks`, `nullable`, `java_name`, `java_type`, `java_type_package_name`, `is_form`, `is_keyword`, `is_advanced_search`, `list_show`, `detail_show`, `is_excel`, `is_required`, `opt_element`, `dict_domain_code`, `create_by`, `create_username`, `create_time`, `update_by`, `update_username`, `update_time`, `is_del`) VALUES (1713727330662256642, 'generate_config', 1, 'exclude_table_prefix', 'VARCHAR(255)', '过滤表前缀 多个用,分隔', 1, 'excludeTablePrefix', 'String', 'java.lang.String', 0, 0, 0, 0, 0, 0, 0, 'input', NULL, 1685177044733800449, 'yyqyyq', 1697419409803, NULL, NULL, NULL, 0);
INSERT INTO `generate_column` (`id`, `table_name`, `is_primary_key`, `column_name`, `column_type`, `column_remarks`, `nullable`, `java_name`, `java_type`, `java_type_package_name`, `is_form`, `is_keyword`, `is_advanced_search`, `list_show`, `detail_show`, `is_excel`, `is_required`, `opt_element`, `dict_domain_code`, `create_by`, `create_username`, `create_time`, `update_by`, `update_username`, `update_time`, `is_del`) VALUES (1713727330670645250, 'generate_config', 1, 'exclude_table_suffix', 'VARCHAR(255)', '过滤表后缀 多个用,分隔', 1, 'excludeTableSuffix', 'String', 'java.lang.String', 0, 0, 0, 0, 0, 0, 0, 'input', NULL, 1685177044733800449, 'yyqyyq', 1697419409804, NULL, NULL, NULL, 0);
INSERT INTO `generate_column` (`id`, `table_name`, `is_primary_key`, `column_name`, `column_type`, `column_remarks`, `nullable`, `java_name`, `java_type`, `java_type_package_name`, `is_form`, `is_keyword`, `is_advanced_search`, `list_show`, `detail_show`, `is_excel`, `is_required`, `opt_element`, `dict_domain_code`, `create_by`, `create_username`, `create_time`, `update_by`, `update_username`, `update_time`, `is_del`) VALUES (1713727330674839554, 'generate_config', 1, 'exclude_field', 'VARCHAR(255)', '过滤实体类属性 多个用,分隔', 1, 'excludeField', 'String', 'java.lang.String', 0, 0, 0, 0, 0, 0, 0, 'input', NULL, 1685177044733800449, 'yyqyyq', 1697419409805, NULL, NULL, NULL, 0);
INSERT INTO `generate_column` (`id`, `table_name`, `is_primary_key`, `column_name`, `column_type`, `column_remarks`, `nullable`, `java_name`, `java_type`, `java_type_package_name`, `is_form`, `is_keyword`, `is_advanced_search`, `list_show`, `detail_show`, `is_excel`, `is_required`, `opt_element`, `dict_domain_code`, `create_by`, `create_username`, `create_time`, `update_by`, `update_username`, `update_time`, `is_del`) VALUES (1713727330679033858, 'generate_config', 1, 'remarks', 'VARCHAR(255)', '备注', 1, 'remarks', 'String', 'java.lang.String', 0, 0, 0, 0, 0, 0, 0, 'input', NULL, 1685177044733800449, 'yyqyyq', 1697419409807, NULL, NULL, NULL, 0);
INSERT INTO `generate_column` (`id`, `table_name`, `is_primary_key`, `column_name`, `column_type`, `column_remarks`, `nullable`, `java_name`, `java_type`, `java_type_package_name`, `is_form`, `is_keyword`, `is_advanced_search`, `list_show`, `detail_show`, `is_excel`, `is_required`, `opt_element`, `dict_domain_code`, `create_by`, `create_username`, `create_time`, `update_by`, `update_username`, `update_time`, `is_del`) VALUES (1713727330687422465, 'generate_config', 1, 'create_by', 'BIGINT(19)', '创建者', 0, 'createBy', 'Long', 'java.lang.String', 0, 0, 0, 0, 0, 0, 0, 'input', NULL, 1685177044733800449, 'yyqyyq', 1697419409808, NULL, NULL, NULL, 0);
INSERT INTO `generate_column` (`id`, `table_name`, `is_primary_key`, `column_name`, `column_type`, `column_remarks`, `nullable`, `java_name`, `java_type`, `java_type_package_name`, `is_form`, `is_keyword`, `is_advanced_search`, `list_show`, `detail_show`, `is_excel`, `is_required`, `opt_element`, `dict_domain_code`, `create_by`, `create_username`, `create_time`, `update_by`, `update_username`, `update_time`, `is_del`) VALUES (1713727330691616769, 'generate_config', 1, 'create_username', 'VARCHAR(20)', '创建者账号', 0, 'createUsername', 'String', 'java.lang.String', 0, 0, 0, 0, 0, 0, 0, 'input', NULL, 1685177044733800449, 'yyqyyq', 1697419409810, NULL, NULL, NULL, 0);
INSERT INTO `generate_column` (`id`, `table_name`, `is_primary_key`, `column_name`, `column_type`, `column_remarks`, `nullable`, `java_name`, `java_type`, `java_type_package_name`, `is_form`, `is_keyword`, `is_advanced_search`, `list_show`, `detail_show`, `is_excel`, `is_required`, `opt_element`, `dict_domain_code`, `create_by`, `create_username`, `create_time`, `update_by`, `update_username`, `update_time`, `is_del`) VALUES (1713727330700005378, 'generate_config', 1, 'create_time', 'BIGINT(19)', '创建时间', 0, 'createTime', 'Long', 'java.lang.String', 0, 0, 0, 0, 0, 0, 0, 'datetimepicker', NULL, 1685177044733800449, 'yyqyyq', 1697419409812, NULL, NULL, NULL, 0);
INSERT INTO `generate_column` (`id`, `table_name`, `is_primary_key`, `column_name`, `column_type`, `column_remarks`, `nullable`, `java_name`, `java_type`, `java_type_package_name`, `is_form`, `is_keyword`, `is_advanced_search`, `list_show`, `detail_show`, `is_excel`, `is_required`, `opt_element`, `dict_domain_code`, `create_by`, `create_username`, `create_time`, `update_by`, `update_username`, `update_time`, `is_del`) VALUES (1713732728253353985, 'menu', 0, 'id', 'BIGINT(19)', 'id', 0, 'id', 'Long', 'java.lang.String', 1, 1, 1, 1, 1, 1, 1, 'input', NULL, 1685176293110329345, 'heyzoe', 1697420696688, NULL, NULL, NULL, 1);
INSERT INTO `generate_column` (`id`, `table_name`, `is_primary_key`, `column_name`, `column_type`, `column_remarks`, `nullable`, `java_name`, `java_type`, `java_type_package_name`, `is_form`, `is_keyword`, `is_advanced_search`, `list_show`, `detail_show`, `is_excel`, `is_required`, `opt_element`, `dict_domain_code`, `create_by`, `create_username`, `create_time`, `update_by`, `update_username`, `update_time`, `is_del`) VALUES (1713732728261742593, 'menu', 1, 'parent_id', 'BIGINT(19)', '父级菜单ID，为0则代表最上级菜单', 0, 'parentId', 'Long', 'java.lang.String', 0, 0, 0, 0, 0, 0, 0, 'input', NULL, 1685176293110329345, 'heyzoe', 1697420696691, NULL, NULL, NULL, 1);
INSERT INTO `generate_column` (`id`, `table_name`, `is_primary_key`, `column_name`, `column_type`, `column_remarks`, `nullable`, `java_name`, `java_type`, `java_type_package_name`, `is_form`, `is_keyword`, `is_advanced_search`, `list_show`, `detail_show`, `is_excel`, `is_required`, `opt_element`, `dict_domain_code`, `create_by`, `create_username`, `create_time`, `update_by`, `update_username`, `update_time`, `is_del`) VALUES (1713732728270131202, 'menu', 1, 'icon', 'VARCHAR(100)', '菜单图标', 1, 'icon', 'String', 'java.lang.String', 0, 0, 0, 0, 0, 0, 0, 'input', NULL, 1685176293110329345, 'heyzoe', 1697420696692, NULL, NULL, NULL, 1);
INSERT INTO `generate_column` (`id`, `table_name`, `is_primary_key`, `column_name`, `column_type`, `column_remarks`, `nullable`, `java_name`, `java_type`, `java_type_package_name`, `is_form`, `is_keyword`, `is_advanced_search`, `list_show`, `detail_show`, `is_excel`, `is_required`, `opt_element`, `dict_domain_code`, `create_by`, `create_username`, `create_time`, `update_by`, `update_username`, `update_time`, `is_del`) VALUES (1713732728274325505, 'menu', 1, 'label', 'VARCHAR(50)', '菜单名称', 0, 'label', 'String', 'java.lang.String', 0, 0, 0, 0, 0, 0, 0, 'input', NULL, 1685176293110329345, 'heyzoe', 1697420696693, NULL, NULL, NULL, 1);
INSERT INTO `generate_column` (`id`, `table_name`, `is_primary_key`, `column_name`, `column_type`, `column_remarks`, `nullable`, `java_name`, `java_type`, `java_type_package_name`, `is_form`, `is_keyword`, `is_advanced_search`, `list_show`, `detail_show`, `is_excel`, `is_required`, `opt_element`, `dict_domain_code`, `create_by`, `create_username`, `create_time`, `update_by`, `update_username`, `update_time`, `is_del`) VALUES (1713732728278519810, 'menu', 1, 'path', 'VARCHAR(255)', '路由地址', 1, 'path', 'String', 'java.lang.String', 0, 0, 0, 0, 0, 0, 0, 'input', NULL, 1685176293110329345, 'heyzoe', 1697420696694, NULL, NULL, NULL, 1);
INSERT INTO `generate_column` (`id`, `table_name`, `is_primary_key`, `column_name`, `column_type`, `column_remarks`, `nullable`, `java_name`, `java_type`, `java_type_package_name`, `is_form`, `is_keyword`, `is_advanced_search`, `list_show`, `detail_show`, `is_excel`, `is_required`, `opt_element`, `dict_domain_code`, `create_by`, `create_username`, `create_time`, `update_by`, `update_username`, `update_time`, `is_del`) VALUES (1713732728282714113, 'menu', 1, 'component', 'VARCHAR(255)', '组件路径', 1, 'component', 'String', 'java.lang.String', 0, 0, 0, 0, 0, 0, 0, 'input', NULL, 1685176293110329345, 'heyzoe', 1697420696695, NULL, NULL, NULL, 1);
INSERT INTO `generate_column` (`id`, `table_name`, `is_primary_key`, `column_name`, `column_type`, `column_remarks`, `nullable`, `java_name`, `java_type`, `java_type_package_name`, `is_form`, `is_keyword`, `is_advanced_search`, `list_show`, `detail_show`, `is_excel`, `is_required`, `opt_element`, `dict_domain_code`, `create_by`, `create_username`, `create_time`, `update_by`, `update_username`, `update_time`, `is_del`) VALUES (1713732728286908418, 'menu', 1, 'permission', 'VARCHAR(255)', '权限字符', 1, 'permission', 'String', 'java.lang.String', 0, 0, 0, 0, 0, 0, 0, 'input', NULL, 1685176293110329345, 'heyzoe', 1697420696697, NULL, NULL, NULL, 1);
INSERT INTO `generate_column` (`id`, `table_name`, `is_primary_key`, `column_name`, `column_type`, `column_remarks`, `nullable`, `java_name`, `java_type`, `java_type_package_name`, `is_form`, `is_keyword`, `is_advanced_search`, `list_show`, `detail_show`, `is_excel`, `is_required`, `opt_element`, `dict_domain_code`, `create_by`, `create_username`, `create_time`, `update_by`, `update_username`, `update_time`, `is_del`) VALUES (1713732728299491329, 'menu', 1, 'type', 'INT(10)', '菜单类型 #1：目录，  2：菜单， 3：接口', 0, 'type', 'Integer', 'java.lang.String', 0, 0, 0, 0, 0, 0, 0, 'select', 'menu_type', 1685176293110329345, 'heyzoe', 1697420696699, NULL, NULL, NULL, 1);
INSERT INTO `generate_column` (`id`, `table_name`, `is_primary_key`, `column_name`, `column_type`, `column_remarks`, `nullable`, `java_name`, `java_type`, `java_type_package_name`, `is_form`, `is_keyword`, `is_advanced_search`, `list_show`, `detail_show`, `is_excel`, `is_required`, `opt_element`, `dict_domain_code`, `create_by`, `create_username`, `create_time`, `update_by`, `update_username`, `update_time`, `is_del`) VALUES (1713732728303685634, 'menu', 1, 'status', 'INT(10)', '菜单状态 #1：正常， 2：禁用', 0, 'status', 'Integer', 'java.lang.String', 0, 0, 0, 0, 0, 0, 0, 'select', 'menu_status', 1685176293110329345, 'heyzoe', 1697420696700, NULL, NULL, NULL, 1);
INSERT INTO `generate_column` (`id`, `table_name`, `is_primary_key`, `column_name`, `column_type`, `column_remarks`, `nullable`, `java_name`, `java_type`, `java_type_package_name`, `is_form`, `is_keyword`, `is_advanced_search`, `list_show`, `detail_show`, `is_excel`, `is_required`, `opt_element`, `dict_domain_code`, `create_by`, `create_username`, `create_time`, `update_by`, `update_username`, `update_time`, `is_del`) VALUES (1713732728307879938, 'menu', 1, 'show_status', 'INT(10)', '显示状态 #1：显示， 2：隐藏', 0, 'showStatus', 'Integer', 'java.lang.String', 0, 0, 0, 0, 0, 0, 0, 'select', 'menu_show_status', 1685176293110329345, 'heyzoe', 1697420696701, NULL, NULL, NULL, 1);
INSERT INTO `generate_column` (`id`, `table_name`, `is_primary_key`, `column_name`, `column_type`, `column_remarks`, `nullable`, `java_name`, `java_type`, `java_type_package_name`, `is_form`, `is_keyword`, `is_advanced_search`, `list_show`, `detail_show`, `is_excel`, `is_required`, `opt_element`, `dict_domain_code`, `create_by`, `create_username`, `create_time`, `update_by`, `update_username`, `update_time`, `is_del`) VALUES (1713732728312074242, 'menu', 1, 'sort', 'INT(10)', '排序', 0, 'sort', 'Integer', 'java.lang.String', 0, 0, 0, 0, 0, 0, 0, 'input', NULL, 1685176293110329345, 'heyzoe', 1697420696702, NULL, NULL, NULL, 1);
INSERT INTO `generate_column` (`id`, `table_name`, `is_primary_key`, `column_name`, `column_type`, `column_remarks`, `nullable`, `java_name`, `java_type`, `java_type_package_name`, `is_form`, `is_keyword`, `is_advanced_search`, `list_show`, `detail_show`, `is_excel`, `is_required`, `opt_element`, `dict_domain_code`, `create_by`, `create_username`, `create_time`, `update_by`, `update_username`, `update_time`, `is_del`) VALUES (1713732728316268545, 'menu', 1, 'remarks', 'VARCHAR(255)', '备注', 1, 'remarks', 'String', 'java.lang.String', 0, 0, 0, 0, 0, 0, 0, 'input', NULL, 1685176293110329345, 'heyzoe', 1697420696703, NULL, NULL, NULL, 1);
INSERT INTO `generate_column` (`id`, `table_name`, `is_primary_key`, `column_name`, `column_type`, `column_remarks`, `nullable`, `java_name`, `java_type`, `java_type_package_name`, `is_form`, `is_keyword`, `is_advanced_search`, `list_show`, `detail_show`, `is_excel`, `is_required`, `opt_element`, `dict_domain_code`, `create_by`, `create_username`, `create_time`, `update_by`, `update_username`, `update_time`, `is_del`) VALUES (1713732728320462849, 'menu', 1, 'create_by', 'BIGINT(19)', '创建者', 0, 'createBy', 'Long', 'java.lang.String', 0, 0, 0, 0, 0, 0, 0, 'input', NULL, 1685176293110329345, 'heyzoe', 1697420696704, NULL, NULL, NULL, 1);
INSERT INTO `generate_column` (`id`, `table_name`, `is_primary_key`, `column_name`, `column_type`, `column_remarks`, `nullable`, `java_name`, `java_type`, `java_type_package_name`, `is_form`, `is_keyword`, `is_advanced_search`, `list_show`, `detail_show`, `is_excel`, `is_required`, `opt_element`, `dict_domain_code`, `create_by`, `create_username`, `create_time`, `update_by`, `update_username`, `update_time`, `is_del`) VALUES (1713732728324657154, 'menu', 1, 'create_username', 'VARCHAR(20)', '创建者账号', 0, 'createUsername', 'String', 'java.lang.String', 0, 0, 0, 0, 0, 0, 0, 'input', NULL, 1685176293110329345, 'heyzoe', 1697420696706, NULL, NULL, NULL, 1);
INSERT INTO `generate_column` (`id`, `table_name`, `is_primary_key`, `column_name`, `column_type`, `column_remarks`, `nullable`, `java_name`, `java_type`, `java_type_package_name`, `is_form`, `is_keyword`, `is_advanced_search`, `list_show`, `detail_show`, `is_excel`, `is_required`, `opt_element`, `dict_domain_code`, `create_by`, `create_username`, `create_time`, `update_by`, `update_username`, `update_time`, `is_del`) VALUES (1713732728328851458, 'menu', 1, 'create_time', 'BIGINT(19)', '创建时间', 0, 'createTime', 'Long', 'java.lang.String', 0, 0, 0, 0, 0, 0, 0, 'datetimepicker', NULL, 1685176293110329345, 'heyzoe', 1697420696759, NULL, NULL, NULL, 1);
INSERT INTO `generate_column` (`id`, `table_name`, `is_primary_key`, `column_name`, `column_type`, `column_remarks`, `nullable`, `java_name`, `java_type`, `java_type_package_name`, `is_form`, `is_keyword`, `is_advanced_search`, `list_show`, `detail_show`, `is_excel`, `is_required`, `opt_element`, `dict_domain_code`, `create_by`, `create_username`, `create_time`, `update_by`, `update_username`, `update_time`, `is_del`) VALUES (1713732766090170370, 'operation_log', 0, 'id', 'BIGINT(19)', '主键ID', 0, 'id', 'Long', 'java.lang.String', 1, 1, 1, 1, 1, 1, 1, 'input', NULL, 1685176293110329345, 'heyzoe', 1697420705710, NULL, NULL, NULL, 0);
INSERT INTO `generate_column` (`id`, `table_name`, `is_primary_key`, `column_name`, `column_type`, `column_remarks`, `nullable`, `java_name`, `java_type`, `java_type_package_name`, `is_form`, `is_keyword`, `is_advanced_search`, `list_show`, `detail_show`, `is_excel`, `is_required`, `opt_element`, `dict_domain_code`, `create_by`, `create_username`, `create_time`, `update_by`, `update_username`, `update_time`, `is_del`) VALUES (1713732766098558978, 'operation_log', 1, 'ip', 'VARCHAR(50)', 'ip地址', 1, 'ip', 'String', 'java.lang.String', 0, 0, 0, 0, 0, 0, 0, 'input', NULL, 1685176293110329345, 'heyzoe', 1697420705711, NULL, NULL, NULL, 0);
INSERT INTO `generate_column` (`id`, `table_name`, `is_primary_key`, `column_name`, `column_type`, `column_remarks`, `nullable`, `java_name`, `java_type`, `java_type_package_name`, `is_form`, `is_keyword`, `is_advanced_search`, `list_show`, `detail_show`, `is_excel`, `is_required`, `opt_element`, `dict_domain_code`, `create_by`, `create_username`, `create_time`, `update_by`, `update_username`, `update_time`, `is_del`) VALUES (1713732766102753281, 'operation_log', 1, 'request_method', 'VARCHAR(255)', '调用方法路径', 1, 'requestMethod', 'String', 'java.lang.String', 0, 0, 0, 0, 0, 0, 0, 'input', NULL, 1685176293110329345, 'heyzoe', 1697420705712, NULL, NULL, NULL, 0);
INSERT INTO `generate_column` (`id`, `table_name`, `is_primary_key`, `column_name`, `column_type`, `column_remarks`, `nullable`, `java_name`, `java_type`, `java_type_package_name`, `is_form`, `is_keyword`, `is_advanced_search`, `list_show`, `detail_show`, `is_excel`, `is_required`, `opt_element`, `dict_domain_code`, `create_by`, `create_username`, `create_time`, `update_by`, `update_username`, `update_time`, `is_del`) VALUES (1713732766106947585, 'operation_log', 1, 'request_way', 'VARCHAR(20)', '请求方式', 0, 'requestWay', 'String', 'java.lang.String', 0, 0, 0, 0, 0, 0, 0, 'input', NULL, 1685176293110329345, 'heyzoe', 1697420705714, NULL, NULL, NULL, 0);
INSERT INTO `generate_column` (`id`, `table_name`, `is_primary_key`, `column_name`, `column_type`, `column_remarks`, `nullable`, `java_name`, `java_type`, `java_type_package_name`, `is_form`, `is_keyword`, `is_advanced_search`, `list_show`, `detail_show`, `is_excel`, `is_required`, `opt_element`, `dict_domain_code`, `create_by`, `create_username`, `create_time`, `update_by`, `update_username`, `update_time`, `is_del`) VALUES (1713732766115336193, 'operation_log', 1, 'request_url', 'VARCHAR(255)', '请求url', 0, 'requestUrl', 'String', 'java.lang.String', 0, 0, 0, 0, 0, 0, 0, 'input', NULL, 1685176293110329345, 'heyzoe', 1697420705715, NULL, NULL, NULL, 0);
INSERT INTO `generate_column` (`id`, `table_name`, `is_primary_key`, `column_name`, `column_type`, `column_remarks`, `nullable`, `java_name`, `java_type`, `java_type_package_name`, `is_form`, `is_keyword`, `is_advanced_search`, `list_show`, `detail_show`, `is_excel`, `is_required`, `opt_element`, `dict_domain_code`, `create_by`, `create_username`, `create_time`, `update_by`, `update_username`, `update_time`, `is_del`) VALUES (1713732766119530498, 'operation_log', 1, 'request_param', 'TEXT(65535)', '请求参数', 1, 'requestParam', 'String', 'java.lang.String', 0, 0, 0, 0, 0, 0, 0, 'textarea', NULL, 1685176293110329345, 'heyzoe', 1697420705717, NULL, NULL, NULL, 0);
INSERT INTO `generate_column` (`id`, `table_name`, `is_primary_key`, `column_name`, `column_type`, `column_remarks`, `nullable`, `java_name`, `java_type`, `java_type_package_name`, `is_form`, `is_keyword`, `is_advanced_search`, `list_show`, `detail_show`, `is_excel`, `is_required`, `opt_element`, `dict_domain_code`, `create_by`, `create_username`, `create_time`, `update_by`, `update_username`, `update_time`, `is_del`) VALUES (1713732766127919105, 'operation_log', 1, 'operate_module', 'VARCHAR(255)', '操作模块', 1, 'operateModule', 'String', 'java.lang.String', 0, 0, 0, 0, 0, 0, 0, 'input', NULL, 1685176293110329345, 'heyzoe', 1697420705719, NULL, NULL, NULL, 0);
INSERT INTO `generate_column` (`id`, `table_name`, `is_primary_key`, `column_name`, `column_type`, `column_remarks`, `nullable`, `java_name`, `java_type`, `java_type_package_name`, `is_form`, `is_keyword`, `is_advanced_search`, `list_show`, `detail_show`, `is_excel`, `is_required`, `opt_element`, `dict_domain_code`, `create_by`, `create_username`, `create_time`, `update_by`, `update_username`, `update_time`, `is_del`) VALUES (1713732766136307713, 'operation_log', 1, 'operate_type', 'VARCHAR(100)', '操作类别', 1, 'operateType', 'String', 'java.lang.String', 0, 0, 0, 0, 0, 0, 0, 'input', NULL, 1685176293110329345, 'heyzoe', 1697420705722, NULL, NULL, NULL, 0);
INSERT INTO `generate_column` (`id`, `table_name`, `is_primary_key`, `column_name`, `column_type`, `column_remarks`, `nullable`, `java_name`, `java_type`, `java_type_package_name`, `is_form`, `is_keyword`, `is_advanced_search`, `list_show`, `detail_show`, `is_excel`, `is_required`, `opt_element`, `dict_domain_code`, `create_by`, `create_username`, `create_time`, `update_by`, `update_username`, `update_time`, `is_del`) VALUES (1713732766148890626, 'operation_log', 1, 'operator_type', 'VARCHAR(50)', '操作人类别', 1, 'operatorType', 'String', 'java.lang.String', 0, 0, 0, 0, 0, 0, 0, 'input', NULL, 1685176293110329345, 'heyzoe', 1697420705723, NULL, NULL, NULL, 0);
INSERT INTO `generate_column` (`id`, `table_name`, `is_primary_key`, `column_name`, `column_type`, `column_remarks`, `nullable`, `java_name`, `java_type`, `java_type_package_name`, `is_form`, `is_keyword`, `is_advanced_search`, `list_show`, `detail_show`, `is_excel`, `is_required`, `opt_element`, `dict_domain_code`, `create_by`, `create_username`, `create_time`, `update_by`, `update_username`, `update_time`, `is_del`) VALUES (1713732766153084929, 'operation_log', 1, 'start_time', 'BIGINT(19)', '请求开始时间/ms', 0, 'startTime', 'Long', 'java.lang.String', 0, 0, 0, 0, 0, 0, 0, 'input', NULL, 1685176293110329345, 'heyzoe', 1697420705724, NULL, NULL, NULL, 0);
INSERT INTO `generate_column` (`id`, `table_name`, `is_primary_key`, `column_name`, `column_type`, `column_remarks`, `nullable`, `java_name`, `java_type`, `java_type_package_name`, `is_form`, `is_keyword`, `is_advanced_search`, `list_show`, `detail_show`, `is_excel`, `is_required`, `opt_element`, `dict_domain_code`, `create_by`, `create_username`, `create_time`, `update_by`, `update_username`, `update_time`, `is_del`) VALUES (1713732766157279233, 'operation_log', 1, 'end_time', 'BIGINT(19)', '请求结束时间/ms', 0, 'endTime', 'Long', 'java.lang.String', 0, 0, 0, 0, 0, 0, 0, 'input', NULL, 1685176293110329345, 'heyzoe', 1697420705725, NULL, NULL, NULL, 0);
INSERT INTO `generate_column` (`id`, `table_name`, `is_primary_key`, `column_name`, `column_type`, `column_remarks`, `nullable`, `java_name`, `java_type`, `java_type_package_name`, `is_form`, `is_keyword`, `is_advanced_search`, `list_show`, `detail_show`, `is_excel`, `is_required`, `opt_element`, `dict_domain_code`, `create_by`, `create_username`, `create_time`, `update_by`, `update_username`, `update_time`, `is_del`) VALUES (1713732766161473538, 'operation_log', 1, 'handle_time', 'BIGINT(19)', '处理时间/ms', 0, 'handleTime', 'Long', 'java.lang.String', 0, 0, 0, 0, 0, 0, 0, 'input', NULL, 1685176293110329345, 'heyzoe', 1697420705726, NULL, NULL, NULL, 0);
INSERT INTO `generate_column` (`id`, `table_name`, `is_primary_key`, `column_name`, `column_type`, `column_remarks`, `nullable`, `java_name`, `java_type`, `java_type_package_name`, `is_form`, `is_keyword`, `is_advanced_search`, `list_show`, `detail_show`, `is_excel`, `is_required`, `opt_element`, `dict_domain_code`, `create_by`, `create_username`, `create_time`, `update_by`, `update_username`, `update_time`, `is_del`) VALUES (1713732766165667841, 'operation_log', 1, 'operate_status', 'VARCHAR(10)', '操作状态 #SUCCESS：成功，FAIL：失败', 1, 'operateStatus', 'String', 'java.lang.String', 0, 0, 0, 0, 0, 0, 0, 'select', 'operation_log_operate_status', 1685176293110329345, 'heyzoe', 1697420705727, NULL, NULL, NULL, 0);
INSERT INTO `generate_column` (`id`, `table_name`, `is_primary_key`, `column_name`, `column_type`, `column_remarks`, `nullable`, `java_name`, `java_type`, `java_type_package_name`, `is_form`, `is_keyword`, `is_advanced_search`, `list_show`, `detail_show`, `is_excel`, `is_required`, `opt_element`, `dict_domain_code`, `create_by`, `create_username`, `create_time`, `update_by`, `update_username`, `update_time`, `is_del`) VALUES (1713732766169862146, 'operation_log', 1, 'response_param', 'TEXT(65535)', '返回参数', 1, 'responseParam', 'String', 'java.lang.String', 0, 0, 0, 0, 0, 0, 0, 'textarea', NULL, 1685176293110329345, 'heyzoe', 1697420705728, NULL, NULL, NULL, 0);
INSERT INTO `generate_column` (`id`, `table_name`, `is_primary_key`, `column_name`, `column_type`, `column_remarks`, `nullable`, `java_name`, `java_type`, `java_type_package_name`, `is_form`, `is_keyword`, `is_advanced_search`, `list_show`, `detail_show`, `is_excel`, `is_required`, `opt_element`, `dict_domain_code`, `create_by`, `create_username`, `create_time`, `update_by`, `update_username`, `update_time`, `is_del`) VALUES (1713732766174056449, 'operation_log', 1, 'error_exception', 'TEXT(65535)', '错误异常', 1, 'errorException', 'String', 'java.lang.String', 0, 0, 0, 0, 0, 0, 0, 'textarea', NULL, 1685176293110329345, 'heyzoe', 1697420705729, NULL, NULL, NULL, 0);
INSERT INTO `generate_column` (`id`, `table_name`, `is_primary_key`, `column_name`, `column_type`, `column_remarks`, `nullable`, `java_name`, `java_type`, `java_type_package_name`, `is_form`, `is_keyword`, `is_advanced_search`, `list_show`, `detail_show`, `is_excel`, `is_required`, `opt_element`, `dict_domain_code`, `create_by`, `create_username`, `create_time`, `update_by`, `update_username`, `update_time`, `is_del`) VALUES (1713732766178250753, 'operation_log', 1, 'create_by', 'BIGINT(19)', '创建者', 0, 'createBy', 'Long', 'java.lang.String', 0, 0, 0, 0, 0, 0, 0, 'input', NULL, 1685176293110329345, 'heyzoe', 1697420705730, NULL, NULL, NULL, 0);
INSERT INTO `generate_column` (`id`, `table_name`, `is_primary_key`, `column_name`, `column_type`, `column_remarks`, `nullable`, `java_name`, `java_type`, `java_type_package_name`, `is_form`, `is_keyword`, `is_advanced_search`, `list_show`, `detail_show`, `is_excel`, `is_required`, `opt_element`, `dict_domain_code`, `create_by`, `create_username`, `create_time`, `update_by`, `update_username`, `update_time`, `is_del`) VALUES (1713732766182445058, 'operation_log', 1, 'create_username', 'VARCHAR(20)', '创建者账号', 0, 'createUsername', 'String', 'java.lang.String', 0, 0, 0, 0, 0, 0, 0, 'input', NULL, 1685176293110329345, 'heyzoe', 1697420705732, NULL, NULL, NULL, 0);
INSERT INTO `generate_column` (`id`, `table_name`, `is_primary_key`, `column_name`, `column_type`, `column_remarks`, `nullable`, `java_name`, `java_type`, `java_type_package_name`, `is_form`, `is_keyword`, `is_advanced_search`, `list_show`, `detail_show`, `is_excel`, `is_required`, `opt_element`, `dict_domain_code`, `create_by`, `create_username`, `create_time`, `update_by`, `update_username`, `update_time`, `is_del`) VALUES (1713732766190833666, 'operation_log', 1, 'create_time', 'BIGINT(19)', '创建时间', 0, 'createTime', 'Long', 'java.lang.String', 0, 0, 0, 0, 0, 0, 0, 'datetimepicker', NULL, 1685176293110329345, 'heyzoe', 1697420705733, NULL, NULL, NULL, 0);
INSERT INTO `generate_column` (`id`, `table_name`, `is_primary_key`, `column_name`, `column_type`, `column_remarks`, `nullable`, `java_name`, `java_type`, `java_type_package_name`, `is_form`, `is_keyword`, `is_advanced_search`, `list_show`, `detail_show`, `is_excel`, `is_required`, `opt_element`, `dict_domain_code`, `create_by`, `create_username`, `create_time`, `update_by`, `update_username`, `update_time`, `is_del`) VALUES (1713732882167533570, 'login_log', 0, 'id', 'BIGINT(19)', '主键ID', 0, 'id', 'Long', 'java.lang.String', 1, 1, 1, 1, 1, 1, 1, 'input', NULL, 1685176293110329345, 'heyzoe', 1697420733384, NULL, NULL, NULL, 0);
INSERT INTO `generate_column` (`id`, `table_name`, `is_primary_key`, `column_name`, `column_type`, `column_remarks`, `nullable`, `java_name`, `java_type`, `java_type_package_name`, `is_form`, `is_keyword`, `is_advanced_search`, `list_show`, `detail_show`, `is_excel`, `is_required`, `opt_element`, `dict_domain_code`, `create_by`, `create_username`, `create_time`, `update_by`, `update_username`, `update_time`, `is_del`) VALUES (1713732882171727873, 'login_log', 1, 'username', 'VARCHAR(100)', '登录用户账号', 1, 'username', 'String', 'java.lang.String', 0, 0, 0, 0, 0, 0, 0, 'input', NULL, 1685176293110329345, 'heyzoe', 1697420733386, NULL, NULL, NULL, 0);
INSERT INTO `generate_column` (`id`, `table_name`, `is_primary_key`, `column_name`, `column_type`, `column_remarks`, `nullable`, `java_name`, `java_type`, `java_type_package_name`, `is_form`, `is_keyword`, `is_advanced_search`, `list_show`, `detail_show`, `is_excel`, `is_required`, `opt_element`, `dict_domain_code`, `create_by`, `create_username`, `create_time`, `update_by`, `update_username`, `update_time`, `is_del`) VALUES (1713732882180116482, 'login_log', 1, 'ip', 'VARCHAR(50)', 'ip地址', 1, 'ip', 'String', 'java.lang.String', 0, 0, 0, 0, 0, 0, 0, 'input', NULL, 1685176293110329345, 'heyzoe', 1697420733387, NULL, NULL, NULL, 0);
INSERT INTO `generate_column` (`id`, `table_name`, `is_primary_key`, `column_name`, `column_type`, `column_remarks`, `nullable`, `java_name`, `java_type`, `java_type_package_name`, `is_form`, `is_keyword`, `is_advanced_search`, `list_show`, `detail_show`, `is_excel`, `is_required`, `opt_element`, `dict_domain_code`, `create_by`, `create_username`, `create_time`, `update_by`, `update_username`, `update_time`, `is_del`) VALUES (1713732882184310785, 'login_log', 1, 'browser', 'VARCHAR(50)', '登录浏览器', 1, 'browser', 'String', 'java.lang.String', 0, 0, 0, 0, 0, 0, 0, 'input', NULL, 1685176293110329345, 'heyzoe', 1697420733388, NULL, NULL, NULL, 0);
INSERT INTO `generate_column` (`id`, `table_name`, `is_primary_key`, `column_name`, `column_type`, `column_remarks`, `nullable`, `java_name`, `java_type`, `java_type_package_name`, `is_form`, `is_keyword`, `is_advanced_search`, `list_show`, `detail_show`, `is_excel`, `is_required`, `opt_element`, `dict_domain_code`, `create_by`, `create_username`, `create_time`, `update_by`, `update_username`, `update_time`, `is_del`) VALUES (1713732882188505089, 'login_log', 1, 'os', 'VARCHAR(50)', '操作系统', 1, 'os', 'String', 'java.lang.String', 0, 0, 0, 0, 0, 0, 0, 'input', NULL, 1685176293110329345, 'heyzoe', 1697420733389, NULL, NULL, NULL, 0);
INSERT INTO `generate_column` (`id`, `table_name`, `is_primary_key`, `column_name`, `column_type`, `column_remarks`, `nullable`, `java_name`, `java_type`, `java_type_package_name`, `is_form`, `is_keyword`, `is_advanced_search`, `list_show`, `detail_show`, `is_excel`, `is_required`, `opt_element`, `dict_domain_code`, `create_by`, `create_username`, `create_time`, `update_by`, `update_username`, `update_time`, `is_del`) VALUES (1713732882192699394, 'login_log', 1, 'engine', 'VARCHAR(100)', '浏览器引擎', 1, 'engine', 'String', 'java.lang.String', 0, 0, 0, 0, 0, 0, 0, 'input', NULL, 1685176293110329345, 'heyzoe', 1697420733390, NULL, NULL, NULL, 0);
INSERT INTO `generate_column` (`id`, `table_name`, `is_primary_key`, `column_name`, `column_type`, `column_remarks`, `nullable`, `java_name`, `java_type`, `java_type_package_name`, `is_form`, `is_keyword`, `is_advanced_search`, `list_show`, `detail_show`, `is_excel`, `is_required`, `opt_element`, `dict_domain_code`, `create_by`, `create_username`, `create_time`, `update_by`, `update_username`, `update_time`, `is_del`) VALUES (1713732882196893698, 'login_log', 1, 'pro', 'VARCHAR(50)', '省', 1, 'pro', 'String', 'java.lang.String', 0, 0, 0, 0, 0, 0, 0, 'input', NULL, 1685176293110329345, 'heyzoe', 1697420733391, NULL, NULL, NULL, 0);
INSERT INTO `generate_column` (`id`, `table_name`, `is_primary_key`, `column_name`, `column_type`, `column_remarks`, `nullable`, `java_name`, `java_type`, `java_type_package_name`, `is_form`, `is_keyword`, `is_advanced_search`, `list_show`, `detail_show`, `is_excel`, `is_required`, `opt_element`, `dict_domain_code`, `create_by`, `create_username`, `create_time`, `update_by`, `update_username`, `update_time`, `is_del`) VALUES (1713732882201088001, 'login_log', 1, 'pro_code', 'VARCHAR(20)', '省份编码', 1, 'proCode', 'String', 'java.lang.String', 0, 0, 0, 0, 0, 0, 0, 'input', NULL, 1685176293110329345, 'heyzoe', 1697420733392, NULL, NULL, NULL, 0);
INSERT INTO `generate_column` (`id`, `table_name`, `is_primary_key`, `column_name`, `column_type`, `column_remarks`, `nullable`, `java_name`, `java_type`, `java_type_package_name`, `is_form`, `is_keyword`, `is_advanced_search`, `list_show`, `detail_show`, `is_excel`, `is_required`, `opt_element`, `dict_domain_code`, `create_by`, `create_username`, `create_time`, `update_by`, `update_username`, `update_time`, `is_del`) VALUES (1713732882205282306, 'login_log', 1, 'city', 'VARCHAR(50)', '市', 1, 'city', 'String', 'java.lang.String', 0, 0, 0, 0, 0, 0, 0, 'input', NULL, 1685176293110329345, 'heyzoe', 1697420733393, NULL, NULL, NULL, 0);
INSERT INTO `generate_column` (`id`, `table_name`, `is_primary_key`, `column_name`, `column_type`, `column_remarks`, `nullable`, `java_name`, `java_type`, `java_type_package_name`, `is_form`, `is_keyword`, `is_advanced_search`, `list_show`, `detail_show`, `is_excel`, `is_required`, `opt_element`, `dict_domain_code`, `create_by`, `create_username`, `create_time`, `update_by`, `update_username`, `update_time`, `is_del`) VALUES (1713732882209476610, 'login_log', 1, 'city_code', 'VARCHAR(20)', '市编码', 1, 'cityCode', 'String', 'java.lang.String', 0, 0, 0, 0, 0, 0, 0, 'input', NULL, 1685176293110329345, 'heyzoe', 1697420733394, NULL, NULL, NULL, 0);
INSERT INTO `generate_column` (`id`, `table_name`, `is_primary_key`, `column_name`, `column_type`, `column_remarks`, `nullable`, `java_name`, `java_type`, `java_type_package_name`, `is_form`, `is_keyword`, `is_advanced_search`, `list_show`, `detail_show`, `is_excel`, `is_required`, `opt_element`, `dict_domain_code`, `create_by`, `create_username`, `create_time`, `update_by`, `update_username`, `update_time`, `is_del`) VALUES (1713732882213670914, 'login_log', 1, 'addr', 'VARCHAR(100)', '地址', 1, 'addr', 'String', 'java.lang.String', 0, 0, 0, 0, 0, 0, 0, 'input', NULL, 1685176293110329345, 'heyzoe', 1697420733396, NULL, NULL, NULL, 0);
INSERT INTO `generate_column` (`id`, `table_name`, `is_primary_key`, `column_name`, `column_type`, `column_remarks`, `nullable`, `java_name`, `java_type`, `java_type_package_name`, `is_form`, `is_keyword`, `is_advanced_search`, `list_show`, `detail_show`, `is_excel`, `is_required`, `opt_element`, `dict_domain_code`, `create_by`, `create_username`, `create_time`, `update_by`, `update_username`, `update_time`, `is_del`) VALUES (1713732882222059522, 'login_log', 1, 'status', 'VARCHAR(20)', '登录状态 #SUCCESS：成功, FAIL：失败', 0, 'status', 'String', 'java.lang.String', 0, 0, 0, 0, 0, 0, 0, 'select', 'login_log_status', 1685176293110329345, 'heyzoe', 1697420733399, NULL, NULL, NULL, 0);
INSERT INTO `generate_column` (`id`, `table_name`, `is_primary_key`, `column_name`, `column_type`, `column_remarks`, `nullable`, `java_name`, `java_type`, `java_type_package_name`, `is_form`, `is_keyword`, `is_advanced_search`, `list_show`, `detail_show`, `is_excel`, `is_required`, `opt_element`, `dict_domain_code`, `create_by`, `create_username`, `create_time`, `update_by`, `update_username`, `update_time`, `is_del`) VALUES (1713732882234642433, 'login_log', 1, 'remarks', 'VARCHAR(255)', '备注', 1, 'remarks', 'String', 'java.lang.String', 0, 0, 0, 0, 0, 0, 0, 'input', NULL, 1685176293110329345, 'heyzoe', 1697420733400, NULL, NULL, NULL, 0);
INSERT INTO `generate_column` (`id`, `table_name`, `is_primary_key`, `column_name`, `column_type`, `column_remarks`, `nullable`, `java_name`, `java_type`, `java_type_package_name`, `is_form`, `is_keyword`, `is_advanced_search`, `list_show`, `detail_show`, `is_excel`, `is_required`, `opt_element`, `dict_domain_code`, `create_by`, `create_username`, `create_time`, `update_by`, `update_username`, `update_time`, `is_del`) VALUES (1713732882238836738, 'login_log', 1, 'create_by', 'BIGINT(19)', '创建者', 0, 'createBy', 'Long', 'java.lang.String', 0, 0, 0, 0, 0, 0, 0, 'input', NULL, 1685176293110329345, 'heyzoe', 1697420733401, NULL, NULL, NULL, 0);
INSERT INTO `generate_column` (`id`, `table_name`, `is_primary_key`, `column_name`, `column_type`, `column_remarks`, `nullable`, `java_name`, `java_type`, `java_type_package_name`, `is_form`, `is_keyword`, `is_advanced_search`, `list_show`, `detail_show`, `is_excel`, `is_required`, `opt_element`, `dict_domain_code`, `create_by`, `create_username`, `create_time`, `update_by`, `update_username`, `update_time`, `is_del`) VALUES (1713732882243031042, 'login_log', 1, 'create_username', 'VARCHAR(20)', '创建者账号', 0, 'createUsername', 'String', 'java.lang.String', 0, 0, 0, 0, 0, 0, 0, 'input', NULL, 1685176293110329345, 'heyzoe', 1697420733402, NULL, NULL, NULL, 0);
INSERT INTO `generate_column` (`id`, `table_name`, `is_primary_key`, `column_name`, `column_type`, `column_remarks`, `nullable`, `java_name`, `java_type`, `java_type_package_name`, `is_form`, `is_keyword`, `is_advanced_search`, `list_show`, `detail_show`, `is_excel`, `is_required`, `opt_element`, `dict_domain_code`, `create_by`, `create_username`, `create_time`, `update_by`, `update_username`, `update_time`, `is_del`) VALUES (1713732882247225346, 'login_log', 1, 'create_time', 'BIGINT(19)', '创建时间', 0, 'createTime', 'Long', 'java.lang.String', 0, 0, 0, 0, 0, 0, 0, 'datetimepicker', NULL, 1685176293110329345, 'heyzoe', 1697420733403, NULL, NULL, NULL, 0);
INSERT INTO `generate_column` (`id`, `table_name`, `is_primary_key`, `column_name`, `column_type`, `column_remarks`, `nullable`, `java_name`, `java_type`, `java_type_package_name`, `is_form`, `is_keyword`, `is_advanced_search`, `list_show`, `detail_show`, `is_excel`, `is_required`, `opt_element`, `dict_domain_code`, `create_by`, `create_username`, `create_time`, `update_by`, `update_username`, `update_time`, `is_del`) VALUES (1713736986944114690, 'menu', 0, 'id', 'BIGINT(19)', 'id', 0, 'id', 'Long', 'java.lang.String', 1, 1, 1, 1, 1, 1, 1, 'input', NULL, 1685177044733800449, 'yyqyyq', 1697421712039, NULL, NULL, NULL, 1);
INSERT INTO `generate_column` (`id`, `table_name`, `is_primary_key`, `column_name`, `column_type`, `column_remarks`, `nullable`, `java_name`, `java_type`, `java_type_package_name`, `is_form`, `is_keyword`, `is_advanced_search`, `list_show`, `detail_show`, `is_excel`, `is_required`, `opt_element`, `dict_domain_code`, `create_by`, `create_username`, `create_time`, `update_by`, `update_username`, `update_time`, `is_del`) VALUES (1713736986948308994, 'menu', 1, 'parent_id', 'BIGINT(19)', '父级菜单ID，为0则代表最上级菜单', 0, 'parentId', 'Long', 'java.lang.String', 0, 0, 0, 0, 0, 0, 0, 'input', NULL, 1685177044733800449, 'yyqyyq', 1697421712040, NULL, NULL, NULL, 1);
INSERT INTO `generate_column` (`id`, `table_name`, `is_primary_key`, `column_name`, `column_type`, `column_remarks`, `nullable`, `java_name`, `java_type`, `java_type_package_name`, `is_form`, `is_keyword`, `is_advanced_search`, `list_show`, `detail_show`, `is_excel`, `is_required`, `opt_element`, `dict_domain_code`, `create_by`, `create_username`, `create_time`, `update_by`, `update_username`, `update_time`, `is_del`) VALUES (1713736986952503297, 'menu', 1, 'icon', 'VARCHAR(100)', '菜单图标', 1, 'icon', 'String', 'java.lang.String', 0, 0, 0, 0, 0, 0, 0, 'input', NULL, 1685177044733800449, 'yyqyyq', 1697421712041, NULL, NULL, NULL, 1);
INSERT INTO `generate_column` (`id`, `table_name`, `is_primary_key`, `column_name`, `column_type`, `column_remarks`, `nullable`, `java_name`, `java_type`, `java_type_package_name`, `is_form`, `is_keyword`, `is_advanced_search`, `list_show`, `detail_show`, `is_excel`, `is_required`, `opt_element`, `dict_domain_code`, `create_by`, `create_username`, `create_time`, `update_by`, `update_username`, `update_time`, `is_del`) VALUES (1713736986956697601, 'menu', 1, 'label', 'VARCHAR(50)', '菜单名称', 0, 'label', 'String', 'java.lang.String', 0, 0, 0, 0, 0, 0, 0, 'input', NULL, 1685177044733800449, 'yyqyyq', 1697421712042, NULL, NULL, NULL, 1);
INSERT INTO `generate_column` (`id`, `table_name`, `is_primary_key`, `column_name`, `column_type`, `column_remarks`, `nullable`, `java_name`, `java_type`, `java_type_package_name`, `is_form`, `is_keyword`, `is_advanced_search`, `list_show`, `detail_show`, `is_excel`, `is_required`, `opt_element`, `dict_domain_code`, `create_by`, `create_username`, `create_time`, `update_by`, `update_username`, `update_time`, `is_del`) VALUES (1713736986960891905, 'menu', 1, 'path', 'VARCHAR(255)', '路由地址', 1, 'path', 'String', 'java.lang.String', 0, 0, 0, 0, 0, 0, 0, 'input', NULL, 1685177044733800449, 'yyqyyq', 1697421712043, NULL, NULL, NULL, 1);
INSERT INTO `generate_column` (`id`, `table_name`, `is_primary_key`, `column_name`, `column_type`, `column_remarks`, `nullable`, `java_name`, `java_type`, `java_type_package_name`, `is_form`, `is_keyword`, `is_advanced_search`, `list_show`, `detail_show`, `is_excel`, `is_required`, `opt_element`, `dict_domain_code`, `create_by`, `create_username`, `create_time`, `update_by`, `update_username`, `update_time`, `is_del`) VALUES (1713736986965086210, 'menu', 1, 'component', 'VARCHAR(255)', '组件路径', 1, 'component', 'String', 'java.lang.String', 0, 0, 0, 0, 0, 0, 0, 'input', NULL, 1685177044733800449, 'yyqyyq', 1697421712044, NULL, NULL, NULL, 1);
INSERT INTO `generate_column` (`id`, `table_name`, `is_primary_key`, `column_name`, `column_type`, `column_remarks`, `nullable`, `java_name`, `java_type`, `java_type_package_name`, `is_form`, `is_keyword`, `is_advanced_search`, `list_show`, `detail_show`, `is_excel`, `is_required`, `opt_element`, `dict_domain_code`, `create_by`, `create_username`, `create_time`, `update_by`, `update_username`, `update_time`, `is_del`) VALUES (1713736986969280514, 'menu', 1, 'permission', 'VARCHAR(255)', '权限字符', 1, 'permission', 'String', 'java.lang.String', 0, 0, 0, 0, 0, 0, 0, 'input', NULL, 1685177044733800449, 'yyqyyq', 1697421712046, NULL, NULL, NULL, 1);
INSERT INTO `generate_column` (`id`, `table_name`, `is_primary_key`, `column_name`, `column_type`, `column_remarks`, `nullable`, `java_name`, `java_type`, `java_type_package_name`, `is_form`, `is_keyword`, `is_advanced_search`, `list_show`, `detail_show`, `is_excel`, `is_required`, `opt_element`, `dict_domain_code`, `create_by`, `create_username`, `create_time`, `update_by`, `update_username`, `update_time`, `is_del`) VALUES (1713736986977669121, 'menu', 1, 'type', 'INT(10)', '菜单类型 #1：目录，  2：菜单， 3：接口', 0, 'type', 'Integer', 'java.lang.String', 0, 0, 0, 0, 0, 0, 0, 'select', 'menu_type', 1685177044733800449, 'yyqyyq', 1697421712047, NULL, NULL, NULL, 1);
INSERT INTO `generate_column` (`id`, `table_name`, `is_primary_key`, `column_name`, `column_type`, `column_remarks`, `nullable`, `java_name`, `java_type`, `java_type_package_name`, `is_form`, `is_keyword`, `is_advanced_search`, `list_show`, `detail_show`, `is_excel`, `is_required`, `opt_element`, `dict_domain_code`, `create_by`, `create_username`, `create_time`, `update_by`, `update_username`, `update_time`, `is_del`) VALUES (1713736986981863425, 'menu', 1, 'status', 'INT(10)', '菜单状态 #1：正常， 2：禁用', 0, 'status', 'Integer', 'java.lang.String', 0, 0, 0, 0, 0, 0, 0, 'select', 'menu_status', 1685177044733800449, 'yyqyyq', 1697421712048, NULL, NULL, NULL, 1);
INSERT INTO `generate_column` (`id`, `table_name`, `is_primary_key`, `column_name`, `column_type`, `column_remarks`, `nullable`, `java_name`, `java_type`, `java_type_package_name`, `is_form`, `is_keyword`, `is_advanced_search`, `list_show`, `detail_show`, `is_excel`, `is_required`, `opt_element`, `dict_domain_code`, `create_by`, `create_username`, `create_time`, `update_by`, `update_username`, `update_time`, `is_del`) VALUES (1713736986986057730, 'menu', 1, 'show_status', 'INT(10)', '显示状态 #1：显示， 2：隐藏', 0, 'showStatus', 'Integer', 'java.lang.String', 0, 0, 0, 0, 0, 0, 0, 'select', 'menu_show_status', 1685177044733800449, 'yyqyyq', 1697421712049, NULL, NULL, NULL, 1);
INSERT INTO `generate_column` (`id`, `table_name`, `is_primary_key`, `column_name`, `column_type`, `column_remarks`, `nullable`, `java_name`, `java_type`, `java_type_package_name`, `is_form`, `is_keyword`, `is_advanced_search`, `list_show`, `detail_show`, `is_excel`, `is_required`, `opt_element`, `dict_domain_code`, `create_by`, `create_username`, `create_time`, `update_by`, `update_username`, `update_time`, `is_del`) VALUES (1713736986990252034, 'menu', 1, 'sort', 'INT(10)', '排序', 0, 'sort', 'Integer', 'java.lang.String', 0, 0, 0, 0, 0, 0, 0, 'input', NULL, 1685177044733800449, 'yyqyyq', 1697421712050, NULL, NULL, NULL, 1);
INSERT INTO `generate_column` (`id`, `table_name`, `is_primary_key`, `column_name`, `column_type`, `column_remarks`, `nullable`, `java_name`, `java_type`, `java_type_package_name`, `is_form`, `is_keyword`, `is_advanced_search`, `list_show`, `detail_show`, `is_excel`, `is_required`, `opt_element`, `dict_domain_code`, `create_by`, `create_username`, `create_time`, `update_by`, `update_username`, `update_time`, `is_del`) VALUES (1713736986994446337, 'menu', 1, 'remarks', 'VARCHAR(255)', '备注', 1, 'remarks', 'String', 'java.lang.String', 0, 0, 0, 0, 0, 0, 0, 'input', NULL, 1685177044733800449, 'yyqyyq', 1697421712051, NULL, NULL, NULL, 1);
INSERT INTO `generate_column` (`id`, `table_name`, `is_primary_key`, `column_name`, `column_type`, `column_remarks`, `nullable`, `java_name`, `java_type`, `java_type_package_name`, `is_form`, `is_keyword`, `is_advanced_search`, `list_show`, `detail_show`, `is_excel`, `is_required`, `opt_element`, `dict_domain_code`, `create_by`, `create_username`, `create_time`, `update_by`, `update_username`, `update_time`, `is_del`) VALUES (1713736986998640642, 'menu', 1, 'create_by', 'BIGINT(19)', '创建者', 0, 'createBy', 'Long', 'java.lang.String', 0, 0, 0, 0, 0, 0, 0, 'input', NULL, 1685177044733800449, 'yyqyyq', 1697421712052, NULL, NULL, NULL, 1);
INSERT INTO `generate_column` (`id`, `table_name`, `is_primary_key`, `column_name`, `column_type`, `column_remarks`, `nullable`, `java_name`, `java_type`, `java_type_package_name`, `is_form`, `is_keyword`, `is_advanced_search`, `list_show`, `detail_show`, `is_excel`, `is_required`, `opt_element`, `dict_domain_code`, `create_by`, `create_username`, `create_time`, `update_by`, `update_username`, `update_time`, `is_del`) VALUES (1713736987002834945, 'menu', 1, 'create_username', 'VARCHAR(20)', '创建者账号', 0, 'createUsername', 'String', 'java.lang.String', 0, 0, 0, 0, 0, 0, 0, 'input', NULL, 1685177044733800449, 'yyqyyq', 1697421712053, NULL, NULL, NULL, 1);
INSERT INTO `generate_column` (`id`, `table_name`, `is_primary_key`, `column_name`, `column_type`, `column_remarks`, `nullable`, `java_name`, `java_type`, `java_type_package_name`, `is_form`, `is_keyword`, `is_advanced_search`, `list_show`, `detail_show`, `is_excel`, `is_required`, `opt_element`, `dict_domain_code`, `create_by`, `create_username`, `create_time`, `update_by`, `update_username`, `update_time`, `is_del`) VALUES (1713736987007029250, 'menu', 1, 'create_time', 'BIGINT(19)', '创建时间', 0, 'createTime', 'Long', 'java.lang.String', 0, 0, 0, 0, 0, 0, 0, 'datetimepicker', NULL, 1685177044733800449, 'yyqyyq', 1697421712054, NULL, NULL, NULL, 1);
INSERT INTO `generate_column` (`id`, `table_name`, `is_primary_key`, `column_name`, `column_type`, `column_remarks`, `nullable`, `java_name`, `java_type`, `java_type_package_name`, `is_form`, `is_keyword`, `is_advanced_search`, `list_show`, `detail_show`, `is_excel`, `is_required`, `opt_element`, `dict_domain_code`, `create_by`, `create_username`, `create_time`, `update_by`, `update_username`, `update_time`, `is_del`) VALUES (1713737132842979330, 'menu', 0, 'id', 'BIGINT(19)', 'id', 0, 'id', 'Long', 'java.lang.String', 1, 1, 1, 1, 1, 1, 1, 'input', NULL, 1685177044733800449, 'yyqyyq', 1697421746825, NULL, NULL, NULL, 1);
INSERT INTO `generate_column` (`id`, `table_name`, `is_primary_key`, `column_name`, `column_type`, `column_remarks`, `nullable`, `java_name`, `java_type`, `java_type_package_name`, `is_form`, `is_keyword`, `is_advanced_search`, `list_show`, `detail_show`, `is_excel`, `is_required`, `opt_element`, `dict_domain_code`, `create_by`, `create_username`, `create_time`, `update_by`, `update_username`, `update_time`, `is_del`) VALUES (1713737132851367937, 'menu', 1, 'parent_id', 'BIGINT(19)', '父级菜单ID，为0则代表最上级菜单', 0, 'parentId', 'Long', 'java.lang.String', 0, 0, 0, 0, 0, 0, 0, 'input', NULL, 1685177044733800449, 'yyqyyq', 1697421746826, NULL, NULL, NULL, 1);
INSERT INTO `generate_column` (`id`, `table_name`, `is_primary_key`, `column_name`, `column_type`, `column_remarks`, `nullable`, `java_name`, `java_type`, `java_type_package_name`, `is_form`, `is_keyword`, `is_advanced_search`, `list_show`, `detail_show`, `is_excel`, `is_required`, `opt_element`, `dict_domain_code`, `create_by`, `create_username`, `create_time`, `update_by`, `update_username`, `update_time`, `is_del`) VALUES (1713737132855562241, 'menu', 1, 'icon', 'VARCHAR(100)', '菜单图标', 1, 'icon', 'String', 'java.lang.String', 0, 0, 0, 0, 0, 0, 0, 'input', NULL, 1685177044733800449, 'yyqyyq', 1697421746828, NULL, NULL, NULL, 1);
INSERT INTO `generate_column` (`id`, `table_name`, `is_primary_key`, `column_name`, `column_type`, `column_remarks`, `nullable`, `java_name`, `java_type`, `java_type_package_name`, `is_form`, `is_keyword`, `is_advanced_search`, `list_show`, `detail_show`, `is_excel`, `is_required`, `opt_element`, `dict_domain_code`, `create_by`, `create_username`, `create_time`, `update_by`, `update_username`, `update_time`, `is_del`) VALUES (1713737132863950850, 'menu', 1, 'label', 'VARCHAR(50)', '菜单名称', 0, 'label', 'String', 'java.lang.String', 0, 0, 0, 0, 0, 0, 0, 'input', NULL, 1685177044733800449, 'yyqyyq', 1697421746829, NULL, NULL, NULL, 1);
INSERT INTO `generate_column` (`id`, `table_name`, `is_primary_key`, `column_name`, `column_type`, `column_remarks`, `nullable`, `java_name`, `java_type`, `java_type_package_name`, `is_form`, `is_keyword`, `is_advanced_search`, `list_show`, `detail_show`, `is_excel`, `is_required`, `opt_element`, `dict_domain_code`, `create_by`, `create_username`, `create_time`, `update_by`, `update_username`, `update_time`, `is_del`) VALUES (1713737132868145153, 'menu', 1, 'path', 'VARCHAR(255)', '路由地址', 1, 'path', 'String', 'java.lang.String', 0, 0, 0, 0, 0, 0, 0, 'input', NULL, 1685177044733800449, 'yyqyyq', 1697421746830, NULL, NULL, NULL, 1);
INSERT INTO `generate_column` (`id`, `table_name`, `is_primary_key`, `column_name`, `column_type`, `column_remarks`, `nullable`, `java_name`, `java_type`, `java_type_package_name`, `is_form`, `is_keyword`, `is_advanced_search`, `list_show`, `detail_show`, `is_excel`, `is_required`, `opt_element`, `dict_domain_code`, `create_by`, `create_username`, `create_time`, `update_by`, `update_username`, `update_time`, `is_del`) VALUES (1713737132872339458, 'menu', 1, 'component', 'VARCHAR(255)', '组件路径', 1, 'component', 'String', 'java.lang.String', 0, 0, 0, 0, 0, 0, 0, 'input', NULL, 1685177044733800449, 'yyqyyq', 1697421746831, NULL, NULL, NULL, 1);
INSERT INTO `generate_column` (`id`, `table_name`, `is_primary_key`, `column_name`, `column_type`, `column_remarks`, `nullable`, `java_name`, `java_type`, `java_type_package_name`, `is_form`, `is_keyword`, `is_advanced_search`, `list_show`, `detail_show`, `is_excel`, `is_required`, `opt_element`, `dict_domain_code`, `create_by`, `create_username`, `create_time`, `update_by`, `update_username`, `update_time`, `is_del`) VALUES (1713737132876533761, 'menu', 1, 'permission', 'VARCHAR(255)', '权限字符', 1, 'permission', 'String', 'java.lang.String', 0, 0, 0, 0, 0, 0, 0, 'input', NULL, 1685177044733800449, 'yyqyyq', 1697421746832, NULL, NULL, NULL, 1);
INSERT INTO `generate_column` (`id`, `table_name`, `is_primary_key`, `column_name`, `column_type`, `column_remarks`, `nullable`, `java_name`, `java_type`, `java_type_package_name`, `is_form`, `is_keyword`, `is_advanced_search`, `list_show`, `detail_show`, `is_excel`, `is_required`, `opt_element`, `dict_domain_code`, `create_by`, `create_username`, `create_time`, `update_by`, `update_username`, `update_time`, `is_del`) VALUES (1713737132880728066, 'menu', 1, 'type', 'INT(10)', '菜单类型 #1：目录，  2：菜单， 3：接口', 0, 'type', 'Integer', 'java.lang.String', 0, 0, 0, 0, 0, 0, 0, 'select', 'menu_type', 1685177044733800449, 'yyqyyq', 1697421746833, NULL, NULL, NULL, 1);
INSERT INTO `generate_column` (`id`, `table_name`, `is_primary_key`, `column_name`, `column_type`, `column_remarks`, `nullable`, `java_name`, `java_type`, `java_type_package_name`, `is_form`, `is_keyword`, `is_advanced_search`, `list_show`, `detail_show`, `is_excel`, `is_required`, `opt_element`, `dict_domain_code`, `create_by`, `create_username`, `create_time`, `update_by`, `update_username`, `update_time`, `is_del`) VALUES (1713737132889116674, 'menu', 1, 'status', 'INT(10)', '菜单状态 #1：正常， 2：禁用', 0, 'status', 'Integer', 'java.lang.String', 0, 0, 0, 0, 0, 0, 0, 'select', 'menu_status', 1685177044733800449, 'yyqyyq', 1697421746835, NULL, NULL, NULL, 1);
INSERT INTO `generate_column` (`id`, `table_name`, `is_primary_key`, `column_name`, `column_type`, `column_remarks`, `nullable`, `java_name`, `java_type`, `java_type_package_name`, `is_form`, `is_keyword`, `is_advanced_search`, `list_show`, `detail_show`, `is_excel`, `is_required`, `opt_element`, `dict_domain_code`, `create_by`, `create_username`, `create_time`, `update_by`, `update_username`, `update_time`, `is_del`) VALUES (1713737132893310978, 'menu', 1, 'show_status', 'INT(10)', '显示状态 #1：显示， 2：隐藏', 0, 'showStatus', 'Integer', 'java.lang.String', 0, 0, 0, 0, 0, 0, 0, 'select', 'menu_show_status', 1685177044733800449, 'yyqyyq', 1697421746836, NULL, NULL, NULL, 1);
INSERT INTO `generate_column` (`id`, `table_name`, `is_primary_key`, `column_name`, `column_type`, `column_remarks`, `nullable`, `java_name`, `java_type`, `java_type_package_name`, `is_form`, `is_keyword`, `is_advanced_search`, `list_show`, `detail_show`, `is_excel`, `is_required`, `opt_element`, `dict_domain_code`, `create_by`, `create_username`, `create_time`, `update_by`, `update_username`, `update_time`, `is_del`) VALUES (1713737132897505282, 'menu', 1, 'sort', 'INT(10)', '排序', 0, 'sort', 'Integer', 'java.lang.String', 0, 0, 0, 0, 0, 0, 0, 'input', NULL, 1685177044733800449, 'yyqyyq', 1697421746837, NULL, NULL, NULL, 1);
INSERT INTO `generate_column` (`id`, `table_name`, `is_primary_key`, `column_name`, `column_type`, `column_remarks`, `nullable`, `java_name`, `java_type`, `java_type_package_name`, `is_form`, `is_keyword`, `is_advanced_search`, `list_show`, `detail_show`, `is_excel`, `is_required`, `opt_element`, `dict_domain_code`, `create_by`, `create_username`, `create_time`, `update_by`, `update_username`, `update_time`, `is_del`) VALUES (1713737132901699586, 'menu', 1, 'remarks', 'VARCHAR(255)', '备注', 1, 'remarks', 'String', 'java.lang.String', 0, 0, 0, 0, 0, 0, 0, 'input', NULL, 1685177044733800449, 'yyqyyq', 1697421746838, NULL, NULL, NULL, 1);
INSERT INTO `generate_column` (`id`, `table_name`, `is_primary_key`, `column_name`, `column_type`, `column_remarks`, `nullable`, `java_name`, `java_type`, `java_type_package_name`, `is_form`, `is_keyword`, `is_advanced_search`, `list_show`, `detail_show`, `is_excel`, `is_required`, `opt_element`, `dict_domain_code`, `create_by`, `create_username`, `create_time`, `update_by`, `update_username`, `update_time`, `is_del`) VALUES (1713737132905893889, 'menu', 1, 'create_by', 'BIGINT(19)', '创建者', 0, 'createBy', 'Long', 'java.lang.String', 0, 0, 0, 0, 0, 0, 0, 'input', NULL, 1685177044733800449, 'yyqyyq', 1697421746839, NULL, NULL, NULL, 1);
INSERT INTO `generate_column` (`id`, `table_name`, `is_primary_key`, `column_name`, `column_type`, `column_remarks`, `nullable`, `java_name`, `java_type`, `java_type_package_name`, `is_form`, `is_keyword`, `is_advanced_search`, `list_show`, `detail_show`, `is_excel`, `is_required`, `opt_element`, `dict_domain_code`, `create_by`, `create_username`, `create_time`, `update_by`, `update_username`, `update_time`, `is_del`) VALUES (1713737132910088193, 'menu', 1, 'create_username', 'VARCHAR(20)', '创建者账号', 0, 'createUsername', 'String', 'java.lang.String', 0, 0, 0, 0, 0, 0, 0, 'input', NULL, 1685177044733800449, 'yyqyyq', 1697421746840, NULL, NULL, NULL, 1);
INSERT INTO `generate_column` (`id`, `table_name`, `is_primary_key`, `column_name`, `column_type`, `column_remarks`, `nullable`, `java_name`, `java_type`, `java_type_package_name`, `is_form`, `is_keyword`, `is_advanced_search`, `list_show`, `detail_show`, `is_excel`, `is_required`, `opt_element`, `dict_domain_code`, `create_by`, `create_username`, `create_time`, `update_by`, `update_username`, `update_time`, `is_del`) VALUES (1713737132914282498, 'menu', 1, 'create_time', 'BIGINT(19)', '创建时间', 0, 'createTime', 'Long', 'java.lang.String', 0, 0, 0, 0, 0, 0, 0, 'datetimepicker', NULL, 1685177044733800449, 'yyqyyq', 1697421746842, NULL, NULL, NULL, 1);
INSERT INTO `generate_column` (`id`, `table_name`, `is_primary_key`, `column_name`, `column_type`, `column_remarks`, `nullable`, `java_name`, `java_type`, `java_type_package_name`, `is_form`, `is_keyword`, `is_advanced_search`, `list_show`, `detail_show`, `is_excel`, `is_required`, `opt_element`, `dict_domain_code`, `create_by`, `create_username`, `create_time`, `update_by`, `update_username`, `update_time`, `is_del`) VALUES (1713746552503152642, 'menu', 0, 'id', 'BIGINT(19)', 'id', 0, 'id', 'Long', 'java.lang.String', 1, 1, 1, 1, 1, 1, 1, 'input', NULL, 1685177044733800449, 'yyqyyq', 1697423992650, NULL, NULL, NULL, 1);
INSERT INTO `generate_column` (`id`, `table_name`, `is_primary_key`, `column_name`, `column_type`, `column_remarks`, `nullable`, `java_name`, `java_type`, `java_type_package_name`, `is_form`, `is_keyword`, `is_advanced_search`, `list_show`, `detail_show`, `is_excel`, `is_required`, `opt_element`, `dict_domain_code`, `create_by`, `create_username`, `create_time`, `update_by`, `update_username`, `update_time`, `is_del`) VALUES (1713746552524124162, 'menu', 1, 'parent_id', 'BIGINT(19)', '父级菜单ID，为0则代表最上级菜单', 0, 'parentId', 'Long', 'java.lang.String', 0, 0, 0, 0, 0, 0, 0, 'input', NULL, 1685177044733800449, 'yyqyyq', 1697423992653, NULL, NULL, NULL, 1);
INSERT INTO `generate_column` (`id`, `table_name`, `is_primary_key`, `column_name`, `column_type`, `column_remarks`, `nullable`, `java_name`, `java_type`, `java_type_package_name`, `is_form`, `is_keyword`, `is_advanced_search`, `list_show`, `detail_show`, `is_excel`, `is_required`, `opt_element`, `dict_domain_code`, `create_by`, `create_username`, `create_time`, `update_by`, `update_username`, `update_time`, `is_del`) VALUES (1713746552532512769, 'menu', 1, 'icon', 'VARCHAR(100)', '菜单图标', 1, 'icon', 'String', 'java.lang.String', 0, 0, 0, 0, 0, 0, 0, 'input', NULL, 1685177044733800449, 'yyqyyq', 1697423992657, NULL, NULL, NULL, 1);
INSERT INTO `generate_column` (`id`, `table_name`, `is_primary_key`, `column_name`, `column_type`, `column_remarks`, `nullable`, `java_name`, `java_type`, `java_type_package_name`, `is_form`, `is_keyword`, `is_advanced_search`, `list_show`, `detail_show`, `is_excel`, `is_required`, `opt_element`, `dict_domain_code`, `create_by`, `create_username`, `create_time`, `update_by`, `update_username`, `update_time`, `is_del`) VALUES (1713746552553484289, 'menu', 1, 'label', 'VARCHAR(50)', '菜单名称', 0, 'label', 'String', 'java.lang.String', 0, 0, 0, 0, 0, 0, 0, 'input', NULL, 1685177044733800449, 'yyqyyq', 1697423992658, NULL, NULL, NULL, 1);
INSERT INTO `generate_column` (`id`, `table_name`, `is_primary_key`, `column_name`, `column_type`, `column_remarks`, `nullable`, `java_name`, `java_type`, `java_type_package_name`, `is_form`, `is_keyword`, `is_advanced_search`, `list_show`, `detail_show`, `is_excel`, `is_required`, `opt_element`, `dict_domain_code`, `create_by`, `create_username`, `create_time`, `update_by`, `update_username`, `update_time`, `is_del`) VALUES (1713746552557678594, 'menu', 1, 'path', 'VARCHAR(255)', '路由地址', 1, 'path', 'String', 'java.lang.String', 0, 0, 0, 0, 0, 0, 0, 'input', NULL, 1685177044733800449, 'yyqyyq', 1697423992660, NULL, NULL, NULL, 1);
INSERT INTO `generate_column` (`id`, `table_name`, `is_primary_key`, `column_name`, `column_type`, `column_remarks`, `nullable`, `java_name`, `java_type`, `java_type_package_name`, `is_form`, `is_keyword`, `is_advanced_search`, `list_show`, `detail_show`, `is_excel`, `is_required`, `opt_element`, `dict_domain_code`, `create_by`, `create_username`, `create_time`, `update_by`, `update_username`, `update_time`, `is_del`) VALUES (1713746552566067202, 'menu', 1, 'component', 'VARCHAR(255)', '组件路径', 1, 'component', 'String', 'java.lang.String', 0, 0, 0, 0, 0, 0, 0, 'input', NULL, 1685177044733800449, 'yyqyyq', 1697423992662, NULL, NULL, NULL, 1);
INSERT INTO `generate_column` (`id`, `table_name`, `is_primary_key`, `column_name`, `column_type`, `column_remarks`, `nullable`, `java_name`, `java_type`, `java_type_package_name`, `is_form`, `is_keyword`, `is_advanced_search`, `list_show`, `detail_show`, `is_excel`, `is_required`, `opt_element`, `dict_domain_code`, `create_by`, `create_username`, `create_time`, `update_by`, `update_username`, `update_time`, `is_del`) VALUES (1713746552574455809, 'menu', 1, 'permission', 'VARCHAR(255)', '权限字符', 1, 'permission', 'String', 'java.lang.String', 0, 0, 0, 0, 0, 0, 0, 'input', NULL, 1685177044733800449, 'yyqyyq', 1697423992672, NULL, NULL, NULL, 1);
INSERT INTO `generate_column` (`id`, `table_name`, `is_primary_key`, `column_name`, `column_type`, `column_remarks`, `nullable`, `java_name`, `java_type`, `java_type_package_name`, `is_form`, `is_keyword`, `is_advanced_search`, `list_show`, `detail_show`, `is_excel`, `is_required`, `opt_element`, `dict_domain_code`, `create_by`, `create_username`, `create_time`, `update_by`, `update_username`, `update_time`, `is_del`) VALUES (1713746552616398850, 'menu', 1, 'type', 'INT(10)', '菜单类型 #1：目录，  2：菜单， 3：接口', 0, 'type', 'Integer', 'java.lang.String', 0, 0, 0, 0, 0, 0, 0, 'select', 'menu_type', 1685177044733800449, 'yyqyyq', 1697423992678, NULL, NULL, NULL, 1);
INSERT INTO `generate_column` (`id`, `table_name`, `is_primary_key`, `column_name`, `column_type`, `column_remarks`, `nullable`, `java_name`, `java_type`, `java_type_package_name`, `is_form`, `is_keyword`, `is_advanced_search`, `list_show`, `detail_show`, `is_excel`, `is_required`, `opt_element`, `dict_domain_code`, `create_by`, `create_username`, `create_time`, `update_by`, `update_username`, `update_time`, `is_del`) VALUES (1713746552641564673, 'menu', 1, 'status', 'INT(10)', '菜单状态 #1：正常， 2：禁用', 0, 'status', 'Integer', 'java.lang.String', 0, 0, 0, 0, 0, 0, 0, 'select', 'menu_status', 1685177044733800449, 'yyqyyq', 1697423992680, NULL, NULL, NULL, 1);
INSERT INTO `generate_column` (`id`, `table_name`, `is_primary_key`, `column_name`, `column_type`, `column_remarks`, `nullable`, `java_name`, `java_type`, `java_type_package_name`, `is_form`, `is_keyword`, `is_advanced_search`, `list_show`, `detail_show`, `is_excel`, `is_required`, `opt_element`, `dict_domain_code`, `create_by`, `create_username`, `create_time`, `update_by`, `update_username`, `update_time`, `is_del`) VALUES (1713746552645758978, 'menu', 1, 'show_status', 'INT(10)', '显示状态 #1：显示， 2：隐藏', 0, 'showStatus', 'Integer', 'java.lang.String', 0, 0, 0, 0, 0, 0, 0, 'select', 'menu_show_status', 1685177044733800449, 'yyqyyq', 1697423992682, NULL, NULL, NULL, 1);
INSERT INTO `generate_column` (`id`, `table_name`, `is_primary_key`, `column_name`, `column_type`, `column_remarks`, `nullable`, `java_name`, `java_type`, `java_type_package_name`, `is_form`, `is_keyword`, `is_advanced_search`, `list_show`, `detail_show`, `is_excel`, `is_required`, `opt_element`, `dict_domain_code`, `create_by`, `create_username`, `create_time`, `update_by`, `update_username`, `update_time`, `is_del`) VALUES (1713746552654147585, 'menu', 1, 'sort', 'INT(10)', '排序', 0, 'sort', 'Integer', 'java.lang.String', 0, 0, 0, 0, 0, 0, 0, 'input', NULL, 1685177044733800449, 'yyqyyq', 1697423992687, NULL, NULL, NULL, 1);
INSERT INTO `generate_column` (`id`, `table_name`, `is_primary_key`, `column_name`, `column_type`, `column_remarks`, `nullable`, `java_name`, `java_type`, `java_type_package_name`, `is_form`, `is_keyword`, `is_advanced_search`, `list_show`, `detail_show`, `is_excel`, `is_required`, `opt_element`, `dict_domain_code`, `create_by`, `create_username`, `create_time`, `update_by`, `update_username`, `update_time`, `is_del`) VALUES (1713746552679313410, 'menu', 1, 'remarks', 'VARCHAR(255)', '备注', 1, 'remarks', 'String', 'java.lang.String', 0, 0, 0, 0, 0, 0, 0, 'input', NULL, 1685177044733800449, 'yyqyyq', 1697423992689, NULL, NULL, NULL, 1);
INSERT INTO `generate_column` (`id`, `table_name`, `is_primary_key`, `column_name`, `column_type`, `column_remarks`, `nullable`, `java_name`, `java_type`, `java_type_package_name`, `is_form`, `is_keyword`, `is_advanced_search`, `list_show`, `detail_show`, `is_excel`, `is_required`, `opt_element`, `dict_domain_code`, `create_by`, `create_username`, `create_time`, `update_by`, `update_username`, `update_time`, `is_del`) VALUES (1713746552687702017, 'menu', 1, 'create_by', 'BIGINT(19)', '创建者', 0, 'createBy', 'Long', 'java.lang.String', 0, 0, 0, 0, 0, 0, 0, 'input', NULL, 1685177044733800449, 'yyqyyq', 1697423992691, NULL, NULL, NULL, 1);
INSERT INTO `generate_column` (`id`, `table_name`, `is_primary_key`, `column_name`, `column_type`, `column_remarks`, `nullable`, `java_name`, `java_type`, `java_type_package_name`, `is_form`, `is_keyword`, `is_advanced_search`, `list_show`, `detail_show`, `is_excel`, `is_required`, `opt_element`, `dict_domain_code`, `create_by`, `create_username`, `create_time`, `update_by`, `update_username`, `update_time`, `is_del`) VALUES (1713746552691896322, 'menu', 1, 'create_username', 'VARCHAR(20)', '创建者账号', 0, 'createUsername', 'String', 'java.lang.String', 0, 0, 0, 0, 0, 0, 0, 'input', NULL, 1685177044733800449, 'yyqyyq', 1697423992692, NULL, NULL, NULL, 1);
INSERT INTO `generate_column` (`id`, `table_name`, `is_primary_key`, `column_name`, `column_type`, `column_remarks`, `nullable`, `java_name`, `java_type`, `java_type_package_name`, `is_form`, `is_keyword`, `is_advanced_search`, `list_show`, `detail_show`, `is_excel`, `is_required`, `opt_element`, `dict_domain_code`, `create_by`, `create_username`, `create_time`, `update_by`, `update_username`, `update_time`, `is_del`) VALUES (1713746552700284930, 'menu', 1, 'create_time', 'BIGINT(19)', '创建时间', 0, 'createTime', 'Long', 'java.lang.String', 0, 0, 0, 0, 0, 0, 0, 'datetimepicker', NULL, 1685177044733800449, 'yyqyyq', 1697423992695, NULL, NULL, NULL, 1);
INSERT INTO `generate_column` (`id`, `table_name`, `is_primary_key`, `column_name`, `column_type`, `column_remarks`, `nullable`, `java_name`, `java_type`, `java_type_package_name`, `is_form`, `is_keyword`, `is_advanced_search`, `list_show`, `detail_show`, `is_excel`, `is_required`, `opt_element`, `dict_domain_code`, `create_by`, `create_username`, `create_time`, `update_by`, `update_username`, `update_time`, `is_del`) VALUES (1713746789686849538, 'menu', 0, 'id', 'BIGINT(19)', 'id', 0, 'id', 'Long', 'java.lang.String', 1, 1, 1, 1, 1, 1, 1, 'input', NULL, 1685177044733800449, 'yyqyyq', 1697424049197, NULL, NULL, NULL, 1);
INSERT INTO `generate_column` (`id`, `table_name`, `is_primary_key`, `column_name`, `column_type`, `column_remarks`, `nullable`, `java_name`, `java_type`, `java_type_package_name`, `is_form`, `is_keyword`, `is_advanced_search`, `list_show`, `detail_show`, `is_excel`, `is_required`, `opt_element`, `dict_domain_code`, `create_by`, `create_username`, `create_time`, `update_by`, `update_username`, `update_time`, `is_del`) VALUES (1713746789695238146, 'menu', 1, 'parent_id', 'BIGINT(19)', '父级菜单ID，为0则代表最上级菜单', 0, 'parentId', 'Long', 'java.lang.String', 0, 0, 0, 0, 0, 0, 0, 'input', NULL, 1685177044733800449, 'yyqyyq', 1697424049198, NULL, NULL, NULL, 1);
INSERT INTO `generate_column` (`id`, `table_name`, `is_primary_key`, `column_name`, `column_type`, `column_remarks`, `nullable`, `java_name`, `java_type`, `java_type_package_name`, `is_form`, `is_keyword`, `is_advanced_search`, `list_show`, `detail_show`, `is_excel`, `is_required`, `opt_element`, `dict_domain_code`, `create_by`, `create_username`, `create_time`, `update_by`, `update_username`, `update_time`, `is_del`) VALUES (1713746789703626753, 'menu', 1, 'icon', 'VARCHAR(100)', '菜单图标', 1, 'icon', 'String', 'java.lang.String', 0, 0, 0, 0, 0, 0, 0, 'input', NULL, 1685177044733800449, 'yyqyyq', 1697424049200, NULL, NULL, NULL, 1);
INSERT INTO `generate_column` (`id`, `table_name`, `is_primary_key`, `column_name`, `column_type`, `column_remarks`, `nullable`, `java_name`, `java_type`, `java_type_package_name`, `is_form`, `is_keyword`, `is_advanced_search`, `list_show`, `detail_show`, `is_excel`, `is_required`, `opt_element`, `dict_domain_code`, `create_by`, `create_username`, `create_time`, `update_by`, `update_username`, `update_time`, `is_del`) VALUES (1713746789712015362, 'menu', 1, 'label', 'VARCHAR(50)', '菜单名称', 0, 'label', 'String', 'java.lang.String', 0, 0, 0, 0, 0, 0, 0, 'input', NULL, 1685177044733800449, 'yyqyyq', 1697424049204, NULL, NULL, NULL, 1);
INSERT INTO `generate_column` (`id`, `table_name`, `is_primary_key`, `column_name`, `column_type`, `column_remarks`, `nullable`, `java_name`, `java_type`, `java_type_package_name`, `is_form`, `is_keyword`, `is_advanced_search`, `list_show`, `detail_show`, `is_excel`, `is_required`, `opt_element`, `dict_domain_code`, `create_by`, `create_username`, `create_time`, `update_by`, `update_username`, `update_time`, `is_del`) VALUES (1713746789724598273, 'menu', 1, 'path', 'VARCHAR(255)', '路由地址', 1, 'path', 'String', 'java.lang.String', 0, 0, 0, 0, 0, 0, 0, 'input', NULL, 1685177044733800449, 'yyqyyq', 1697424049206, NULL, NULL, NULL, 1);
INSERT INTO `generate_column` (`id`, `table_name`, `is_primary_key`, `column_name`, `column_type`, `column_remarks`, `nullable`, `java_name`, `java_type`, `java_type_package_name`, `is_form`, `is_keyword`, `is_advanced_search`, `list_show`, `detail_show`, `is_excel`, `is_required`, `opt_element`, `dict_domain_code`, `create_by`, `create_username`, `create_time`, `update_by`, `update_username`, `update_time`, `is_del`) VALUES (1713746789732986882, 'menu', 1, 'component', 'VARCHAR(255)', '组件路径', 1, 'component', 'String', 'java.lang.String', 0, 0, 0, 0, 0, 0, 0, 'input', NULL, 1685177044733800449, 'yyqyyq', 1697424049207, NULL, NULL, NULL, 1);
INSERT INTO `generate_column` (`id`, `table_name`, `is_primary_key`, `column_name`, `column_type`, `column_remarks`, `nullable`, `java_name`, `java_type`, `java_type_package_name`, `is_form`, `is_keyword`, `is_advanced_search`, `list_show`, `detail_show`, `is_excel`, `is_required`, `opt_element`, `dict_domain_code`, `create_by`, `create_username`, `create_time`, `update_by`, `update_username`, `update_time`, `is_del`) VALUES (1713746789741375490, 'menu', 1, 'permission', 'VARCHAR(255)', '权限字符', 1, 'permission', 'String', 'java.lang.String', 0, 0, 0, 0, 0, 0, 0, 'input', NULL, 1685177044733800449, 'yyqyyq', 1697424049209, NULL, NULL, NULL, 1);
INSERT INTO `generate_column` (`id`, `table_name`, `is_primary_key`, `column_name`, `column_type`, `column_remarks`, `nullable`, `java_name`, `java_type`, `java_type_package_name`, `is_form`, `is_keyword`, `is_advanced_search`, `list_show`, `detail_show`, `is_excel`, `is_required`, `opt_element`, `dict_domain_code`, `create_by`, `create_username`, `create_time`, `update_by`, `update_username`, `update_time`, `is_del`) VALUES (1713746789745569793, 'menu', 1, 'type', 'INT(10)', '菜单类型 #1：目录，  2：菜单， 3：接口', 0, 'type', 'Integer', 'java.lang.String', 0, 0, 0, 0, 0, 0, 0, 'select', 'menu_type', 1685177044733800449, 'yyqyyq', 1697424049211, NULL, NULL, NULL, 1);
INSERT INTO `generate_column` (`id`, `table_name`, `is_primary_key`, `column_name`, `column_type`, `column_remarks`, `nullable`, `java_name`, `java_type`, `java_type_package_name`, `is_form`, `is_keyword`, `is_advanced_search`, `list_show`, `detail_show`, `is_excel`, `is_required`, `opt_element`, `dict_domain_code`, `create_by`, `create_username`, `create_time`, `update_by`, `update_username`, `update_time`, `is_del`) VALUES (1713746789753958402, 'menu', 1, 'status', 'INT(10)', '菜单状态 #1：正常， 2：禁用', 0, 'status', 'Integer', 'java.lang.String', 0, 0, 0, 0, 0, 0, 0, 'select', 'menu_status', 1685177044733800449, 'yyqyyq', 1697424049212, NULL, NULL, NULL, 1);
INSERT INTO `generate_column` (`id`, `table_name`, `is_primary_key`, `column_name`, `column_type`, `column_remarks`, `nullable`, `java_name`, `java_type`, `java_type_package_name`, `is_form`, `is_keyword`, `is_advanced_search`, `list_show`, `detail_show`, `is_excel`, `is_required`, `opt_element`, `dict_domain_code`, `create_by`, `create_username`, `create_time`, `update_by`, `update_username`, `update_time`, `is_del`) VALUES (1713746789762347009, 'menu', 1, 'show_status', 'INT(10)', '显示状态 #1：显示， 2：隐藏', 0, 'showStatus', 'Integer', 'java.lang.String', 0, 0, 0, 0, 0, 0, 0, 'select', 'menu_show_status', 1685177044733800449, 'yyqyyq', 1697424049214, NULL, NULL, NULL, 1);
INSERT INTO `generate_column` (`id`, `table_name`, `is_primary_key`, `column_name`, `column_type`, `column_remarks`, `nullable`, `java_name`, `java_type`, `java_type_package_name`, `is_form`, `is_keyword`, `is_advanced_search`, `list_show`, `detail_show`, `is_excel`, `is_required`, `opt_element`, `dict_domain_code`, `create_by`, `create_username`, `create_time`, `update_by`, `update_username`, `update_time`, `is_del`) VALUES (1713746789766541314, 'menu', 1, 'sort', 'INT(10)', '排序', 0, 'sort', 'Integer', 'java.lang.String', 0, 0, 0, 0, 0, 0, 0, 'input', NULL, 1685177044733800449, 'yyqyyq', 1697424049216, NULL, NULL, NULL, 1);
INSERT INTO `generate_column` (`id`, `table_name`, `is_primary_key`, `column_name`, `column_type`, `column_remarks`, `nullable`, `java_name`, `java_type`, `java_type_package_name`, `is_form`, `is_keyword`, `is_advanced_search`, `list_show`, `detail_show`, `is_excel`, `is_required`, `opt_element`, `dict_domain_code`, `create_by`, `create_username`, `create_time`, `update_by`, `update_username`, `update_time`, `is_del`) VALUES (1713746789779124226, 'menu', 1, 'remarks', 'VARCHAR(255)', '备注', 1, 'remarks', 'String', 'java.lang.String', 0, 0, 0, 0, 0, 0, 0, 'input', NULL, 1685177044733800449, 'yyqyyq', 1697424049218, NULL, NULL, NULL, 1);
INSERT INTO `generate_column` (`id`, `table_name`, `is_primary_key`, `column_name`, `column_type`, `column_remarks`, `nullable`, `java_name`, `java_type`, `java_type_package_name`, `is_form`, `is_keyword`, `is_advanced_search`, `list_show`, `detail_show`, `is_excel`, `is_required`, `opt_element`, `dict_domain_code`, `create_by`, `create_username`, `create_time`, `update_by`, `update_username`, `update_time`, `is_del`) VALUES (1713746789787512834, 'menu', 1, 'create_by', 'BIGINT(19)', '创建者', 0, 'createBy', 'Long', 'java.lang.String', 0, 0, 0, 0, 0, 0, 0, 'input', NULL, 1685177044733800449, 'yyqyyq', 1697424049220, NULL, NULL, NULL, 1);
INSERT INTO `generate_column` (`id`, `table_name`, `is_primary_key`, `column_name`, `column_type`, `column_remarks`, `nullable`, `java_name`, `java_type`, `java_type_package_name`, `is_form`, `is_keyword`, `is_advanced_search`, `list_show`, `detail_show`, `is_excel`, `is_required`, `opt_element`, `dict_domain_code`, `create_by`, `create_username`, `create_time`, `update_by`, `update_username`, `update_time`, `is_del`) VALUES (1713746789791707137, 'menu', 1, 'create_username', 'VARCHAR(20)', '创建者账号', 0, 'createUsername', 'String', 'java.lang.String', 0, 0, 0, 0, 0, 0, 0, 'input', NULL, 1685177044733800449, 'yyqyyq', 1697424049223, NULL, NULL, NULL, 1);
INSERT INTO `generate_column` (`id`, `table_name`, `is_primary_key`, `column_name`, `column_type`, `column_remarks`, `nullable`, `java_name`, `java_type`, `java_type_package_name`, `is_form`, `is_keyword`, `is_advanced_search`, `list_show`, `detail_show`, `is_excel`, `is_required`, `opt_element`, `dict_domain_code`, `create_by`, `create_username`, `create_time`, `update_by`, `update_username`, `update_time`, `is_del`) VALUES (1713746789808484354, 'menu', 1, 'create_time', 'BIGINT(19)', '创建时间', 0, 'createTime', 'Long', 'java.lang.String', 0, 0, 0, 0, 0, 0, 0, 'datetimepicker', NULL, 1685177044733800449, 'yyqyyq', 1697424049225, NULL, NULL, NULL, 1);
INSERT INTO `generate_column` (`id`, `table_name`, `is_primary_key`, `column_name`, `column_type`, `column_remarks`, `nullable`, `java_name`, `java_type`, `java_type_package_name`, `is_form`, `is_keyword`, `is_advanced_search`, `list_show`, `detail_show`, `is_excel`, `is_required`, `opt_element`, `dict_domain_code`, `create_by`, `create_username`, `create_time`, `update_by`, `update_username`, `update_time`, `is_del`) VALUES (1713746964526411777, 'menu', 0, 'id', 'BIGINT(19)', 'id', 0, 'id', 'Long', 'java.lang.String', 1, 1, 1, 1, 1, 1, 1, 'input', NULL, 1685177044733800449, 'yyqyyq', 1697424090881, NULL, NULL, NULL, 1);
INSERT INTO `generate_column` (`id`, `table_name`, `is_primary_key`, `column_name`, `column_type`, `column_remarks`, `nullable`, `java_name`, `java_type`, `java_type_package_name`, `is_form`, `is_keyword`, `is_advanced_search`, `list_show`, `detail_show`, `is_excel`, `is_required`, `opt_element`, `dict_domain_code`, `create_by`, `create_username`, `create_time`, `update_by`, `update_username`, `update_time`, `is_del`) VALUES (1713746964530606081, 'menu', 1, 'parent_id', 'BIGINT(19)', '父级菜单ID，为0则代表最上级菜单', 0, 'parentId', 'Long', 'java.lang.String', 0, 0, 0, 0, 0, 0, 0, 'input', NULL, 1685177044733800449, 'yyqyyq', 1697424090882, NULL, NULL, NULL, 1);
INSERT INTO `generate_column` (`id`, `table_name`, `is_primary_key`, `column_name`, `column_type`, `column_remarks`, `nullable`, `java_name`, `java_type`, `java_type_package_name`, `is_form`, `is_keyword`, `is_advanced_search`, `list_show`, `detail_show`, `is_excel`, `is_required`, `opt_element`, `dict_domain_code`, `create_by`, `create_username`, `create_time`, `update_by`, `update_username`, `update_time`, `is_del`) VALUES (1713746964538994690, 'menu', 1, 'icon', 'VARCHAR(100)', '菜单图标', 1, 'icon', 'String', 'java.lang.String', 0, 0, 0, 0, 0, 0, 0, 'input', NULL, 1685177044733800449, 'yyqyyq', 1697424090884, NULL, NULL, NULL, 1);
INSERT INTO `generate_column` (`id`, `table_name`, `is_primary_key`, `column_name`, `column_type`, `column_remarks`, `nullable`, `java_name`, `java_type`, `java_type_package_name`, `is_form`, `is_keyword`, `is_advanced_search`, `list_show`, `detail_show`, `is_excel`, `is_required`, `opt_element`, `dict_domain_code`, `create_by`, `create_username`, `create_time`, `update_by`, `update_username`, `update_time`, `is_del`) VALUES (1713746964547383298, 'menu', 1, 'label', 'VARCHAR(50)', '菜单名称', 0, 'label', 'String', 'java.lang.String', 0, 0, 0, 0, 0, 0, 0, 'input', NULL, 1685177044733800449, 'yyqyyq', 1697424090885, NULL, NULL, NULL, 1);
INSERT INTO `generate_column` (`id`, `table_name`, `is_primary_key`, `column_name`, `column_type`, `column_remarks`, `nullable`, `java_name`, `java_type`, `java_type_package_name`, `is_form`, `is_keyword`, `is_advanced_search`, `list_show`, `detail_show`, `is_excel`, `is_required`, `opt_element`, `dict_domain_code`, `create_by`, `create_username`, `create_time`, `update_by`, `update_username`, `update_time`, `is_del`) VALUES (1713746964551577602, 'menu', 1, 'path', 'VARCHAR(255)', '路由地址', 1, 'path', 'String', 'java.lang.String', 0, 0, 0, 0, 0, 0, 0, 'input', NULL, 1685177044733800449, 'yyqyyq', 1697424090887, NULL, NULL, NULL, 1);
INSERT INTO `generate_column` (`id`, `table_name`, `is_primary_key`, `column_name`, `column_type`, `column_remarks`, `nullable`, `java_name`, `java_type`, `java_type_package_name`, `is_form`, `is_keyword`, `is_advanced_search`, `list_show`, `detail_show`, `is_excel`, `is_required`, `opt_element`, `dict_domain_code`, `create_by`, `create_username`, `create_time`, `update_by`, `update_username`, `update_time`, `is_del`) VALUES (1713746964555771906, 'menu', 1, 'component', 'VARCHAR(255)', '组件路径', 1, 'component', 'String', 'java.lang.String', 0, 0, 0, 0, 0, 0, 0, 'input', NULL, 1685177044733800449, 'yyqyyq', 1697424090888, NULL, NULL, NULL, 1);
INSERT INTO `generate_column` (`id`, `table_name`, `is_primary_key`, `column_name`, `column_type`, `column_remarks`, `nullable`, `java_name`, `java_type`, `java_type_package_name`, `is_form`, `is_keyword`, `is_advanced_search`, `list_show`, `detail_show`, `is_excel`, `is_required`, `opt_element`, `dict_domain_code`, `create_by`, `create_username`, `create_time`, `update_by`, `update_username`, `update_time`, `is_del`) VALUES (1713746964564160514, 'menu', 1, 'permission', 'VARCHAR(255)', '权限字符', 1, 'permission', 'String', 'java.lang.String', 0, 0, 0, 0, 0, 0, 0, 'input', NULL, 1685177044733800449, 'yyqyyq', 1697424090889, NULL, NULL, NULL, 1);
INSERT INTO `generate_column` (`id`, `table_name`, `is_primary_key`, `column_name`, `column_type`, `column_remarks`, `nullable`, `java_name`, `java_type`, `java_type_package_name`, `is_form`, `is_keyword`, `is_advanced_search`, `list_show`, `detail_show`, `is_excel`, `is_required`, `opt_element`, `dict_domain_code`, `create_by`, `create_username`, `create_time`, `update_by`, `update_username`, `update_time`, `is_del`) VALUES (1713746964568354818, 'menu', 1, 'type', 'INT(10)', '菜单类型 #1：目录，  2：菜单， 3：接口', 0, 'type', 'Integer', 'java.lang.String', 0, 0, 0, 0, 0, 0, 0, 'select', 'menu_type', 1685177044733800449, 'yyqyyq', 1697424090891, NULL, NULL, NULL, 1);
INSERT INTO `generate_column` (`id`, `table_name`, `is_primary_key`, `column_name`, `column_type`, `column_remarks`, `nullable`, `java_name`, `java_type`, `java_type_package_name`, `is_form`, `is_keyword`, `is_advanced_search`, `list_show`, `detail_show`, `is_excel`, `is_required`, `opt_element`, `dict_domain_code`, `create_by`, `create_username`, `create_time`, `update_by`, `update_username`, `update_time`, `is_del`) VALUES (1713746964576743426, 'menu', 1, 'status', 'INT(10)', '菜单状态 #1：正常， 2：禁用', 0, 'status', 'Integer', 'java.lang.String', 0, 0, 0, 0, 0, 0, 0, 'select', 'menu_status', 1685177044733800449, 'yyqyyq', 1697424090893, NULL, NULL, NULL, 1);
INSERT INTO `generate_column` (`id`, `table_name`, `is_primary_key`, `column_name`, `column_type`, `column_remarks`, `nullable`, `java_name`, `java_type`, `java_type_package_name`, `is_form`, `is_keyword`, `is_advanced_search`, `list_show`, `detail_show`, `is_excel`, `is_required`, `opt_element`, `dict_domain_code`, `create_by`, `create_username`, `create_time`, `update_by`, `update_username`, `update_time`, `is_del`) VALUES (1713746964585132033, 'menu', 1, 'show_status', 'INT(10)', '显示状态 #1：显示， 2：隐藏', 0, 'showStatus', 'Integer', 'java.lang.String', 0, 0, 0, 0, 0, 0, 0, 'select', 'menu_show_status', 1685177044733800449, 'yyqyyq', 1697424090894, NULL, NULL, NULL, 1);
INSERT INTO `generate_column` (`id`, `table_name`, `is_primary_key`, `column_name`, `column_type`, `column_remarks`, `nullable`, `java_name`, `java_type`, `java_type_package_name`, `is_form`, `is_keyword`, `is_advanced_search`, `list_show`, `detail_show`, `is_excel`, `is_required`, `opt_element`, `dict_domain_code`, `create_by`, `create_username`, `create_time`, `update_by`, `update_username`, `update_time`, `is_del`) VALUES (1713746964589326337, 'menu', 1, 'sort', 'INT(10)', '排序', 0, 'sort', 'Integer', 'java.lang.String', 0, 0, 0, 0, 0, 0, 0, 'input', NULL, 1685177044733800449, 'yyqyyq', 1697424090899, NULL, NULL, NULL, 1);
INSERT INTO `generate_column` (`id`, `table_name`, `is_primary_key`, `column_name`, `column_type`, `column_remarks`, `nullable`, `java_name`, `java_type`, `java_type_package_name`, `is_form`, `is_keyword`, `is_advanced_search`, `list_show`, `detail_show`, `is_excel`, `is_required`, `opt_element`, `dict_domain_code`, `create_by`, `create_username`, `create_time`, `update_by`, `update_username`, `update_time`, `is_del`) VALUES (1713746964610297857, 'menu', 1, 'remarks', 'VARCHAR(255)', '备注', 1, 'remarks', 'String', 'java.lang.String', 0, 0, 0, 0, 0, 0, 0, 'input', NULL, 1685177044733800449, 'yyqyyq', 1697424090901, NULL, NULL, NULL, 1);
INSERT INTO `generate_column` (`id`, `table_name`, `is_primary_key`, `column_name`, `column_type`, `column_remarks`, `nullable`, `java_name`, `java_type`, `java_type_package_name`, `is_form`, `is_keyword`, `is_advanced_search`, `list_show`, `detail_show`, `is_excel`, `is_required`, `opt_element`, `dict_domain_code`, `create_by`, `create_username`, `create_time`, `update_by`, `update_username`, `update_time`, `is_del`) VALUES (1713746964618686466, 'menu', 1, 'create_by', 'BIGINT(19)', '创建者', 0, 'createBy', 'Long', 'java.lang.String', 0, 0, 0, 0, 0, 0, 0, 'input', NULL, 1685177044733800449, 'yyqyyq', 1697424090903, NULL, NULL, NULL, 1);
INSERT INTO `generate_column` (`id`, `table_name`, `is_primary_key`, `column_name`, `column_type`, `column_remarks`, `nullable`, `java_name`, `java_type`, `java_type_package_name`, `is_form`, `is_keyword`, `is_advanced_search`, `list_show`, `detail_show`, `is_excel`, `is_required`, `opt_element`, `dict_domain_code`, `create_by`, `create_username`, `create_time`, `update_by`, `update_username`, `update_time`, `is_del`) VALUES (1713746964627075074, 'menu', 1, 'create_username', 'VARCHAR(20)', '创建者账号', 0, 'createUsername', 'String', 'java.lang.String', 0, 0, 0, 0, 0, 0, 0, 'input', NULL, 1685177044733800449, 'yyqyyq', 1697424090905, NULL, NULL, NULL, 1);
INSERT INTO `generate_column` (`id`, `table_name`, `is_primary_key`, `column_name`, `column_type`, `column_remarks`, `nullable`, `java_name`, `java_type`, `java_type_package_name`, `is_form`, `is_keyword`, `is_advanced_search`, `list_show`, `detail_show`, `is_excel`, `is_required`, `opt_element`, `dict_domain_code`, `create_by`, `create_username`, `create_time`, `update_by`, `update_username`, `update_time`, `is_del`) VALUES (1713746964631269377, 'menu', 1, 'create_time', 'BIGINT(19)', '创建时间', 0, 'createTime', 'Long', 'java.lang.String', 0, 0, 0, 0, 0, 0, 0, 'datetimepicker', NULL, 1685177044733800449, 'yyqyyq', 1697424090914, NULL, NULL, NULL, 1);
INSERT INTO `generate_column` (`id`, `table_name`, `is_primary_key`, `column_name`, `column_type`, `column_remarks`, `nullable`, `java_name`, `java_type`, `java_type_package_name`, `is_form`, `is_keyword`, `is_advanced_search`, `list_show`, `detail_show`, `is_excel`, `is_required`, `opt_element`, `dict_domain_code`, `create_by`, `create_username`, `create_time`, `update_by`, `update_username`, `update_time`, `is_del`) VALUES (1713747221352034305, 'menu', 0, 'id', 'BIGINT(19)', 'id', 0, 'id', 'Long', 'java.lang.String', 1, 1, 1, 1, 1, 1, 1, 'input', NULL, 1685177044733800449, 'yyqyyq', 1697424152122, NULL, NULL, NULL, 1);
INSERT INTO `generate_column` (`id`, `table_name`, `is_primary_key`, `column_name`, `column_type`, `column_remarks`, `nullable`, `java_name`, `java_type`, `java_type_package_name`, `is_form`, `is_keyword`, `is_advanced_search`, `list_show`, `detail_show`, `is_excel`, `is_required`, `opt_element`, `dict_domain_code`, `create_by`, `create_username`, `create_time`, `update_by`, `update_username`, `update_time`, `is_del`) VALUES (1713747221393977345, 'menu', 1, 'parent_id', 'BIGINT(19)', '父级菜单ID，为0则代表最上级菜单', 0, 'parentId', 'Long', 'java.lang.String', 0, 0, 0, 0, 0, 0, 0, 'input', NULL, 1685177044733800449, 'yyqyyq', 1697424152129, NULL, NULL, NULL, 1);
INSERT INTO `generate_column` (`id`, `table_name`, `is_primary_key`, `column_name`, `column_type`, `column_remarks`, `nullable`, `java_name`, `java_type`, `java_type_package_name`, `is_form`, `is_keyword`, `is_advanced_search`, `list_show`, `detail_show`, `is_excel`, `is_required`, `opt_element`, `dict_domain_code`, `create_by`, `create_username`, `create_time`, `update_by`, `update_username`, `update_time`, `is_del`) VALUES (1713747221427531778, 'menu', 1, 'icon', 'VARCHAR(100)', '菜单图标', 1, 'icon', 'String', 'java.lang.String', 0, 0, 0, 0, 0, 0, 0, 'input', NULL, 1685177044733800449, 'yyqyyq', 1697424152131, NULL, NULL, NULL, 1);
INSERT INTO `generate_column` (`id`, `table_name`, `is_primary_key`, `column_name`, `column_type`, `column_remarks`, `nullable`, `java_name`, `java_type`, `java_type_package_name`, `is_form`, `is_keyword`, `is_advanced_search`, `list_show`, `detail_show`, `is_excel`, `is_required`, `opt_element`, `dict_domain_code`, `create_by`, `create_username`, `create_time`, `update_by`, `update_username`, `update_time`, `is_del`) VALUES (1713747221435920386, 'menu', 1, 'label', 'VARCHAR(50)', '菜单名称', 0, 'label', 'String', 'java.lang.String', 0, 0, 0, 0, 0, 0, 0, 'input', NULL, 1685177044733800449, 'yyqyyq', 1697424152134, NULL, NULL, NULL, 1);
INSERT INTO `generate_column` (`id`, `table_name`, `is_primary_key`, `column_name`, `column_type`, `column_remarks`, `nullable`, `java_name`, `java_type`, `java_type_package_name`, `is_form`, `is_keyword`, `is_advanced_search`, `list_show`, `detail_show`, `is_excel`, `is_required`, `opt_element`, `dict_domain_code`, `create_by`, `create_username`, `create_time`, `update_by`, `update_username`, `update_time`, `is_del`) VALUES (1713747221448503297, 'menu', 1, 'path', 'VARCHAR(255)', '路由地址', 1, 'path', 'String', 'java.lang.String', 0, 0, 0, 0, 0, 0, 0, 'input', NULL, 1685177044733800449, 'yyqyyq', 1697424152137, NULL, NULL, NULL, 1);
INSERT INTO `generate_column` (`id`, `table_name`, `is_primary_key`, `column_name`, `column_type`, `column_remarks`, `nullable`, `java_name`, `java_type`, `java_type_package_name`, `is_form`, `is_keyword`, `is_advanced_search`, `list_show`, `detail_show`, `is_excel`, `is_required`, `opt_element`, `dict_domain_code`, `create_by`, `create_username`, `create_time`, `update_by`, `update_username`, `update_time`, `is_del`) VALUES (1713747221461086210, 'menu', 1, 'component', 'VARCHAR(255)', '组件路径', 1, 'component', 'String', 'java.lang.String', 0, 0, 0, 0, 0, 0, 0, 'input', NULL, 1685177044733800449, 'yyqyyq', 1697424152141, NULL, NULL, NULL, 1);
INSERT INTO `generate_column` (`id`, `table_name`, `is_primary_key`, `column_name`, `column_type`, `column_remarks`, `nullable`, `java_name`, `java_type`, `java_type_package_name`, `is_form`, `is_keyword`, `is_advanced_search`, `list_show`, `detail_show`, `is_excel`, `is_required`, `opt_element`, `dict_domain_code`, `create_by`, `create_username`, `create_time`, `update_by`, `update_username`, `update_time`, `is_del`) VALUES (1713747221473669122, 'menu', 1, 'permission', 'VARCHAR(255)', '权限字符', 1, 'permission', 'String', 'java.lang.String', 0, 0, 0, 0, 0, 0, 0, 'input', NULL, 1685177044733800449, 'yyqyyq', 1697424152145, NULL, NULL, NULL, 1);
INSERT INTO `generate_column` (`id`, `table_name`, `is_primary_key`, `column_name`, `column_type`, `column_remarks`, `nullable`, `java_name`, `java_type`, `java_type_package_name`, `is_form`, `is_keyword`, `is_advanced_search`, `list_show`, `detail_show`, `is_excel`, `is_required`, `opt_element`, `dict_domain_code`, `create_by`, `create_username`, `create_time`, `update_by`, `update_username`, `update_time`, `is_del`) VALUES (1713747221490446337, 'menu', 1, 'type', 'INT(10)', '菜单类型 #1：目录，  2：菜单， 3：接口', 0, 'type', 'Integer', 'java.lang.String', 0, 0, 0, 0, 0, 0, 0, 'select', 'menu_type', 1685177044733800449, 'yyqyyq', 1697424152146, NULL, NULL, NULL, 1);
INSERT INTO `generate_column` (`id`, `table_name`, `is_primary_key`, `column_name`, `column_type`, `column_remarks`, `nullable`, `java_name`, `java_type`, `java_type_package_name`, `is_form`, `is_keyword`, `is_advanced_search`, `list_show`, `detail_show`, `is_excel`, `is_required`, `opt_element`, `dict_domain_code`, `create_by`, `create_username`, `create_time`, `update_by`, `update_username`, `update_time`, `is_del`) VALUES (1713747221498834945, 'menu', 1, 'status', 'INT(10)', '菜单状态 #1：正常， 2：禁用', 0, 'status', 'Integer', 'java.lang.String', 0, 0, 0, 0, 0, 0, 0, 'select', 'menu_status', 1685177044733800449, 'yyqyyq', 1697424152148, NULL, NULL, NULL, 1);
INSERT INTO `generate_column` (`id`, `table_name`, `is_primary_key`, `column_name`, `column_type`, `column_remarks`, `nullable`, `java_name`, `java_type`, `java_type_package_name`, `is_form`, `is_keyword`, `is_advanced_search`, `list_show`, `detail_show`, `is_excel`, `is_required`, `opt_element`, `dict_domain_code`, `create_by`, `create_username`, `create_time`, `update_by`, `update_username`, `update_time`, `is_del`) VALUES (1713747221503029250, 'menu', 1, 'show_status', 'INT(10)', '显示状态 #1：显示， 2：隐藏', 0, 'showStatus', 'Integer', 'java.lang.String', 0, 0, 0, 0, 0, 0, 0, 'select', 'menu_show_status', 1685177044733800449, 'yyqyyq', 1697424152149, NULL, NULL, NULL, 1);
INSERT INTO `generate_column` (`id`, `table_name`, `is_primary_key`, `column_name`, `column_type`, `column_remarks`, `nullable`, `java_name`, `java_type`, `java_type_package_name`, `is_form`, `is_keyword`, `is_advanced_search`, `list_show`, `detail_show`, `is_excel`, `is_required`, `opt_element`, `dict_domain_code`, `create_by`, `create_username`, `create_time`, `update_by`, `update_username`, `update_time`, `is_del`) VALUES (1713747221511417857, 'menu', 1, 'sort', 'INT(10)', '排序', 0, 'sort', 'Integer', 'java.lang.String', 0, 0, 0, 0, 0, 0, 0, 'input', NULL, 1685177044733800449, 'yyqyyq', 1697424152152, NULL, NULL, NULL, 1);
INSERT INTO `generate_column` (`id`, `table_name`, `is_primary_key`, `column_name`, `column_type`, `column_remarks`, `nullable`, `java_name`, `java_type`, `java_type_package_name`, `is_form`, `is_keyword`, `is_advanced_search`, `list_show`, `detail_show`, `is_excel`, `is_required`, `opt_element`, `dict_domain_code`, `create_by`, `create_username`, `create_time`, `update_by`, `update_username`, `update_time`, `is_del`) VALUES (1713747221524000770, 'menu', 1, 'remarks', 'VARCHAR(255)', '备注', 1, 'remarks', 'String', 'java.lang.String', 0, 0, 0, 0, 0, 0, 0, 'input', NULL, 1685177044733800449, 'yyqyyq', 1697424152154, NULL, NULL, NULL, 1);
INSERT INTO `generate_column` (`id`, `table_name`, `is_primary_key`, `column_name`, `column_type`, `column_remarks`, `nullable`, `java_name`, `java_type`, `java_type_package_name`, `is_form`, `is_keyword`, `is_advanced_search`, `list_show`, `detail_show`, `is_excel`, `is_required`, `opt_element`, `dict_domain_code`, `create_by`, `create_username`, `create_time`, `update_by`, `update_username`, `update_time`, `is_del`) VALUES (1713747221532389377, 'menu', 1, 'create_by', 'BIGINT(19)', '创建者', 0, 'createBy', 'Long', 'java.lang.String', 0, 0, 0, 0, 0, 0, 0, 'input', NULL, 1685177044733800449, 'yyqyyq', 1697424152155, NULL, NULL, NULL, 1);
INSERT INTO `generate_column` (`id`, `table_name`, `is_primary_key`, `column_name`, `column_type`, `column_remarks`, `nullable`, `java_name`, `java_type`, `java_type_package_name`, `is_form`, `is_keyword`, `is_advanced_search`, `list_show`, `detail_show`, `is_excel`, `is_required`, `opt_element`, `dict_domain_code`, `create_by`, `create_username`, `create_time`, `update_by`, `update_username`, `update_time`, `is_del`) VALUES (1713747221536583682, 'menu', 1, 'create_username', 'VARCHAR(20)', '创建者账号', 0, 'createUsername', 'String', 'java.lang.String', 0, 0, 0, 0, 0, 0, 0, 'input', NULL, 1685177044733800449, 'yyqyyq', 1697424152158, NULL, NULL, NULL, 1);
INSERT INTO `generate_column` (`id`, `table_name`, `is_primary_key`, `column_name`, `column_type`, `column_remarks`, `nullable`, `java_name`, `java_type`, `java_type_package_name`, `is_form`, `is_keyword`, `is_advanced_search`, `list_show`, `detail_show`, `is_excel`, `is_required`, `opt_element`, `dict_domain_code`, `create_by`, `create_username`, `create_time`, `update_by`, `update_username`, `update_time`, `is_del`) VALUES (1713747221549166594, 'menu', 1, 'create_time', 'BIGINT(19)', '创建时间', 0, 'createTime', 'Long', 'java.lang.String', 0, 0, 0, 0, 0, 0, 0, 'datetimepicker', NULL, 1685177044733800449, 'yyqyyq', 1697424152161, NULL, NULL, NULL, 1);
INSERT INTO `generate_column` (`id`, `table_name`, `is_primary_key`, `column_name`, `column_type`, `column_remarks`, `nullable`, `java_name`, `java_type`, `java_type_package_name`, `is_form`, `is_keyword`, `is_advanced_search`, `list_show`, `detail_show`, `is_excel`, `is_required`, `opt_element`, `dict_domain_code`, `create_by`, `create_username`, `create_time`, `update_by`, `update_username`, `update_time`, `is_del`) VALUES (1713747465263394817, 'menu', 0, 'id', 'BIGINT(19)', 'id', 0, 'id', 'Long', 'java.lang.String', 1, 1, 1, 1, 1, 1, 1, 'input', NULL, 1685177044733800449, 'yyqyyq', 1697424210266, NULL, NULL, NULL, 1);
INSERT INTO `generate_column` (`id`, `table_name`, `is_primary_key`, `column_name`, `column_type`, `column_remarks`, `nullable`, `java_name`, `java_type`, `java_type_package_name`, `is_form`, `is_keyword`, `is_advanced_search`, `list_show`, `detail_show`, `is_excel`, `is_required`, `opt_element`, `dict_domain_code`, `create_by`, `create_username`, `create_time`, `update_by`, `update_username`, `update_time`, `is_del`) VALUES (1713747465271783426, 'menu', 1, 'parent_id', 'BIGINT(19)', '父级菜单ID，为0则代表最上级菜单', 0, 'parentId', 'Long', 'java.lang.String', 0, 0, 0, 0, 0, 0, 0, 'input', NULL, 1685177044733800449, 'yyqyyq', 1697424210267, NULL, NULL, NULL, 1);
INSERT INTO `generate_column` (`id`, `table_name`, `is_primary_key`, `column_name`, `column_type`, `column_remarks`, `nullable`, `java_name`, `java_type`, `java_type_package_name`, `is_form`, `is_keyword`, `is_advanced_search`, `list_show`, `detail_show`, `is_excel`, `is_required`, `opt_element`, `dict_domain_code`, `create_by`, `create_username`, `create_time`, `update_by`, `update_username`, `update_time`, `is_del`) VALUES (1713747465275977730, 'menu', 1, 'icon', 'VARCHAR(100)', '菜单图标', 1, 'icon', 'String', 'java.lang.String', 0, 0, 0, 0, 0, 0, 0, 'input', NULL, 1685177044733800449, 'yyqyyq', 1697424210269, NULL, NULL, NULL, 1);
INSERT INTO `generate_column` (`id`, `table_name`, `is_primary_key`, `column_name`, `column_type`, `column_remarks`, `nullable`, `java_name`, `java_type`, `java_type_package_name`, `is_form`, `is_keyword`, `is_advanced_search`, `list_show`, `detail_show`, `is_excel`, `is_required`, `opt_element`, `dict_domain_code`, `create_by`, `create_username`, `create_time`, `update_by`, `update_username`, `update_time`, `is_del`) VALUES (1713747465284366337, 'menu', 1, 'label', 'VARCHAR(50)', '菜单名称', 0, 'label', 'String', 'java.lang.String', 0, 0, 0, 0, 0, 0, 0, 'input', NULL, 1685177044733800449, 'yyqyyq', 1697424210273, NULL, NULL, NULL, 1);
INSERT INTO `generate_column` (`id`, `table_name`, `is_primary_key`, `column_name`, `column_type`, `column_remarks`, `nullable`, `java_name`, `java_type`, `java_type_package_name`, `is_form`, `is_keyword`, `is_advanced_search`, `list_show`, `detail_show`, `is_excel`, `is_required`, `opt_element`, `dict_domain_code`, `create_by`, `create_username`, `create_time`, `update_by`, `update_username`, `update_time`, `is_del`) VALUES (1713747465296949250, 'menu', 1, 'path', 'VARCHAR(255)', '路由地址', 1, 'path', 'String', 'java.lang.String', 0, 0, 0, 0, 0, 0, 0, 'input', NULL, 1685177044733800449, 'yyqyyq', 1697424210276, NULL, NULL, NULL, 1);
INSERT INTO `generate_column` (`id`, `table_name`, `is_primary_key`, `column_name`, `column_type`, `column_remarks`, `nullable`, `java_name`, `java_type`, `java_type_package_name`, `is_form`, `is_keyword`, `is_advanced_search`, `list_show`, `detail_show`, `is_excel`, `is_required`, `opt_element`, `dict_domain_code`, `create_by`, `create_username`, `create_time`, `update_by`, `update_username`, `update_time`, `is_del`) VALUES (1713747465313726466, 'menu', 1, 'component', 'VARCHAR(255)', '组件路径', 1, 'component', 'String', 'java.lang.String', 0, 0, 0, 0, 0, 0, 0, 'input', NULL, 1685177044733800449, 'yyqyyq', 1697424210278, NULL, NULL, NULL, 1);
INSERT INTO `generate_column` (`id`, `table_name`, `is_primary_key`, `column_name`, `column_type`, `column_remarks`, `nullable`, `java_name`, `java_type`, `java_type_package_name`, `is_form`, `is_keyword`, `is_advanced_search`, `list_show`, `detail_show`, `is_excel`, `is_required`, `opt_element`, `dict_domain_code`, `create_by`, `create_username`, `create_time`, `update_by`, `update_username`, `update_time`, `is_del`) VALUES (1713747465322115074, 'menu', 1, 'permission', 'VARCHAR(255)', '权限字符', 1, 'permission', 'String', 'java.lang.String', 0, 0, 0, 0, 0, 0, 0, 'input', NULL, 1685177044733800449, 'yyqyyq', 1697424210280, NULL, NULL, NULL, 1);
INSERT INTO `generate_column` (`id`, `table_name`, `is_primary_key`, `column_name`, `column_type`, `column_remarks`, `nullable`, `java_name`, `java_type`, `java_type_package_name`, `is_form`, `is_keyword`, `is_advanced_search`, `list_show`, `detail_show`, `is_excel`, `is_required`, `opt_element`, `dict_domain_code`, `create_by`, `create_username`, `create_time`, `update_by`, `update_username`, `update_time`, `is_del`) VALUES (1713747465326309378, 'menu', 1, 'type', 'INT(10)', '菜单类型 #1：目录，  2：菜单， 3：接口', 0, 'type', 'Integer', 'java.lang.String', 0, 0, 0, 0, 0, 0, 0, 'select', 'menu_type', 1685177044733800449, 'yyqyyq', 1697424210281, NULL, NULL, NULL, 1);
INSERT INTO `generate_column` (`id`, `table_name`, `is_primary_key`, `column_name`, `column_type`, `column_remarks`, `nullable`, `java_name`, `java_type`, `java_type_package_name`, `is_form`, `is_keyword`, `is_advanced_search`, `list_show`, `detail_show`, `is_excel`, `is_required`, `opt_element`, `dict_domain_code`, `create_by`, `create_username`, `create_time`, `update_by`, `update_username`, `update_time`, `is_del`) VALUES (1713747465334697985, 'menu', 1, 'status', 'INT(10)', '菜单状态 #1：正常， 2：禁用', 0, 'status', 'Integer', 'java.lang.String', 0, 0, 0, 0, 0, 0, 0, 'select', 'menu_status', 1685177044733800449, 'yyqyyq', 1697424210285, NULL, NULL, NULL, 1);
INSERT INTO `generate_column` (`id`, `table_name`, `is_primary_key`, `column_name`, `column_type`, `column_remarks`, `nullable`, `java_name`, `java_type`, `java_type_package_name`, `is_form`, `is_keyword`, `is_advanced_search`, `list_show`, `detail_show`, `is_excel`, `is_required`, `opt_element`, `dict_domain_code`, `create_by`, `create_username`, `create_time`, `update_by`, `update_username`, `update_time`, `is_del`) VALUES (1713747465351475202, 'menu', 1, 'show_status', 'INT(10)', '显示状态 #1：显示， 2：隐藏', 0, 'showStatus', 'Integer', 'java.lang.String', 0, 0, 0, 0, 0, 0, 0, 'select', 'menu_show_status', 1685177044733800449, 'yyqyyq', 1697424210295, NULL, NULL, NULL, 1);
INSERT INTO `generate_column` (`id`, `table_name`, `is_primary_key`, `column_name`, `column_type`, `column_remarks`, `nullable`, `java_name`, `java_type`, `java_type_package_name`, `is_form`, `is_keyword`, `is_advanced_search`, `list_show`, `detail_show`, `is_excel`, `is_required`, `opt_element`, `dict_domain_code`, `create_by`, `create_username`, `create_time`, `update_by`, `update_username`, `update_time`, `is_del`) VALUES (1713747465389223938, 'menu', 1, 'sort', 'INT(10)', '排序', 0, 'sort', 'Integer', 'java.lang.String', 0, 0, 0, 0, 0, 0, 0, 'input', NULL, 1685177044733800449, 'yyqyyq', 1697424210306, NULL, NULL, NULL, 1);
INSERT INTO `generate_column` (`id`, `table_name`, `is_primary_key`, `column_name`, `column_type`, `column_remarks`, `nullable`, `java_name`, `java_type`, `java_type_package_name`, `is_form`, `is_keyword`, `is_advanced_search`, `list_show`, `detail_show`, `is_excel`, `is_required`, `opt_element`, `dict_domain_code`, `create_by`, `create_username`, `create_time`, `update_by`, `update_username`, `update_time`, `is_del`) VALUES (1713747465435361281, 'menu', 1, 'remarks', 'VARCHAR(255)', '备注', 1, 'remarks', 'String', 'java.lang.String', 0, 0, 0, 0, 0, 0, 0, 'input', NULL, 1685177044733800449, 'yyqyyq', 1697424210315, NULL, NULL, NULL, 1);
INSERT INTO `generate_column` (`id`, `table_name`, `is_primary_key`, `column_name`, `column_type`, `column_remarks`, `nullable`, `java_name`, `java_type`, `java_type_package_name`, `is_form`, `is_keyword`, `is_advanced_search`, `list_show`, `detail_show`, `is_excel`, `is_required`, `opt_element`, `dict_domain_code`, `create_by`, `create_username`, `create_time`, `update_by`, `update_username`, `update_time`, `is_del`) VALUES (1713747465473110018, 'menu', 1, 'create_by', 'BIGINT(19)', '创建者', 0, 'createBy', 'Long', 'java.lang.String', 0, 0, 0, 0, 0, 0, 0, 'input', NULL, 1685177044733800449, 'yyqyyq', 1697424210316, NULL, NULL, NULL, 1);
INSERT INTO `generate_column` (`id`, `table_name`, `is_primary_key`, `column_name`, `column_type`, `column_remarks`, `nullable`, `java_name`, `java_type`, `java_type_package_name`, `is_form`, `is_keyword`, `is_advanced_search`, `list_show`, `detail_show`, `is_excel`, `is_required`, `opt_element`, `dict_domain_code`, `create_by`, `create_username`, `create_time`, `update_by`, `update_username`, `update_time`, `is_del`) VALUES (1713747465477304322, 'menu', 1, 'create_username', 'VARCHAR(20)', '创建者账号', 0, 'createUsername', 'String', 'java.lang.String', 0, 0, 0, 0, 0, 0, 0, 'input', NULL, 1685177044733800449, 'yyqyyq', 1697424210318, NULL, NULL, NULL, 1);
INSERT INTO `generate_column` (`id`, `table_name`, `is_primary_key`, `column_name`, `column_type`, `column_remarks`, `nullable`, `java_name`, `java_type`, `java_type_package_name`, `is_form`, `is_keyword`, `is_advanced_search`, `list_show`, `detail_show`, `is_excel`, `is_required`, `opt_element`, `dict_domain_code`, `create_by`, `create_username`, `create_time`, `update_by`, `update_username`, `update_time`, `is_del`) VALUES (1713747465485692930, 'menu', 1, 'create_time', 'BIGINT(19)', '创建时间', 0, 'createTime', 'Long', 'java.lang.String', 0, 0, 0, 0, 0, 0, 0, 'datetimepicker', NULL, 1685177044733800449, 'yyqyyq', 1697424210323, NULL, NULL, NULL, 1);
INSERT INTO `generate_column` (`id`, `table_name`, `is_primary_key`, `column_name`, `column_type`, `column_remarks`, `nullable`, `java_name`, `java_type`, `java_type_package_name`, `is_form`, `is_keyword`, `is_advanced_search`, `list_show`, `detail_show`, `is_excel`, `is_required`, `opt_element`, `dict_domain_code`, `create_by`, `create_username`, `create_time`, `update_by`, `update_username`, `update_time`, `is_del`) VALUES (1713747603507654657, 'menu', 0, 'id', 'BIGINT(19)', 'id', 0, 'id', 'Long', 'java.lang.String', 1, 1, 1, 1, 1, 1, 1, 'input', NULL, 1685177044733800449, 'yyqyyq', 1697424243226, NULL, NULL, NULL, 1);
INSERT INTO `generate_column` (`id`, `table_name`, `is_primary_key`, `column_name`, `column_type`, `column_remarks`, `nullable`, `java_name`, `java_type`, `java_type_package_name`, `is_form`, `is_keyword`, `is_advanced_search`, `list_show`, `detail_show`, `is_excel`, `is_required`, `opt_element`, `dict_domain_code`, `create_by`, `create_username`, `create_time`, `update_by`, `update_username`, `update_time`, `is_del`) VALUES (1713747603511848961, 'menu', 1, 'parent_id', 'BIGINT(19)', '父级菜单ID，为0则代表最上级菜单', 0, 'parentId', 'Long', 'java.lang.String', 0, 0, 0, 0, 0, 0, 0, 'input', NULL, 1685177044733800449, 'yyqyyq', 1697424243227, NULL, NULL, NULL, 1);
INSERT INTO `generate_column` (`id`, `table_name`, `is_primary_key`, `column_name`, `column_type`, `column_remarks`, `nullable`, `java_name`, `java_type`, `java_type_package_name`, `is_form`, `is_keyword`, `is_advanced_search`, `list_show`, `detail_show`, `is_excel`, `is_required`, `opt_element`, `dict_domain_code`, `create_by`, `create_username`, `create_time`, `update_by`, `update_username`, `update_time`, `is_del`) VALUES (1713747603520237569, 'menu', 1, 'icon', 'VARCHAR(100)', '菜单图标', 1, 'icon', 'String', 'java.lang.String', 0, 0, 0, 0, 0, 0, 0, 'input', NULL, 1685177044733800449, 'yyqyyq', 1697424243230, NULL, NULL, NULL, 1);
INSERT INTO `generate_column` (`id`, `table_name`, `is_primary_key`, `column_name`, `column_type`, `column_remarks`, `nullable`, `java_name`, `java_type`, `java_type_package_name`, `is_form`, `is_keyword`, `is_advanced_search`, `list_show`, `detail_show`, `is_excel`, `is_required`, `opt_element`, `dict_domain_code`, `create_by`, `create_username`, `create_time`, `update_by`, `update_username`, `update_time`, `is_del`) VALUES (1713747603532820482, 'menu', 1, 'label', 'VARCHAR(50)', '菜单名称', 0, 'label', 'String', 'java.lang.String', 0, 0, 0, 0, 0, 0, 0, 'input', NULL, 1685177044733800449, 'yyqyyq', 1697424243262, NULL, NULL, NULL, 1);
INSERT INTO `generate_column` (`id`, `table_name`, `is_primary_key`, `column_name`, `column_type`, `column_remarks`, `nullable`, `java_name`, `java_type`, `java_type_package_name`, `is_form`, `is_keyword`, `is_advanced_search`, `list_show`, `detail_show`, `is_excel`, `is_required`, `opt_element`, `dict_domain_code`, `create_by`, `create_username`, `create_time`, `update_by`, `update_username`, `update_time`, `is_del`) VALUES (1713747603662843905, 'menu', 1, 'path', 'VARCHAR(255)', '路由地址', 1, 'path', 'String', 'java.lang.String', 0, 0, 0, 0, 0, 0, 0, 'input', NULL, 1685177044733800449, 'yyqyyq', 1697424243286, NULL, NULL, NULL, 1);
INSERT INTO `generate_column` (`id`, `table_name`, `is_primary_key`, `column_name`, `column_type`, `column_remarks`, `nullable`, `java_name`, `java_type`, `java_type_package_name`, `is_form`, `is_keyword`, `is_advanced_search`, `list_show`, `detail_show`, `is_excel`, `is_required`, `opt_element`, `dict_domain_code`, `create_by`, `create_username`, `create_time`, `update_by`, `update_username`, `update_time`, `is_del`) VALUES (1713747603763507201, 'menu', 1, 'component', 'VARCHAR(255)', '组件路径', 1, 'component', 'String', 'java.lang.String', 0, 0, 0, 0, 0, 0, 0, 'input', NULL, 1685177044733800449, 'yyqyyq', 1697424243308, NULL, NULL, NULL, 1);
INSERT INTO `generate_column` (`id`, `table_name`, `is_primary_key`, `column_name`, `column_type`, `column_remarks`, `nullable`, `java_name`, `java_type`, `java_type_package_name`, `is_form`, `is_keyword`, `is_advanced_search`, `list_show`, `detail_show`, `is_excel`, `is_required`, `opt_element`, `dict_domain_code`, `create_by`, `create_username`, `create_time`, `update_by`, `update_username`, `update_time`, `is_del`) VALUES (1713747603855781889, 'menu', 1, 'permission', 'VARCHAR(255)', '权限字符', 1, 'permission', 'String', 'java.lang.String', 0, 0, 0, 0, 0, 0, 0, 'input', NULL, 1685177044733800449, 'yyqyyq', 1697424243325, NULL, NULL, NULL, 1);
INSERT INTO `generate_column` (`id`, `table_name`, `is_primary_key`, `column_name`, `column_type`, `column_remarks`, `nullable`, `java_name`, `java_type`, `java_type_package_name`, `is_form`, `is_keyword`, `is_advanced_search`, `list_show`, `detail_show`, `is_excel`, `is_required`, `opt_element`, `dict_domain_code`, `create_by`, `create_username`, `create_time`, `update_by`, `update_username`, `update_time`, `is_del`) VALUES (1713747603927085057, 'menu', 1, 'type', 'INT(10)', '菜单类型 #1：目录，  2：菜单， 3：接口', 0, 'type', 'Integer', 'java.lang.String', 0, 0, 0, 0, 0, 0, 0, 'select', 'menu_type', 1685177044733800449, 'yyqyyq', 1697424243340, NULL, NULL, NULL, 1);
INSERT INTO `generate_column` (`id`, `table_name`, `is_primary_key`, `column_name`, `column_type`, `column_remarks`, `nullable`, `java_name`, `java_type`, `java_type_package_name`, `is_form`, `is_keyword`, `is_advanced_search`, `list_show`, `detail_show`, `is_excel`, `is_required`, `opt_element`, `dict_domain_code`, `create_by`, `create_username`, `create_time`, `update_by`, `update_username`, `update_time`, `is_del`) VALUES (1713747603994193922, 'menu', 1, 'status', 'INT(10)', '菜单状态 #1：正常， 2：禁用', 0, 'status', 'Integer', 'java.lang.String', 0, 0, 0, 0, 0, 0, 0, 'select', 'menu_status', 1685177044733800449, 'yyqyyq', 1697424243360, NULL, NULL, NULL, 1);
INSERT INTO `generate_column` (`id`, `table_name`, `is_primary_key`, `column_name`, `column_type`, `column_remarks`, `nullable`, `java_name`, `java_type`, `java_type_package_name`, `is_form`, `is_keyword`, `is_advanced_search`, `list_show`, `detail_show`, `is_excel`, `is_required`, `opt_element`, `dict_domain_code`, `create_by`, `create_username`, `create_time`, `update_by`, `update_username`, `update_time`, `is_del`) VALUES (1713747604073885698, 'menu', 1, 'show_status', 'INT(10)', '显示状态 #1：显示， 2：隐藏', 0, 'showStatus', 'Integer', 'java.lang.String', 0, 0, 0, 0, 0, 0, 0, 'select', 'menu_show_status', 1685177044733800449, 'yyqyyq', 1697424243380, NULL, NULL, NULL, 1);
INSERT INTO `generate_column` (`id`, `table_name`, `is_primary_key`, `column_name`, `column_type`, `column_remarks`, `nullable`, `java_name`, `java_type`, `java_type_package_name`, `is_form`, `is_keyword`, `is_advanced_search`, `list_show`, `detail_show`, `is_excel`, `is_required`, `opt_element`, `dict_domain_code`, `create_by`, `create_username`, `create_time`, `update_by`, `update_username`, `update_time`, `is_del`) VALUES (1713747604157771777, 'menu', 1, 'sort', 'INT(10)', '排序', 0, 'sort', 'Integer', 'java.lang.String', 0, 0, 0, 0, 0, 0, 0, 'input', NULL, 1685177044733800449, 'yyqyyq', 1697424243396, NULL, NULL, NULL, 1);
INSERT INTO `generate_column` (`id`, `table_name`, `is_primary_key`, `column_name`, `column_type`, `column_remarks`, `nullable`, `java_name`, `java_type`, `java_type_package_name`, `is_form`, `is_keyword`, `is_advanced_search`, `list_show`, `detail_show`, `is_excel`, `is_required`, `opt_element`, `dict_domain_code`, `create_by`, `create_username`, `create_time`, `update_by`, `update_username`, `update_time`, `is_del`) VALUES (1713747604229074945, 'menu', 1, 'remarks', 'VARCHAR(255)', '备注', 1, 'remarks', 'String', 'java.lang.String', 0, 0, 0, 0, 0, 0, 0, 'input', NULL, 1685177044733800449, 'yyqyyq', 1697424243404, NULL, NULL, NULL, 1);
INSERT INTO `generate_column` (`id`, `table_name`, `is_primary_key`, `column_name`, `column_type`, `column_remarks`, `nullable`, `java_name`, `java_type`, `java_type_package_name`, `is_form`, `is_keyword`, `is_advanced_search`, `list_show`, `detail_show`, `is_excel`, `is_required`, `opt_element`, `dict_domain_code`, `create_by`, `create_username`, `create_time`, `update_by`, `update_username`, `update_time`, `is_del`) VALUES (1713747604258435074, 'menu', 1, 'create_by', 'BIGINT(19)', '创建者', 0, 'createBy', 'Long', 'java.lang.String', 0, 0, 0, 0, 0, 0, 0, 'input', NULL, 1685177044733800449, 'yyqyyq', 1697424243405, NULL, NULL, NULL, 1);
INSERT INTO `generate_column` (`id`, `table_name`, `is_primary_key`, `column_name`, `column_type`, `column_remarks`, `nullable`, `java_name`, `java_type`, `java_type_package_name`, `is_form`, `is_keyword`, `is_advanced_search`, `list_show`, `detail_show`, `is_excel`, `is_required`, `opt_element`, `dict_domain_code`, `create_by`, `create_username`, `create_time`, `update_by`, `update_username`, `update_time`, `is_del`) VALUES (1713747604266823681, 'menu', 1, 'create_username', 'VARCHAR(20)', '创建者账号', 0, 'createUsername', 'String', 'java.lang.String', 0, 0, 0, 0, 0, 0, 0, 'input', NULL, 1685177044733800449, 'yyqyyq', 1697424243407, NULL, NULL, NULL, 1);
INSERT INTO `generate_column` (`id`, `table_name`, `is_primary_key`, `column_name`, `column_type`, `column_remarks`, `nullable`, `java_name`, `java_type`, `java_type_package_name`, `is_form`, `is_keyword`, `is_advanced_search`, `list_show`, `detail_show`, `is_excel`, `is_required`, `opt_element`, `dict_domain_code`, `create_by`, `create_username`, `create_time`, `update_by`, `update_username`, `update_time`, `is_del`) VALUES (1713747604271017985, 'menu', 1, 'create_time', 'BIGINT(19)', '创建时间', 0, 'createTime', 'Long', 'java.lang.String', 0, 0, 0, 0, 0, 0, 0, 'datetimepicker', NULL, 1685177044733800449, 'yyqyyq', 1697424243408, NULL, NULL, NULL, 1);
INSERT INTO `generate_column` (`id`, `table_name`, `is_primary_key`, `column_name`, `column_type`, `column_remarks`, `nullable`, `java_name`, `java_type`, `java_type_package_name`, `is_form`, `is_keyword`, `is_advanced_search`, `list_show`, `detail_show`, `is_excel`, `is_required`, `opt_element`, `dict_domain_code`, `create_by`, `create_username`, `create_time`, `update_by`, `update_username`, `update_time`, `is_del`) VALUES (1713748306678525953, 'menu', 0, 'id', 'BIGINT(19)', 'id', 0, 'id', 'Long', 'java.lang.String', 1, 1, 1, 1, 1, 1, 1, 'input', NULL, 1685177044733800449, 'yyqyyq', 1697424410875, NULL, NULL, NULL, 1);
INSERT INTO `generate_column` (`id`, `table_name`, `is_primary_key`, `column_name`, `column_type`, `column_remarks`, `nullable`, `java_name`, `java_type`, `java_type_package_name`, `is_form`, `is_keyword`, `is_advanced_search`, `list_show`, `detail_show`, `is_excel`, `is_required`, `opt_element`, `dict_domain_code`, `create_by`, `create_username`, `create_time`, `update_by`, `update_username`, `update_time`, `is_del`) VALUES (1713748306682720257, 'menu', 1, 'parent_id', 'BIGINT(19)', '父级菜单ID，为0则代表最上级菜单', 0, 'parentId', 'Long', 'java.lang.String', 0, 0, 0, 0, 0, 0, 0, 'input', NULL, 1685177044733800449, 'yyqyyq', 1697424410876, NULL, NULL, NULL, 1);
INSERT INTO `generate_column` (`id`, `table_name`, `is_primary_key`, `column_name`, `column_type`, `column_remarks`, `nullable`, `java_name`, `java_type`, `java_type_package_name`, `is_form`, `is_keyword`, `is_advanced_search`, `list_show`, `detail_show`, `is_excel`, `is_required`, `opt_element`, `dict_domain_code`, `create_by`, `create_username`, `create_time`, `update_by`, `update_username`, `update_time`, `is_del`) VALUES (1713748306691108865, 'menu', 1, 'icon', 'VARCHAR(100)', '菜单图标', 1, 'icon', 'String', 'java.lang.String', 0, 0, 0, 0, 0, 0, 0, 'input', NULL, 1685177044733800449, 'yyqyyq', 1697424410877, NULL, NULL, NULL, 1);
INSERT INTO `generate_column` (`id`, `table_name`, `is_primary_key`, `column_name`, `column_type`, `column_remarks`, `nullable`, `java_name`, `java_type`, `java_type_package_name`, `is_form`, `is_keyword`, `is_advanced_search`, `list_show`, `detail_show`, `is_excel`, `is_required`, `opt_element`, `dict_domain_code`, `create_by`, `create_username`, `create_time`, `update_by`, `update_username`, `update_time`, `is_del`) VALUES (1713748306695303170, 'menu', 1, 'label', 'VARCHAR(50)', '菜单名称', 0, 'label', 'String', 'java.lang.String', 0, 0, 0, 0, 0, 0, 0, 'input', NULL, 1685177044733800449, 'yyqyyq', 1697424410878, NULL, NULL, NULL, 1);
INSERT INTO `generate_column` (`id`, `table_name`, `is_primary_key`, `column_name`, `column_type`, `column_remarks`, `nullable`, `java_name`, `java_type`, `java_type_package_name`, `is_form`, `is_keyword`, `is_advanced_search`, `list_show`, `detail_show`, `is_excel`, `is_required`, `opt_element`, `dict_domain_code`, `create_by`, `create_username`, `create_time`, `update_by`, `update_username`, `update_time`, `is_del`) VALUES (1713748306699497473, 'menu', 1, 'path', 'VARCHAR(255)', '路由地址', 1, 'path', 'String', 'java.lang.String', 0, 0, 0, 0, 0, 0, 0, 'input', NULL, 1685177044733800449, 'yyqyyq', 1697424410880, NULL, NULL, NULL, 1);
INSERT INTO `generate_column` (`id`, `table_name`, `is_primary_key`, `column_name`, `column_type`, `column_remarks`, `nullable`, `java_name`, `java_type`, `java_type_package_name`, `is_form`, `is_keyword`, `is_advanced_search`, `list_show`, `detail_show`, `is_excel`, `is_required`, `opt_element`, `dict_domain_code`, `create_by`, `create_username`, `create_time`, `update_by`, `update_username`, `update_time`, `is_del`) VALUES (1713748306703691778, 'menu', 1, 'component', 'VARCHAR(255)', '组件路径', 1, 'component', 'String', 'java.lang.String', 0, 0, 0, 0, 0, 0, 0, 'input', NULL, 1685177044733800449, 'yyqyyq', 1697424410888, NULL, NULL, NULL, 1);
INSERT INTO `generate_column` (`id`, `table_name`, `is_primary_key`, `column_name`, `column_type`, `column_remarks`, `nullable`, `java_name`, `java_type`, `java_type_package_name`, `is_form`, `is_keyword`, `is_advanced_search`, `list_show`, `detail_show`, `is_excel`, `is_required`, `opt_element`, `dict_domain_code`, `create_by`, `create_username`, `create_time`, `update_by`, `update_username`, `update_time`, `is_del`) VALUES (1713748306741440513, 'menu', 1, 'permission', 'VARCHAR(255)', '权限字符', 1, 'permission', 'String', 'java.lang.String', 0, 0, 0, 0, 0, 0, 0, 'input', NULL, 1685177044733800449, 'yyqyyq', 1697424410889, NULL, NULL, NULL, 1);
INSERT INTO `generate_column` (`id`, `table_name`, `is_primary_key`, `column_name`, `column_type`, `column_remarks`, `nullable`, `java_name`, `java_type`, `java_type_package_name`, `is_form`, `is_keyword`, `is_advanced_search`, `list_show`, `detail_show`, `is_excel`, `is_required`, `opt_element`, `dict_domain_code`, `create_by`, `create_username`, `create_time`, `update_by`, `update_username`, `update_time`, `is_del`) VALUES (1713748306745634817, 'menu', 1, 'type', 'INT(10)', '菜单类型 #1：目录，  2：菜单， 3：接口', 0, 'type', 'Integer', 'java.lang.String', 0, 0, 0, 0, 0, 0, 0, 'select', 'menu_type', 1685177044733800449, 'yyqyyq', 1697424410890, NULL, NULL, NULL, 1);
INSERT INTO `generate_column` (`id`, `table_name`, `is_primary_key`, `column_name`, `column_type`, `column_remarks`, `nullable`, `java_name`, `java_type`, `java_type_package_name`, `is_form`, `is_keyword`, `is_advanced_search`, `list_show`, `detail_show`, `is_excel`, `is_required`, `opt_element`, `dict_domain_code`, `create_by`, `create_username`, `create_time`, `update_by`, `update_username`, `update_time`, `is_del`) VALUES (1713748306749829122, 'menu', 1, 'status', 'INT(10)', '菜单状态 #1：正常， 2：禁用', 0, 'status', 'Integer', 'java.lang.String', 0, 0, 0, 0, 0, 0, 0, 'select', 'menu_status', 1685177044733800449, 'yyqyyq', 1697424410892, NULL, NULL, NULL, 1);
INSERT INTO `generate_column` (`id`, `table_name`, `is_primary_key`, `column_name`, `column_type`, `column_remarks`, `nullable`, `java_name`, `java_type`, `java_type_package_name`, `is_form`, `is_keyword`, `is_advanced_search`, `list_show`, `detail_show`, `is_excel`, `is_required`, `opt_element`, `dict_domain_code`, `create_by`, `create_username`, `create_time`, `update_by`, `update_username`, `update_time`, `is_del`) VALUES (1713748306754023426, 'menu', 1, 'show_status', 'INT(10)', '显示状态 #1：显示， 2：隐藏', 0, 'showStatus', 'Integer', 'java.lang.String', 0, 0, 0, 0, 0, 0, 0, 'select', 'menu_show_status', 1685177044733800449, 'yyqyyq', 1697424410893, NULL, NULL, NULL, 1);
INSERT INTO `generate_column` (`id`, `table_name`, `is_primary_key`, `column_name`, `column_type`, `column_remarks`, `nullable`, `java_name`, `java_type`, `java_type_package_name`, `is_form`, `is_keyword`, `is_advanced_search`, `list_show`, `detail_show`, `is_excel`, `is_required`, `opt_element`, `dict_domain_code`, `create_by`, `create_username`, `create_time`, `update_by`, `update_username`, `update_time`, `is_del`) VALUES (1713748306762412034, 'menu', 1, 'sort', 'INT(10)', '排序', 0, 'sort', 'Integer', 'java.lang.String', 0, 0, 0, 0, 0, 0, 0, 'input', NULL, 1685177044733800449, 'yyqyyq', 1697424410894, NULL, NULL, NULL, 1);
INSERT INTO `generate_column` (`id`, `table_name`, `is_primary_key`, `column_name`, `column_type`, `column_remarks`, `nullable`, `java_name`, `java_type`, `java_type_package_name`, `is_form`, `is_keyword`, `is_advanced_search`, `list_show`, `detail_show`, `is_excel`, `is_required`, `opt_element`, `dict_domain_code`, `create_by`, `create_username`, `create_time`, `update_by`, `update_username`, `update_time`, `is_del`) VALUES (1713748306766606337, 'menu', 1, 'remarks', 'VARCHAR(255)', '备注', 1, 'remarks', 'String', 'java.lang.String', 0, 0, 0, 0, 0, 0, 0, 'input', NULL, 1685177044733800449, 'yyqyyq', 1697424410895, NULL, NULL, NULL, 1);
INSERT INTO `generate_column` (`id`, `table_name`, `is_primary_key`, `column_name`, `column_type`, `column_remarks`, `nullable`, `java_name`, `java_type`, `java_type_package_name`, `is_form`, `is_keyword`, `is_advanced_search`, `list_show`, `detail_show`, `is_excel`, `is_required`, `opt_element`, `dict_domain_code`, `create_by`, `create_username`, `create_time`, `update_by`, `update_username`, `update_time`, `is_del`) VALUES (1713748306770800641, 'menu', 1, 'create_by', 'BIGINT(19)', '创建者', 0, 'createBy', 'Long', 'java.lang.String', 0, 0, 0, 0, 0, 0, 0, 'input', NULL, 1685177044733800449, 'yyqyyq', 1697424410897, NULL, NULL, NULL, 1);
INSERT INTO `generate_column` (`id`, `table_name`, `is_primary_key`, `column_name`, `column_type`, `column_remarks`, `nullable`, `java_name`, `java_type`, `java_type_package_name`, `is_form`, `is_keyword`, `is_advanced_search`, `list_show`, `detail_show`, `is_excel`, `is_required`, `opt_element`, `dict_domain_code`, `create_by`, `create_username`, `create_time`, `update_by`, `update_username`, `update_time`, `is_del`) VALUES (1713748306774994946, 'menu', 1, 'create_username', 'VARCHAR(20)', '创建者账号', 0, 'createUsername', 'String', 'java.lang.String', 0, 0, 0, 0, 0, 0, 0, 'input', NULL, 1685177044733800449, 'yyqyyq', 1697424410898, NULL, NULL, NULL, 1);
INSERT INTO `generate_column` (`id`, `table_name`, `is_primary_key`, `column_name`, `column_type`, `column_remarks`, `nullable`, `java_name`, `java_type`, `java_type_package_name`, `is_form`, `is_keyword`, `is_advanced_search`, `list_show`, `detail_show`, `is_excel`, `is_required`, `opt_element`, `dict_domain_code`, `create_by`, `create_username`, `create_time`, `update_by`, `update_username`, `update_time`, `is_del`) VALUES (1713748306779189249, 'menu', 1, 'create_time', 'BIGINT(19)', '创建时间', 0, 'createTime', 'Long', 'java.lang.String', 0, 0, 0, 0, 0, 0, 0, 'datetimepicker', NULL, 1685177044733800449, 'yyqyyq', 1697424410899, NULL, NULL, NULL, 1);
INSERT INTO `generate_column` (`id`, `table_name`, `is_primary_key`, `column_name`, `column_type`, `column_remarks`, `nullable`, `java_name`, `java_type`, `java_type_package_name`, `is_form`, `is_keyword`, `is_advanced_search`, `list_show`, `detail_show`, `is_excel`, `is_required`, `opt_element`, `dict_domain_code`, `create_by`, `create_username`, `create_time`, `update_by`, `update_username`, `update_time`, `is_del`) VALUES (1713748548362711042, 'menu', 0, 'id', 'BIGINT(19)', 'id', 0, 'id', 'Long', 'java.lang.String', 1, 1, 1, 1, 1, 1, 1, 'input', NULL, 1685177044733800449, 'yyqyyq', 1697424468497, NULL, NULL, NULL, 1);
INSERT INTO `generate_column` (`id`, `table_name`, `is_primary_key`, `column_name`, `column_type`, `column_remarks`, `nullable`, `java_name`, `java_type`, `java_type_package_name`, `is_form`, `is_keyword`, `is_advanced_search`, `list_show`, `detail_show`, `is_excel`, `is_required`, `opt_element`, `dict_domain_code`, `create_by`, `create_username`, `create_time`, `update_by`, `update_username`, `update_time`, `is_del`) VALUES (1713748548371099650, 'menu', 1, 'parent_id', 'BIGINT(19)', '父级菜单ID，为0则代表最上级菜单', 0, 'parentId', 'Long', 'java.lang.String', 0, 0, 0, 0, 0, 0, 0, 'input', NULL, 1685177044733800449, 'yyqyyq', 1697424468499, NULL, NULL, NULL, 1);
INSERT INTO `generate_column` (`id`, `table_name`, `is_primary_key`, `column_name`, `column_type`, `column_remarks`, `nullable`, `java_name`, `java_type`, `java_type_package_name`, `is_form`, `is_keyword`, `is_advanced_search`, `list_show`, `detail_show`, `is_excel`, `is_required`, `opt_element`, `dict_domain_code`, `create_by`, `create_username`, `create_time`, `update_by`, `update_username`, `update_time`, `is_del`) VALUES (1713748548375293954, 'menu', 1, 'icon', 'VARCHAR(100)', '菜单图标', 1, 'icon', 'String', 'java.lang.String', 0, 0, 0, 0, 0, 0, 0, 'input', NULL, 1685177044733800449, 'yyqyyq', 1697424468500, NULL, NULL, NULL, 1);
INSERT INTO `generate_column` (`id`, `table_name`, `is_primary_key`, `column_name`, `column_type`, `column_remarks`, `nullable`, `java_name`, `java_type`, `java_type_package_name`, `is_form`, `is_keyword`, `is_advanced_search`, `list_show`, `detail_show`, `is_excel`, `is_required`, `opt_element`, `dict_domain_code`, `create_by`, `create_username`, `create_time`, `update_by`, `update_username`, `update_time`, `is_del`) VALUES (1713748548379488257, 'menu', 1, 'label', 'VARCHAR(50)', '菜单名称', 0, 'label', 'String', 'java.lang.String', 0, 0, 0, 0, 0, 0, 0, 'input', NULL, 1685177044733800449, 'yyqyyq', 1697424468501, NULL, NULL, NULL, 1);
INSERT INTO `generate_column` (`id`, `table_name`, `is_primary_key`, `column_name`, `column_type`, `column_remarks`, `nullable`, `java_name`, `java_type`, `java_type_package_name`, `is_form`, `is_keyword`, `is_advanced_search`, `list_show`, `detail_show`, `is_excel`, `is_required`, `opt_element`, `dict_domain_code`, `create_by`, `create_username`, `create_time`, `update_by`, `update_username`, `update_time`, `is_del`) VALUES (1713748548387876865, 'menu', 1, 'path', 'VARCHAR(255)', '路由地址', 1, 'path', 'String', 'java.lang.String', 0, 0, 0, 0, 0, 0, 0, 'input', NULL, 1685177044733800449, 'yyqyyq', 1697424468502, NULL, NULL, NULL, 1);
INSERT INTO `generate_column` (`id`, `table_name`, `is_primary_key`, `column_name`, `column_type`, `column_remarks`, `nullable`, `java_name`, `java_type`, `java_type_package_name`, `is_form`, `is_keyword`, `is_advanced_search`, `list_show`, `detail_show`, `is_excel`, `is_required`, `opt_element`, `dict_domain_code`, `create_by`, `create_username`, `create_time`, `update_by`, `update_username`, `update_time`, `is_del`) VALUES (1713748548392071169, 'menu', 1, 'component', 'VARCHAR(255)', '组件路径', 1, 'component', 'String', 'java.lang.String', 0, 0, 0, 0, 0, 0, 0, 'input', NULL, 1685177044733800449, 'yyqyyq', 1697424468503, NULL, NULL, NULL, 1);
INSERT INTO `generate_column` (`id`, `table_name`, `is_primary_key`, `column_name`, `column_type`, `column_remarks`, `nullable`, `java_name`, `java_type`, `java_type_package_name`, `is_form`, `is_keyword`, `is_advanced_search`, `list_show`, `detail_show`, `is_excel`, `is_required`, `opt_element`, `dict_domain_code`, `create_by`, `create_username`, `create_time`, `update_by`, `update_username`, `update_time`, `is_del`) VALUES (1713748548396265474, 'menu', 1, 'permission', 'VARCHAR(255)', '权限字符', 1, 'permission', 'String', 'java.lang.String', 0, 0, 0, 0, 0, 0, 0, 'input', NULL, 1685177044733800449, 'yyqyyq', 1697424468504, NULL, NULL, NULL, 1);
INSERT INTO `generate_column` (`id`, `table_name`, `is_primary_key`, `column_name`, `column_type`, `column_remarks`, `nullable`, `java_name`, `java_type`, `java_type_package_name`, `is_form`, `is_keyword`, `is_advanced_search`, `list_show`, `detail_show`, `is_excel`, `is_required`, `opt_element`, `dict_domain_code`, `create_by`, `create_username`, `create_time`, `update_by`, `update_username`, `update_time`, `is_del`) VALUES (1713748548400459778, 'menu', 1, 'type', 'INT(10)', '菜单类型 #1：目录，  2：菜单， 3：接口', 0, 'type', 'Integer', 'java.lang.String', 0, 0, 0, 0, 0, 0, 0, 'select', 'menu_type', 1685177044733800449, 'yyqyyq', 1697424468515, NULL, NULL, NULL, 1);
INSERT INTO `generate_column` (`id`, `table_name`, `is_primary_key`, `column_name`, `column_type`, `column_remarks`, `nullable`, `java_name`, `java_type`, `java_type_package_name`, `is_form`, `is_keyword`, `is_advanced_search`, `list_show`, `detail_show`, `is_excel`, `is_required`, `opt_element`, `dict_domain_code`, `create_by`, `create_username`, `create_time`, `update_by`, `update_username`, `update_time`, `is_del`) VALUES (1713748548442402818, 'menu', 1, 'status', 'INT(10)', '菜单状态 #1：正常， 2：禁用', 0, 'status', 'Integer', 'java.lang.String', 0, 0, 0, 0, 0, 0, 0, 'select', 'menu_status', 1685177044733800449, 'yyqyyq', 1697424468518, NULL, NULL, NULL, 1);
INSERT INTO `generate_column` (`id`, `table_name`, `is_primary_key`, `column_name`, `column_type`, `column_remarks`, `nullable`, `java_name`, `java_type`, `java_type_package_name`, `is_form`, `is_keyword`, `is_advanced_search`, `list_show`, `detail_show`, `is_excel`, `is_required`, `opt_element`, `dict_domain_code`, `create_by`, `create_username`, `create_time`, `update_by`, `update_username`, `update_time`, `is_del`) VALUES (1713748548459180034, 'menu', 1, 'show_status', 'INT(10)', '显示状态 #1：显示， 2：隐藏', 0, 'showStatus', 'Integer', 'java.lang.String', 0, 0, 0, 0, 0, 0, 0, 'select', 'menu_show_status', 1685177044733800449, 'yyqyyq', 1697424468537, NULL, NULL, NULL, 1);
INSERT INTO `generate_column` (`id`, `table_name`, `is_primary_key`, `column_name`, `column_type`, `column_remarks`, `nullable`, `java_name`, `java_type`, `java_type_package_name`, `is_form`, `is_keyword`, `is_advanced_search`, `list_show`, `detail_show`, `is_excel`, `is_required`, `opt_element`, `dict_domain_code`, `create_by`, `create_username`, `create_time`, `update_by`, `update_username`, `update_time`, `is_del`) VALUES (1713748548534677505, 'menu', 1, 'sort', 'INT(10)', '排序', 0, 'sort', 'Integer', 'java.lang.String', 0, 0, 0, 0, 0, 0, 0, 'input', NULL, 1685177044733800449, 'yyqyyq', 1697424468539, NULL, NULL, NULL, 1);
INSERT INTO `generate_column` (`id`, `table_name`, `is_primary_key`, `column_name`, `column_type`, `column_remarks`, `nullable`, `java_name`, `java_type`, `java_type_package_name`, `is_form`, `is_keyword`, `is_advanced_search`, `list_show`, `detail_show`, `is_excel`, `is_required`, `opt_element`, `dict_domain_code`, `create_by`, `create_username`, `create_time`, `update_by`, `update_username`, `update_time`, `is_del`) VALUES (1713748548543066114, 'menu', 1, 'remarks', 'VARCHAR(255)', '备注', 1, 'remarks', 'String', 'java.lang.String', 0, 0, 0, 0, 0, 0, 0, 'input', NULL, 1685177044733800449, 'yyqyyq', 1697424468540, NULL, NULL, NULL, 1);
INSERT INTO `generate_column` (`id`, `table_name`, `is_primary_key`, `column_name`, `column_type`, `column_remarks`, `nullable`, `java_name`, `java_type`, `java_type_package_name`, `is_form`, `is_keyword`, `is_advanced_search`, `list_show`, `detail_show`, `is_excel`, `is_required`, `opt_element`, `dict_domain_code`, `create_by`, `create_username`, `create_time`, `update_by`, `update_username`, `update_time`, `is_del`) VALUES (1713748548547260418, 'menu', 1, 'create_by', 'BIGINT(19)', '创建者', 0, 'createBy', 'Long', 'java.lang.String', 0, 0, 0, 0, 0, 0, 0, 'input', NULL, 1685177044733800449, 'yyqyyq', 1697424468541, NULL, NULL, NULL, 1);
INSERT INTO `generate_column` (`id`, `table_name`, `is_primary_key`, `column_name`, `column_type`, `column_remarks`, `nullable`, `java_name`, `java_type`, `java_type_package_name`, `is_form`, `is_keyword`, `is_advanced_search`, `list_show`, `detail_show`, `is_excel`, `is_required`, `opt_element`, `dict_domain_code`, `create_by`, `create_username`, `create_time`, `update_by`, `update_username`, `update_time`, `is_del`) VALUES (1713748548555649025, 'menu', 1, 'create_username', 'VARCHAR(20)', '创建者账号', 0, 'createUsername', 'String', 'java.lang.String', 0, 0, 0, 0, 0, 0, 0, 'input', NULL, 1685177044733800449, 'yyqyyq', 1697424468543, NULL, NULL, NULL, 1);
INSERT INTO `generate_column` (`id`, `table_name`, `is_primary_key`, `column_name`, `column_type`, `column_remarks`, `nullable`, `java_name`, `java_type`, `java_type_package_name`, `is_form`, `is_keyword`, `is_advanced_search`, `list_show`, `detail_show`, `is_excel`, `is_required`, `opt_element`, `dict_domain_code`, `create_by`, `create_username`, `create_time`, `update_by`, `update_username`, `update_time`, `is_del`) VALUES (1713748548559843330, 'menu', 1, 'create_time', 'BIGINT(19)', '创建时间', 0, 'createTime', 'Long', 'java.lang.String', 0, 0, 0, 0, 0, 0, 0, 'datetimepicker', NULL, 1685177044733800449, 'yyqyyq', 1697424468544, NULL, NULL, NULL, 1);
INSERT INTO `generate_column` (`id`, `table_name`, `is_primary_key`, `column_name`, `column_type`, `column_remarks`, `nullable`, `java_name`, `java_type`, `java_type_package_name`, `is_form`, `is_keyword`, `is_advanced_search`, `list_show`, `detail_show`, `is_excel`, `is_required`, `opt_element`, `dict_domain_code`, `create_by`, `create_username`, `create_time`, `update_by`, `update_username`, `update_time`, `is_del`) VALUES (1713748873836507138, 'menu', 0, 'id', 'BIGINT(19)', 'id', 0, 'id', 'Long', 'java.lang.String', 1, 1, 1, 1, 1, 1, 1, 'input', NULL, 1685177044733800449, 'yyqyyq', 1697424546107, NULL, NULL, NULL, 1);
INSERT INTO `generate_column` (`id`, `table_name`, `is_primary_key`, `column_name`, `column_type`, `column_remarks`, `nullable`, `java_name`, `java_type`, `java_type_package_name`, `is_form`, `is_keyword`, `is_advanced_search`, `list_show`, `detail_show`, `is_excel`, `is_required`, `opt_element`, `dict_domain_code`, `create_by`, `create_username`, `create_time`, `update_by`, `update_username`, `update_time`, `is_del`) VALUES (1713748873891033089, 'menu', 1, 'parent_id', 'BIGINT(19)', '父级菜单ID，为0则代表最上级菜单', 0, 'parentId', 'Long', 'java.lang.String', 0, 0, 0, 0, 0, 0, 0, 'input', NULL, 1685177044733800449, 'yyqyyq', 1697424546109, NULL, NULL, NULL, 1);
INSERT INTO `generate_column` (`id`, `table_name`, `is_primary_key`, `column_name`, `column_type`, `column_remarks`, `nullable`, `java_name`, `java_type`, `java_type_package_name`, `is_form`, `is_keyword`, `is_advanced_search`, `list_show`, `detail_show`, `is_excel`, `is_required`, `opt_element`, `dict_domain_code`, `create_by`, `create_username`, `create_time`, `update_by`, `update_username`, `update_time`, `is_del`) VALUES (1713748873895227394, 'menu', 1, 'icon', 'VARCHAR(100)', '菜单图标', 1, 'icon', 'String', 'java.lang.String', 0, 0, 0, 0, 0, 0, 0, 'input', NULL, 1685177044733800449, 'yyqyyq', 1697424546110, NULL, NULL, NULL, 1);
INSERT INTO `generate_column` (`id`, `table_name`, `is_primary_key`, `column_name`, `column_type`, `column_remarks`, `nullable`, `java_name`, `java_type`, `java_type_package_name`, `is_form`, `is_keyword`, `is_advanced_search`, `list_show`, `detail_show`, `is_excel`, `is_required`, `opt_element`, `dict_domain_code`, `create_by`, `create_username`, `create_time`, `update_by`, `update_username`, `update_time`, `is_del`) VALUES (1713748873899421698, 'menu', 1, 'label', 'VARCHAR(50)', '菜单名称', 0, 'label', 'String', 'java.lang.String', 0, 0, 0, 0, 0, 0, 0, 'input', NULL, 1685177044733800449, 'yyqyyq', 1697424546113, NULL, NULL, NULL, 1);
INSERT INTO `generate_column` (`id`, `table_name`, `is_primary_key`, `column_name`, `column_type`, `column_remarks`, `nullable`, `java_name`, `java_type`, `java_type_package_name`, `is_form`, `is_keyword`, `is_advanced_search`, `list_show`, `detail_show`, `is_excel`, `is_required`, `opt_element`, `dict_domain_code`, `create_by`, `create_username`, `create_time`, `update_by`, `update_username`, `update_time`, `is_del`) VALUES (1713748873916198913, 'menu', 1, 'path', 'VARCHAR(255)', '路由地址', 1, 'path', 'String', 'java.lang.String', 0, 0, 0, 0, 0, 0, 0, 'input', NULL, 1685177044733800449, 'yyqyyq', 1697424546114, NULL, NULL, NULL, 1);
INSERT INTO `generate_column` (`id`, `table_name`, `is_primary_key`, `column_name`, `column_type`, `column_remarks`, `nullable`, `java_name`, `java_type`, `java_type_package_name`, `is_form`, `is_keyword`, `is_advanced_search`, `list_show`, `detail_show`, `is_excel`, `is_required`, `opt_element`, `dict_domain_code`, `create_by`, `create_username`, `create_time`, `update_by`, `update_username`, `update_time`, `is_del`) VALUES (1713748873920393217, 'menu', 1, 'component', 'VARCHAR(255)', '组件路径', 1, 'component', 'String', 'java.lang.String', 0, 0, 0, 0, 0, 0, 0, 'input', NULL, 1685177044733800449, 'yyqyyq', 1697424546116, NULL, NULL, NULL, 1);
INSERT INTO `generate_column` (`id`, `table_name`, `is_primary_key`, `column_name`, `column_type`, `column_remarks`, `nullable`, `java_name`, `java_type`, `java_type_package_name`, `is_form`, `is_keyword`, `is_advanced_search`, `list_show`, `detail_show`, `is_excel`, `is_required`, `opt_element`, `dict_domain_code`, `create_by`, `create_username`, `create_time`, `update_by`, `update_username`, `update_time`, `is_del`) VALUES (1713748873924587522, 'menu', 1, 'permission', 'VARCHAR(255)', '权限字符', 1, 'permission', 'String', 'java.lang.String', 0, 0, 0, 0, 0, 0, 0, 'input', NULL, 1685177044733800449, 'yyqyyq', 1697424546117, NULL, NULL, NULL, 1);
INSERT INTO `generate_column` (`id`, `table_name`, `is_primary_key`, `column_name`, `column_type`, `column_remarks`, `nullable`, `java_name`, `java_type`, `java_type_package_name`, `is_form`, `is_keyword`, `is_advanced_search`, `list_show`, `detail_show`, `is_excel`, `is_required`, `opt_element`, `dict_domain_code`, `create_by`, `create_username`, `create_time`, `update_by`, `update_username`, `update_time`, `is_del`) VALUES (1713748873928781826, 'menu', 1, 'type', 'INT(10)', '菜单类型 #1：目录，  2：菜单， 3：接口', 0, 'type', 'Integer', 'java.lang.String', 0, 0, 0, 0, 0, 0, 0, 'select', 'menu_type', 1685177044733800449, 'yyqyyq', 1697424546118, NULL, NULL, NULL, 1);
INSERT INTO `generate_column` (`id`, `table_name`, `is_primary_key`, `column_name`, `column_type`, `column_remarks`, `nullable`, `java_name`, `java_type`, `java_type_package_name`, `is_form`, `is_keyword`, `is_advanced_search`, `list_show`, `detail_show`, `is_excel`, `is_required`, `opt_element`, `dict_domain_code`, `create_by`, `create_username`, `create_time`, `update_by`, `update_username`, `update_time`, `is_del`) VALUES (1713748873932976129, 'menu', 1, 'status', 'INT(10)', '菜单状态 #1：正常， 2：禁用', 0, 'status', 'Integer', 'java.lang.String', 0, 0, 0, 0, 0, 0, 0, 'select', 'menu_status', 1685177044733800449, 'yyqyyq', 1697424546119, NULL, NULL, NULL, 1);
INSERT INTO `generate_column` (`id`, `table_name`, `is_primary_key`, `column_name`, `column_type`, `column_remarks`, `nullable`, `java_name`, `java_type`, `java_type_package_name`, `is_form`, `is_keyword`, `is_advanced_search`, `list_show`, `detail_show`, `is_excel`, `is_required`, `opt_element`, `dict_domain_code`, `create_by`, `create_username`, `create_time`, `update_by`, `update_username`, `update_time`, `is_del`) VALUES (1713748873941364738, 'menu', 1, 'show_status', 'INT(10)', '显示状态 #1：显示， 2：隐藏', 0, 'showStatus', 'Integer', 'java.lang.String', 0, 0, 0, 0, 0, 0, 0, 'select', 'menu_show_status', 1685177044733800449, 'yyqyyq', 1697424546120, NULL, NULL, NULL, 1);
INSERT INTO `generate_column` (`id`, `table_name`, `is_primary_key`, `column_name`, `column_type`, `column_remarks`, `nullable`, `java_name`, `java_type`, `java_type_package_name`, `is_form`, `is_keyword`, `is_advanced_search`, `list_show`, `detail_show`, `is_excel`, `is_required`, `opt_element`, `dict_domain_code`, `create_by`, `create_username`, `create_time`, `update_by`, `update_username`, `update_time`, `is_del`) VALUES (1713748873945559042, 'menu', 1, 'sort', 'INT(10)', '排序', 0, 'sort', 'Integer', 'java.lang.String', 0, 0, 0, 0, 0, 0, 0, 'input', NULL, 1685177044733800449, 'yyqyyq', 1697424546122, NULL, NULL, NULL, 1);
INSERT INTO `generate_column` (`id`, `table_name`, `is_primary_key`, `column_name`, `column_type`, `column_remarks`, `nullable`, `java_name`, `java_type`, `java_type_package_name`, `is_form`, `is_keyword`, `is_advanced_search`, `list_show`, `detail_show`, `is_excel`, `is_required`, `opt_element`, `dict_domain_code`, `create_by`, `create_username`, `create_time`, `update_by`, `update_username`, `update_time`, `is_del`) VALUES (1713748873949753345, 'menu', 1, 'remarks', 'VARCHAR(255)', '备注', 1, 'remarks', 'String', 'java.lang.String', 0, 0, 0, 0, 0, 0, 0, 'input', NULL, 1685177044733800449, 'yyqyyq', 1697424546123, NULL, NULL, NULL, 1);
INSERT INTO `generate_column` (`id`, `table_name`, `is_primary_key`, `column_name`, `column_type`, `column_remarks`, `nullable`, `java_name`, `java_type`, `java_type_package_name`, `is_form`, `is_keyword`, `is_advanced_search`, `list_show`, `detail_show`, `is_excel`, `is_required`, `opt_element`, `dict_domain_code`, `create_by`, `create_username`, `create_time`, `update_by`, `update_username`, `update_time`, `is_del`) VALUES (1713748873953947650, 'menu', 1, 'create_by', 'BIGINT(19)', '创建者', 0, 'createBy', 'Long', 'java.lang.String', 0, 0, 0, 0, 0, 0, 0, 'input', NULL, 1685177044733800449, 'yyqyyq', 1697424546124, NULL, NULL, NULL, 1);
INSERT INTO `generate_column` (`id`, `table_name`, `is_primary_key`, `column_name`, `column_type`, `column_remarks`, `nullable`, `java_name`, `java_type`, `java_type_package_name`, `is_form`, `is_keyword`, `is_advanced_search`, `list_show`, `detail_show`, `is_excel`, `is_required`, `opt_element`, `dict_domain_code`, `create_by`, `create_username`, `create_time`, `update_by`, `update_username`, `update_time`, `is_del`) VALUES (1713748873962336257, 'menu', 1, 'create_username', 'VARCHAR(20)', '创建者账号', 0, 'createUsername', 'String', 'java.lang.String', 0, 0, 0, 0, 0, 0, 0, 'input', NULL, 1685177044733800449, 'yyqyyq', 1697424546125, NULL, NULL, NULL, 1);
INSERT INTO `generate_column` (`id`, `table_name`, `is_primary_key`, `column_name`, `column_type`, `column_remarks`, `nullable`, `java_name`, `java_type`, `java_type_package_name`, `is_form`, `is_keyword`, `is_advanced_search`, `list_show`, `detail_show`, `is_excel`, `is_required`, `opt_element`, `dict_domain_code`, `create_by`, `create_username`, `create_time`, `update_by`, `update_username`, `update_time`, `is_del`) VALUES (1713748873966530562, 'menu', 1, 'create_time', 'BIGINT(19)', '创建时间', 0, 'createTime', 'Long', 'java.lang.String', 0, 0, 0, 0, 0, 0, 0, 'datetimepicker', NULL, 1685177044733800449, 'yyqyyq', 1697424546126, NULL, NULL, NULL, 1);
INSERT INTO `generate_column` (`id`, `table_name`, `is_primary_key`, `column_name`, `column_type`, `column_remarks`, `nullable`, `java_name`, `java_type`, `java_type_package_name`, `is_form`, `is_keyword`, `is_advanced_search`, `list_show`, `detail_show`, `is_excel`, `is_required`, `opt_element`, `dict_domain_code`, `create_by`, `create_username`, `create_time`, `update_by`, `update_username`, `update_time`, `is_del`) VALUES (1713749096021372930, 'menu', 0, 'id', 'BIGINT(19)', 'id', 0, 'id', 'Long', 'java.lang.String', 1, 1, 1, 1, 1, 1, 1, 'input', NULL, 1685177044733800449, 'yyqyyq', 1697424599069, NULL, NULL, NULL, 0);
INSERT INTO `generate_column` (`id`, `table_name`, `is_primary_key`, `column_name`, `column_type`, `column_remarks`, `nullable`, `java_name`, `java_type`, `java_type_package_name`, `is_form`, `is_keyword`, `is_advanced_search`, `list_show`, `detail_show`, `is_excel`, `is_required`, `opt_element`, `dict_domain_code`, `create_by`, `create_username`, `create_time`, `update_by`, `update_username`, `update_time`, `is_del`) VALUES (1713749096029761537, 'menu', 1, 'parent_id', 'BIGINT(19)', '父级菜单ID，为0则代表最上级菜单', 0, 'parentId', 'Long', 'java.lang.String', 0, 0, 0, 0, 0, 0, 0, 'input', NULL, 1685177044733800449, 'yyqyyq', 1697424599070, NULL, NULL, NULL, 0);
INSERT INTO `generate_column` (`id`, `table_name`, `is_primary_key`, `column_name`, `column_type`, `column_remarks`, `nullable`, `java_name`, `java_type`, `java_type_package_name`, `is_form`, `is_keyword`, `is_advanced_search`, `list_show`, `detail_show`, `is_excel`, `is_required`, `opt_element`, `dict_domain_code`, `create_by`, `create_username`, `create_time`, `update_by`, `update_username`, `update_time`, `is_del`) VALUES (1713749096033955841, 'menu', 1, 'icon', 'VARCHAR(100)', '菜单图标', 1, 'icon', 'String', 'java.lang.String', 0, 0, 0, 0, 0, 0, 0, 'input', NULL, 1685177044733800449, 'yyqyyq', 1697424599072, NULL, NULL, NULL, 0);
INSERT INTO `generate_column` (`id`, `table_name`, `is_primary_key`, `column_name`, `column_type`, `column_remarks`, `nullable`, `java_name`, `java_type`, `java_type_package_name`, `is_form`, `is_keyword`, `is_advanced_search`, `list_show`, `detail_show`, `is_excel`, `is_required`, `opt_element`, `dict_domain_code`, `create_by`, `create_username`, `create_time`, `update_by`, `update_username`, `update_time`, `is_del`) VALUES (1713749096038150146, 'menu', 1, 'label', 'VARCHAR(50)', '菜单名称', 0, 'label', 'String', 'java.lang.String', 0, 0, 0, 0, 0, 0, 0, 'input', NULL, 1685177044733800449, 'yyqyyq', 1697424599073, NULL, NULL, NULL, 0);
INSERT INTO `generate_column` (`id`, `table_name`, `is_primary_key`, `column_name`, `column_type`, `column_remarks`, `nullable`, `java_name`, `java_type`, `java_type_package_name`, `is_form`, `is_keyword`, `is_advanced_search`, `list_show`, `detail_show`, `is_excel`, `is_required`, `opt_element`, `dict_domain_code`, `create_by`, `create_username`, `create_time`, `update_by`, `update_username`, `update_time`, `is_del`) VALUES (1713749096042344449, 'menu', 1, 'path', 'VARCHAR(255)', '路由地址', 1, 'path', 'String', 'java.lang.String', 0, 0, 0, 0, 0, 0, 0, 'input', NULL, 1685177044733800449, 'yyqyyq', 1697424599074, NULL, NULL, NULL, 0);
INSERT INTO `generate_column` (`id`, `table_name`, `is_primary_key`, `column_name`, `column_type`, `column_remarks`, `nullable`, `java_name`, `java_type`, `java_type_package_name`, `is_form`, `is_keyword`, `is_advanced_search`, `list_show`, `detail_show`, `is_excel`, `is_required`, `opt_element`, `dict_domain_code`, `create_by`, `create_username`, `create_time`, `update_by`, `update_username`, `update_time`, `is_del`) VALUES (1713749096050733057, 'menu', 1, 'component', 'VARCHAR(255)', '组件路径', 1, 'component', 'String', 'java.lang.String', 0, 0, 0, 0, 0, 0, 0, 'input', NULL, 1685177044733800449, 'yyqyyq', 1697424599075, NULL, NULL, NULL, 0);
INSERT INTO `generate_column` (`id`, `table_name`, `is_primary_key`, `column_name`, `column_type`, `column_remarks`, `nullable`, `java_name`, `java_type`, `java_type_package_name`, `is_form`, `is_keyword`, `is_advanced_search`, `list_show`, `detail_show`, `is_excel`, `is_required`, `opt_element`, `dict_domain_code`, `create_by`, `create_username`, `create_time`, `update_by`, `update_username`, `update_time`, `is_del`) VALUES (1713749096054927362, 'menu', 1, 'permission', 'VARCHAR(255)', '权限字符', 1, 'permission', 'String', 'java.lang.String', 0, 0, 0, 0, 0, 0, 0, 'input', NULL, 1685177044733800449, 'yyqyyq', 1697424599076, NULL, NULL, NULL, 0);
INSERT INTO `generate_column` (`id`, `table_name`, `is_primary_key`, `column_name`, `column_type`, `column_remarks`, `nullable`, `java_name`, `java_type`, `java_type_package_name`, `is_form`, `is_keyword`, `is_advanced_search`, `list_show`, `detail_show`, `is_excel`, `is_required`, `opt_element`, `dict_domain_code`, `create_by`, `create_username`, `create_time`, `update_by`, `update_username`, `update_time`, `is_del`) VALUES (1713749096059121666, 'menu', 1, 'type', 'INT(10)', '菜单类型 #1：目录，  2：菜单， 3：接口', 0, 'type', 'Integer', 'java.lang.String', 0, 0, 0, 0, 0, 0, 0, 'select', 'menu_type', 1685177044733800449, 'yyqyyq', 1697424599077, NULL, NULL, NULL, 0);
INSERT INTO `generate_column` (`id`, `table_name`, `is_primary_key`, `column_name`, `column_type`, `column_remarks`, `nullable`, `java_name`, `java_type`, `java_type_package_name`, `is_form`, `is_keyword`, `is_advanced_search`, `list_show`, `detail_show`, `is_excel`, `is_required`, `opt_element`, `dict_domain_code`, `create_by`, `create_username`, `create_time`, `update_by`, `update_username`, `update_time`, `is_del`) VALUES (1713749096063315969, 'menu', 1, 'status', 'INT(10)', '菜单状态 #1：正常， 2：禁用', 0, 'status', 'Integer', 'java.lang.String', 0, 0, 0, 0, 0, 0, 0, 'select', 'menu_status', 1685177044733800449, 'yyqyyq', 1697424599079, NULL, NULL, NULL, 0);
INSERT INTO `generate_column` (`id`, `table_name`, `is_primary_key`, `column_name`, `column_type`, `column_remarks`, `nullable`, `java_name`, `java_type`, `java_type_package_name`, `is_form`, `is_keyword`, `is_advanced_search`, `list_show`, `detail_show`, `is_excel`, `is_required`, `opt_element`, `dict_domain_code`, `create_by`, `create_username`, `create_time`, `update_by`, `update_username`, `update_time`, `is_del`) VALUES (1713749096067510274, 'menu', 1, 'show_status', 'INT(10)', '显示状态 #1：显示， 2：隐藏', 0, 'showStatus', 'Integer', 'java.lang.String', 0, 0, 0, 0, 0, 0, 0, 'select', 'menu_show_status', 1685177044733800449, 'yyqyyq', 1697424599080, NULL, NULL, NULL, 0);
INSERT INTO `generate_column` (`id`, `table_name`, `is_primary_key`, `column_name`, `column_type`, `column_remarks`, `nullable`, `java_name`, `java_type`, `java_type_package_name`, `is_form`, `is_keyword`, `is_advanced_search`, `list_show`, `detail_show`, `is_excel`, `is_required`, `opt_element`, `dict_domain_code`, `create_by`, `create_username`, `create_time`, `update_by`, `update_username`, `update_time`, `is_del`) VALUES (1713749096071704578, 'menu', 1, 'sort', 'INT(10)', '排序', 0, 'sort', 'Integer', 'java.lang.String', 0, 0, 0, 0, 0, 0, 0, 'input', NULL, 1685177044733800449, 'yyqyyq', 1697424599081, NULL, NULL, NULL, 0);
INSERT INTO `generate_column` (`id`, `table_name`, `is_primary_key`, `column_name`, `column_type`, `column_remarks`, `nullable`, `java_name`, `java_type`, `java_type_package_name`, `is_form`, `is_keyword`, `is_advanced_search`, `list_show`, `detail_show`, `is_excel`, `is_required`, `opt_element`, `dict_domain_code`, `create_by`, `create_username`, `create_time`, `update_by`, `update_username`, `update_time`, `is_del`) VALUES (1713749096080093185, 'menu', 1, 'remarks', 'VARCHAR(255)', '备注', 1, 'remarks', 'String', 'java.lang.String', 0, 0, 0, 0, 0, 0, 0, 'input', NULL, 1685177044733800449, 'yyqyyq', 1697424599082, NULL, NULL, NULL, 0);
INSERT INTO `generate_column` (`id`, `table_name`, `is_primary_key`, `column_name`, `column_type`, `column_remarks`, `nullable`, `java_name`, `java_type`, `java_type_package_name`, `is_form`, `is_keyword`, `is_advanced_search`, `list_show`, `detail_show`, `is_excel`, `is_required`, `opt_element`, `dict_domain_code`, `create_by`, `create_username`, `create_time`, `update_by`, `update_username`, `update_time`, `is_del`) VALUES (1713749096084287489, 'menu', 1, 'create_by', 'BIGINT(19)', '创建者', 0, 'createBy', 'Long', 'java.lang.String', 0, 0, 0, 0, 0, 0, 0, 'input', NULL, 1685177044733800449, 'yyqyyq', 1697424599083, NULL, NULL, NULL, 0);
INSERT INTO `generate_column` (`id`, `table_name`, `is_primary_key`, `column_name`, `column_type`, `column_remarks`, `nullable`, `java_name`, `java_type`, `java_type_package_name`, `is_form`, `is_keyword`, `is_advanced_search`, `list_show`, `detail_show`, `is_excel`, `is_required`, `opt_element`, `dict_domain_code`, `create_by`, `create_username`, `create_time`, `update_by`, `update_username`, `update_time`, `is_del`) VALUES (1713749096088481793, 'menu', 1, 'create_username', 'VARCHAR(20)', '创建者账号', 0, 'createUsername', 'String', 'java.lang.String', 0, 0, 0, 0, 0, 0, 0, 'input', NULL, 1685177044733800449, 'yyqyyq', 1697424599085, NULL, NULL, NULL, 0);
INSERT INTO `generate_column` (`id`, `table_name`, `is_primary_key`, `column_name`, `column_type`, `column_remarks`, `nullable`, `java_name`, `java_type`, `java_type_package_name`, `is_form`, `is_keyword`, `is_advanced_search`, `list_show`, `detail_show`, `is_excel`, `is_required`, `opt_element`, `dict_domain_code`, `create_by`, `create_username`, `create_time`, `update_by`, `update_username`, `update_time`, `is_del`) VALUES (1713749096092676098, 'menu', 1, 'create_time', 'BIGINT(19)', '创建时间', 0, 'createTime', 'Long', 'java.lang.String', 0, 0, 0, 0, 0, 0, 0, 'datetimepicker', NULL, 1685177044733800449, 'yyqyyq', 1697424599086, NULL, NULL, NULL, 0);
COMMIT;

-- ----------------------------
-- Table structure for generate_config
-- ----------------------------
DROP TABLE IF EXISTS `generate_config`;
CREATE TABLE `generate_config` (
  `id` bigint NOT NULL COMMENT '主键ID',
  `type` int NOT NULL DEFAULT '2' COMMENT '配置类型 #1：全局配置, 2：表配置',
  `table_name` varchar(255) CHARACTER SET utf8mb4 COLLATE utf8mb4_bin NOT NULL COMMENT '表名称',
  `module_name` varchar(255) CHARACTER SET utf8mb4 COLLATE utf8mb4_bin DEFAULT NULL COMMENT '后端模块名称',
  `ui_module_name` varchar(255) CHARACTER SET utf8mb4 COLLATE utf8mb4_bin DEFAULT NULL COMMENT '前端模块名称',
  `table_remarks` varchar(255) CHARACTER SET utf8mb4 COLLATE utf8mb4_bin NOT NULL COMMENT '表描述',
  `package_name` varchar(255) CHARACTER SET utf8mb4 COLLATE utf8mb4_bin NOT NULL COMMENT '包名',
  `request_mapping_prefix` varchar(255) CHARACTER SET utf8mb4 COLLATE utf8mb4_bin DEFAULT NULL COMMENT 'RequestMapping 路径前缀\n',
  `parent_menu_id` bigint DEFAULT NULL COMMENT '所属菜单',
  `output_path` varchar(255) CHARACTER SET utf8mb4 COLLATE utf8mb4_bin DEFAULT NULL COMMENT '生成代码路径',
  `is_open` int NOT NULL DEFAULT '0' COMMENT '生成完代码后是否打开目录  #0：打开，1：不打开',
  `author` varchar(255) CHARACTER SET utf8mb4 COLLATE utf8mb4_bin NOT NULL DEFAULT 'zoe' COMMENT '作者',
  `enable_import` int NOT NULL DEFAULT '0' COMMENT '生成导入 #0：生成，1：不生成',
  `enable_export` int NOT NULL DEFAULT '0' COMMENT '生成导出 #0：生成 ,1：不生成',
  `enable_log` int NOT NULL DEFAULT '0' COMMENT '生成log注解 #0：生成 ，1：不生成',
  `enable_builder` int NOT NULL DEFAULT '0' COMMENT '开启Builder模式 #0：开启 ，1：不开启',
  `template_json` varchar(500) CHARACTER SET utf8mb4 COLLATE utf8mb4_bin NOT NULL COMMENT '生成模板json配置',
  `exclude_table_prefix` varchar(255) CHARACTER SET utf8mb4 COLLATE utf8mb4_bin DEFAULT NULL COMMENT '过滤表前缀 多个用,分隔',
  `exclude_table_suffix` varchar(255) CHARACTER SET utf8mb4 COLLATE utf8mb4_bin DEFAULT NULL COMMENT '过滤表后缀 多个用,分隔',
  `exclude_field` varchar(255) CHARACTER SET utf8mb4 COLLATE utf8mb4_bin DEFAULT NULL COMMENT '过滤实体类属性 多个用,分隔',
  `remarks` varchar(255) CHARACTER SET utf8mb4 COLLATE utf8mb4_bin DEFAULT NULL COMMENT '备注',
  `create_by` bigint NOT NULL COMMENT '创建者',
  `create_username` varchar(20) CHARACTER SET utf8mb4 COLLATE utf8mb4_bin NOT NULL COMMENT '创建者账号',
  `create_time` bigint NOT NULL COMMENT '创建时间',
  `update_by` bigint DEFAULT NULL COMMENT '更新者',
  `update_username` varchar(255) CHARACTER SET utf8mb4 COLLATE utf8mb4_bin DEFAULT NULL COMMENT '更新者账号',
  `update_time` bigint DEFAULT NULL COMMENT '更新时间',
  `is_del` int NOT NULL DEFAULT '0' COMMENT '逻辑删除状态 0：未删除 1：已删除',
  PRIMARY KEY (`id`) USING BTREE
) ENGINE=InnoDB DEFAULT CHARSET=utf8mb4 COLLATE=utf8mb4_bin COMMENT='代码生成参数配置';

-- ----------------------------
-- Records of generate_config
-- ----------------------------
BEGIN;
INSERT INTO `generate_config` (`id`, `type`, `table_name`, `module_name`, `ui_module_name`, `table_remarks`, `package_name`, `request_mapping_prefix`, `parent_menu_id`, `output_path`, `is_open`, `author`, `enable_import`, `enable_export`, `enable_log`, `enable_builder`, `template_json`, `exclude_table_prefix`, `exclude_table_suffix`, `exclude_field`, `remarks`, `create_by`, `create_username`, `create_time`, `update_by`, `update_username`, `update_time`, `is_del`) VALUES (1704894619638091777, 1, '', NULL, NULL, '', 'com.easy.boot.admin', '/admin', NULL, '/Users/zoe/Downloads/template/', 0, 'zoe', 0, 0, 0, 0, '{\"controller\":{\"enable\":true},\"service\":{\"enable\":true},\"serviceImpl\":{\"enable\":true},\"mapper\":{\"enable\":true},\"xml\":{\"enable\":true},\"entity\":{\"enable\":true},\"createDTO\":{\"enable\":true},\"updateDTO\":{\"enable\":true},\"query\":{\"enable\":true},\"vo\":{\"enable\":true},\"sql\":{\"enable\":true,\"execute\":false},\"indexVue\":{\"enable\":true},\"saveVue\":{\"enable\":true},\"js\":{\"enable\":true}}', NULL, NULL, 'updateBy,updateUsername,updateTime,isDel', NULL, 1685176293110329345, 'heyzoe', 1695313527415, NULL, NULL, NULL, 1);
INSERT INTO `generate_config` (`id`, `type`, `table_name`, `module_name`, `ui_module_name`, `table_remarks`, `package_name`, `request_mapping_prefix`, `parent_menu_id`, `output_path`, `is_open`, `author`, `enable_import`, `enable_export`, `enable_log`, `enable_builder`, `template_json`, `exclude_table_prefix`, `exclude_table_suffix`, `exclude_field`, `remarks`, `create_by`, `create_username`, `create_time`, `update_by`, `update_username`, `update_time`, `is_del`) VALUES (1711912108737724417, 1, '', NULL, NULL, '', 'com.easy.boot.admin', '/admin', NULL, '/Users/zoe/Downloads/template/', 0, 'zoe', 0, 0, 0, 0, '{\"controller\":{\"enable\":true},\"service\":{\"enable\":true},\"serviceImpl\":{\"enable\":true},\"mapper\":{\"enable\":true},\"xml\":{\"enable\":true},\"entity\":{\"enable\":true},\"createDTO\":{\"enable\":true},\"updateDTO\":{\"enable\":true},\"query\":{\"enable\":true},\"vo\":{\"enable\":false},\"sql\":{\"enable\":true,\"execute\":false},\"indexVue\":{\"enable\":true},\"saveVue\":{\"enable\":true},\"js\":{\"enable\":true}}', NULL, NULL, 'updateBy,updateUsername,updateTime,isDel', NULL, 1685176293110329345, 'heyzoe', 1696986627174, NULL, NULL, NULL, 0);
INSERT INTO `generate_config` (`id`, `type`, `table_name`, `module_name`, `ui_module_name`, `table_remarks`, `package_name`, `request_mapping_prefix`, `parent_menu_id`, `output_path`, `is_open`, `author`, `enable_import`, `enable_export`, `enable_log`, `enable_builder`, `template_json`, `exclude_table_prefix`, `exclude_table_suffix`, `exclude_field`, `remarks`, `create_by`, `create_username`, `create_time`, `update_by`, `update_username`, `update_time`, `is_del`) VALUES (1713212524586897409, 2, 'scheduled_task', 'scheduledTask', 'ops', '定时任务', 'com.easy.boot.admin', '/admin', 1713208574194257922, '/Users/zoe/Downloads/template/', 0, 'zoe', 1, 1, 0, 0, '{\"controller\":{\"enable\":true},\"service\":{\"enable\":true},\"serviceImpl\":{\"enable\":true},\"mapper\":{\"enable\":true},\"xml\":{\"enable\":true},\"entity\":{\"enable\":true},\"createDTO\":{\"enable\":true},\"updateDTO\":{\"enable\":true},\"query\":{\"enable\":true},\"vo\":{\"enable\":false},\"sql\":{\"enable\":true,\"execute\":false},\"indexVue\":{\"enable\":true},\"saveVue\":{\"enable\":true},\"js\":{\"enable\":true}}', NULL, NULL, 'updateBy,updateUsername,updateTime,isDel', NULL, 1685176293110329345, 'heyzoe', 1697296670475, NULL, NULL, NULL, 0);
INSERT INTO `generate_config` (`id`, `type`, `table_name`, `module_name`, `ui_module_name`, `table_remarks`, `package_name`, `request_mapping_prefix`, `parent_menu_id`, `output_path`, `is_open`, `author`, `enable_import`, `enable_export`, `enable_log`, `enable_builder`, `template_json`, `exclude_table_prefix`, `exclude_table_suffix`, `exclude_field`, `remarks`, `create_by`, `create_username`, `create_time`, `update_by`, `update_username`, `update_time`, `is_del`) VALUES (1713732949624524801, 2, 'operation_log', 'operationLog', NULL, '操作日志', 'com.easy.boot.admin', '/admin', NULL, '/Users/zoe/Downloads/template/', 0, 'zoe', 0, 0, 0, 0, '{\"controller\":{\"enable\":true},\"service\":{\"enable\":true},\"serviceImpl\":{\"enable\":true},\"mapper\":{\"enable\":true},\"xml\":{\"enable\":true},\"entity\":{\"enable\":true},\"createDTO\":{\"enable\":true},\"updateDTO\":{\"enable\":true},\"query\":{\"enable\":true},\"vo\":{\"enable\":false},\"sql\":{\"enable\":true,\"execute\":false},\"indexVue\":{\"enable\":true},\"saveVue\":{\"enable\":true},\"js\":{\"enable\":true}}', NULL, NULL, 'updateBy,updateUsername,updateTime,isDel', NULL, 1685176293110329345, 'heyzoe', 1697420749468, NULL, NULL, NULL, 0);
COMMIT;

-- ----------------------------
-- Table structure for login_log
-- ----------------------------
DROP TABLE IF EXISTS `login_log`;
CREATE TABLE `login_log` (
  `id` bigint NOT NULL COMMENT '主键ID',
  `username` varchar(100) CHARACTER SET utf8mb4 COLLATE utf8mb4_bin DEFAULT NULL COMMENT '登录用户账号',
  `ip` varchar(50) CHARACTER SET utf8mb4 COLLATE utf8mb4_bin DEFAULT NULL COMMENT 'ip地址',
  `browser` varchar(50) CHARACTER SET utf8mb4 COLLATE utf8mb4_bin DEFAULT NULL COMMENT '登录浏览器',
  `os` varchar(50) CHARACTER SET utf8mb4 COLLATE utf8mb4_bin DEFAULT NULL COMMENT '操作系统',
  `engine` varchar(100) CHARACTER SET utf8mb4 COLLATE utf8mb4_bin DEFAULT NULL COMMENT '浏览器引擎',
  `pro` varchar(50) CHARACTER SET utf8mb4 COLLATE utf8mb4_bin DEFAULT NULL COMMENT '省',
  `pro_code` varchar(20) CHARACTER SET utf8mb4 COLLATE utf8mb4_bin DEFAULT NULL COMMENT '省份编码',
  `city` varchar(50) CHARACTER SET utf8mb4 COLLATE utf8mb4_bin DEFAULT NULL COMMENT '市',
  `city_code` varchar(20) CHARACTER SET utf8mb4 COLLATE utf8mb4_bin DEFAULT NULL COMMENT '市编码',
  `addr` varchar(100) CHARACTER SET utf8mb4 COLLATE utf8mb4_bin DEFAULT NULL COMMENT '地址',
  `status` varchar(20) CHARACTER SET utf8mb4 COLLATE utf8mb4_bin NOT NULL COMMENT '登录状态 #SUCCESS：成功, FAIL：失败',
  `remarks` varchar(255) CHARACTER SET utf8mb4 COLLATE utf8mb4_bin DEFAULT NULL COMMENT '备注',
  `create_by` bigint NOT NULL COMMENT '创建者',
  `create_username` varchar(20) CHARACTER SET utf8mb4 COLLATE utf8mb4_bin NOT NULL COMMENT '创建者账号',
  `create_time` bigint NOT NULL COMMENT '创建时间',
  `update_by` bigint DEFAULT NULL COMMENT '更新者',
  `update_username` varchar(255) CHARACTER SET utf8mb4 COLLATE utf8mb4_bin DEFAULT NULL COMMENT '更新者账号',
  `update_time` bigint DEFAULT NULL COMMENT '更新时间',
  `is_del` int NOT NULL DEFAULT '0' COMMENT '逻辑删除状态 0：未删除 1：已删除',
  PRIMARY KEY (`id`) USING BTREE
) ENGINE=InnoDB DEFAULT CHARSET=utf8mb4 COLLATE=utf8mb4_bin COMMENT='登录日志';

-- ----------------------------
-- Records of login_log
-- ----------------------------
BEGIN;
INSERT INTO `login_log` (`id`, `username`, `ip`, `browser`, `os`, `engine`, `pro`, `pro_code`, `city`, `city_code`, `addr`, `status`, `remarks`, `create_by`, `create_username`, `create_time`, `update_by`, `update_username`, `update_time`, `is_del`) VALUES (1686631151227113474, 'zoe', '119.122.88.185', 'Chrome', 'OSX', NULL, '广东省', '440000', '深圳市', '440300', '广东省深圳市 电信', 'SUCCESS', '登录成功', 1685176293110329345, '', 1690959177203, NULL, NULL, NULL, 0);
INSERT INTO `login_log` (`id`, `username`, `ip`, `browser`, `os`, `engine`, `pro`, `pro_code`, `city`, `city_code`, `addr`, `status`, `remarks`, `create_by`, `create_username`, `create_time`, `update_by`, `update_username`, `update_time`, `is_del`) VALUES (1686631603373084674, 'zoe', '119.122.88.185', 'Chrome', 'OSX', NULL, '广东省', '440000', '深圳市', '440300', '广东省深圳市 电信', 'SUCCESS', '登录成功', 1685176293110329345, '', 1690959285002, NULL, NULL, NULL, 0);
INSERT INTO `login_log` (`id`, `username`, `ip`, `browser`, `os`, `engine`, `pro`, `pro_code`, `city`, `city_code`, `addr`, `status`, `remarks`, `create_by`, `create_username`, `create_time`, `update_by`, `update_username`, `update_time`, `is_del`) VALUES (1686632640284725249, 'zoe', '119.122.88.185', 'Chrome', 'OSX', 'Webkit', '广东省', '440000', '深圳市', '440300', '广东省深圳市 电信', 'SUCCESS', '登录成功', 1685176293110329345, '', 1690959532220, NULL, NULL, NULL, 0);
INSERT INTO `login_log` (`id`, `username`, `ip`, `browser`, `os`, `engine`, `pro`, `pro_code`, `city`, `city_code`, `addr`, `status`, `remarks`, `create_by`, `create_username`, `create_time`, `update_by`, `update_username`, `update_time`, `is_del`) VALUES (1686633994310914049, 'zoe', '119.122.88.185', 'Chrome', 'OSX', 'Webkit', '广东省', '440000', '深圳市', '440300', '广东省深圳市 电信', 'SUCCESS', '登录成功', 1685176293110329345, '', 1690959855045, NULL, NULL, NULL, 0);
INSERT INTO `login_log` (`id`, `username`, `ip`, `browser`, `os`, `engine`, `pro`, `pro_code`, `city`, `city_code`, `addr`, `status`, `remarks`, `create_by`, `create_username`, `create_time`, `update_by`, `update_username`, `update_time`, `is_del`) VALUES (1686634005169967105, 'zoe', '119.122.88.185', 'Chrome', 'OSX', 'Webkit', '广东省', '440000', '深圳市', '440300', '广东省深圳市 电信', 'SUCCESS', '登录成功', 1685176293110329345, '', 1690959857635, NULL, NULL, NULL, 0);
INSERT INTO `login_log` (`id`, `username`, `ip`, `browser`, `os`, `engine`, `pro`, `pro_code`, `city`, `city_code`, `addr`, `status`, `remarks`, `create_by`, `create_username`, `create_time`, `update_by`, `update_username`, `update_time`, `is_del`) VALUES (1686634012921040898, 'zoe', '119.122.88.185', 'Chrome', 'OSX', 'Webkit', '广东省', '440000', '深圳市', '440300', '广东省深圳市 电信', 'SUCCESS', '登录成功', 1685176293110329345, '', 1690959859483, NULL, NULL, NULL, 0);
INSERT INTO `login_log` (`id`, `username`, `ip`, `browser`, `os`, `engine`, `pro`, `pro_code`, `city`, `city_code`, `addr`, `status`, `remarks`, `create_by`, `create_username`, `create_time`, `update_by`, `update_username`, `update_time`, `is_del`) VALUES (1686634020093300737, 'zoe', '119.122.88.185', 'Chrome', 'OSX', 'Webkit', '广东省', '440000', '深圳市', '440300', '广东省深圳市 电信', 'SUCCESS', '登录成功', 1685176293110329345, '', 1690959861193, NULL, NULL, NULL, 0);
INSERT INTO `login_log` (`id`, `username`, `ip`, `browser`, `os`, `engine`, `pro`, `pro_code`, `city`, `city_code`, `addr`, `status`, `remarks`, `create_by`, `create_username`, `create_time`, `update_by`, `update_username`, `update_time`, `is_del`) VALUES (1686634026296676353, 'zoe', '119.122.88.185', 'Chrome', 'OSX', 'Webkit', '广东省', '440000', '深圳市', '440300', '广东省深圳市 电信', 'SUCCESS', '登录成功', 1685176293110329345, '', 1690959862672, NULL, NULL, NULL, 0);
INSERT INTO `login_log` (`id`, `username`, `ip`, `browser`, `os`, `engine`, `pro`, `pro_code`, `city`, `city_code`, `addr`, `status`, `remarks`, `create_by`, `create_username`, `create_time`, `update_by`, `update_username`, `update_time`, `is_del`) VALUES (1686634043308773377, 'zoe', '119.122.88.185', 'Chrome', 'OSX', 'Webkit', '广东省', '440000', '深圳市', '440300', '广东省深圳市 电信', 'SUCCESS', '登录成功', 1685176293110329345, '', 1690959866727, NULL, NULL, NULL, 0);
INSERT INTO `login_log` (`id`, `username`, `ip`, `browser`, `os`, `engine`, `pro`, `pro_code`, `city`, `city_code`, `addr`, `status`, `remarks`, `create_by`, `create_username`, `create_time`, `update_by`, `update_username`, `update_time`, `is_del`) VALUES (1686634050711719938, 'zoe', '119.122.88.185', 'Chrome', 'OSX', 'Webkit', '广东省', '440000', '深圳市', '440300', '广东省深圳市 电信', 'SUCCESS', '登录成功', 1685176293110329345, '', 1690959868494, NULL, NULL, NULL, 0);
INSERT INTO `login_log` (`id`, `username`, `ip`, `browser`, `os`, `engine`, `pro`, `pro_code`, `city`, `city_code`, `addr`, `status`, `remarks`, `create_by`, `create_username`, `create_time`, `update_by`, `update_username`, `update_time`, `is_del`) VALUES (1686639082932813826, 'zoe', '119.122.88.185', 'Chrome', 'OSX', 'Webkit', '广东省', '440000', '深圳市', '440300', '广东省深圳市 电信', 'SUCCESS', '登录成功', 1685176293110329345, '', 1690961068268, NULL, NULL, NULL, 0);
INSERT INTO `login_log` (`id`, `username`, `ip`, `browser`, `os`, `engine`, `pro`, `pro_code`, `city`, `city_code`, `addr`, `status`, `remarks`, `create_by`, `create_username`, `create_time`, `update_by`, `update_username`, `update_time`, `is_del`) VALUES (1686639095419256833, 'zoe', '119.122.88.185', 'Chrome', 'OSX', 'Webkit', '广东省', '440000', '深圳市', '440300', '广东省深圳市 电信', 'SUCCESS', '登录成功', 1685176293110329345, '', 1690961071245, NULL, NULL, NULL, 0);
INSERT INTO `login_log` (`id`, `username`, `ip`, `browser`, `os`, `engine`, `pro`, `pro_code`, `city`, `city_code`, `addr`, `status`, `remarks`, `create_by`, `create_username`, `create_time`, `update_by`, `update_username`, `update_time`, `is_del`) VALUES (1686639100892823554, 'zoe', '119.122.88.185', 'Chrome', 'OSX', 'Webkit', '广东省', '440000', '深圳市', '440300', '广东省深圳市 电信', 'SUCCESS', '登录成功', 1685176293110329345, '', 1690961072550, NULL, NULL, NULL, 0);
INSERT INTO `login_log` (`id`, `username`, `ip`, `browser`, `os`, `engine`, `pro`, `pro_code`, `city`, `city_code`, `addr`, `status`, `remarks`, `create_by`, `create_username`, `create_time`, `update_by`, `update_username`, `update_time`, `is_del`) VALUES (1686639103312936962, 'zoe', '119.122.88.185', 'Chrome', 'OSX', 'Webkit', '广东省', '440000', '深圳市', '440300', '广东省深圳市 电信', 'SUCCESS', '登录成功', 1685176293110329345, '', 1690961073127, NULL, NULL, NULL, 0);
INSERT INTO `login_log` (`id`, `username`, `ip`, `browser`, `os`, `engine`, `pro`, `pro_code`, `city`, `city_code`, `addr`, `status`, `remarks`, `create_by`, `create_username`, `create_time`, `update_by`, `update_username`, `update_time`, `is_del`) VALUES (1686639103510069249, 'zoe', '119.122.88.185', 'Chrome', 'OSX', 'Webkit', '广东省', '440000', '深圳市', '440300', '广东省深圳市 电信', 'SUCCESS', '登录成功', 1685176293110329345, '', 1690961073173, NULL, NULL, NULL, 0);
INSERT INTO `login_log` (`id`, `username`, `ip`, `browser`, `os`, `engine`, `pro`, `pro_code`, `city`, `city_code`, `addr`, `status`, `remarks`, `create_by`, `create_username`, `create_time`, `update_by`, `update_username`, `update_time`, `is_del`) VALUES (1686639104772554753, 'zoe', '119.122.88.185', 'Chrome', 'OSX', 'Webkit', '广东省', '440000', '深圳市', '440300', '广东省深圳市 电信', 'SUCCESS', '登录成功', 1685176293110329345, '', 1690961073475, NULL, NULL, NULL, 0);
INSERT INTO `login_log` (`id`, `username`, `ip`, `browser`, `os`, `engine`, `pro`, `pro_code`, `city`, `city_code`, `addr`, `status`, `remarks`, `create_by`, `create_username`, `create_time`, `update_by`, `update_username`, `update_time`, `is_del`) VALUES (1686640102471647234, NULL, '119.122.88.185', 'Chrome', 'OSX', 'Webkit', '广东省', '440000', '深圳市', '440300', '广东省深圳市 电信', 'FAIL', '账号或密码错误', -1, '', 1690961311347, NULL, NULL, NULL, 0);
INSERT INTO `login_log` (`id`, `username`, `ip`, `browser`, `os`, `engine`, `pro`, `pro_code`, `city`, `city_code`, `addr`, `status`, `remarks`, `create_by`, `create_username`, `create_time`, `update_by`, `update_username`, `update_time`, `is_del`) VALUES (1686641052355674114, 'zoe', '119.122.88.185', 'Chrome', 'OSX', 'Webkit', '广东省', '440000', '深圳市', '440300', '广东省深圳市 电信', 'FAIL', '账号或密码错误', -1, '', 1690961537815, NULL, NULL, NULL, 0);
INSERT INTO `login_log` (`id`, `username`, `ip`, `browser`, `os`, `engine`, `pro`, `pro_code`, `city`, `city_code`, `addr`, `status`, `remarks`, `create_by`, `create_username`, `create_time`, `update_by`, `update_username`, `update_time`, `is_del`) VALUES (1686641055258132481, 'zoe', '119.122.88.185', 'Chrome', 'OSX', 'Webkit', '广东省', '440000', '深圳市', '440300', '广东省深圳市 电信', 'FAIL', '账号或密码错误', -1, '', 1690961538507, NULL, NULL, NULL, 0);
INSERT INTO `login_log` (`id`, `username`, `ip`, `browser`, `os`, `engine`, `pro`, `pro_code`, `city`, `city_code`, `addr`, `status`, `remarks`, `create_by`, `create_username`, `create_time`, `update_by`, `update_username`, `update_time`, `is_del`) VALUES (1686641057296564226, 'zoe', '119.122.88.185', 'Chrome', 'OSX', 'Webkit', '广东省', '440000', '深圳市', '440300', '广东省深圳市 电信', 'FAIL', '账号或密码错误', -1, '', 1690961538993, NULL, NULL, NULL, 0);
INSERT INTO `login_log` (`id`, `username`, `ip`, `browser`, `os`, `engine`, `pro`, `pro_code`, `city`, `city_code`, `addr`, `status`, `remarks`, `create_by`, `create_username`, `create_time`, `update_by`, `update_username`, `update_time`, `is_del`) VALUES (1686641060089970689, 'zoe', '119.122.88.185', 'Chrome', 'OSX', 'Webkit', '广东省', '440000', '深圳市', '440300', '广东省深圳市 电信', 'FAIL', '账号或密码错误', -1, '', 1690961539664, NULL, NULL, NULL, 0);
INSERT INTO `login_log` (`id`, `username`, `ip`, `browser`, `os`, `engine`, `pro`, `pro_code`, `city`, `city_code`, `addr`, `status`, `remarks`, `create_by`, `create_username`, `create_time`, `update_by`, `update_username`, `update_time`, `is_del`) VALUES (1686641062967263233, 'zoe', '119.122.88.185', 'Chrome', 'OSX', 'Webkit', '广东省', '440000', '深圳市', '440300', '广东省深圳市 电信', 'FAIL', '账号或密码错误', -1, '', 1690961540347, NULL, NULL, NULL, 0);
INSERT INTO `login_log` (`id`, `username`, `ip`, `browser`, `os`, `engine`, `pro`, `pro_code`, `city`, `city_code`, `addr`, `status`, `remarks`, `create_by`, `create_username`, `create_time`, `update_by`, `update_username`, `update_time`, `is_del`) VALUES (1686641084643426306, 'zoe', '119.122.88.185', 'Chrome', 'OSX', 'Webkit', '广东省', '440000', '深圳市', '440300', '广东省深圳市 电信', 'SUCCESS', '登录成功', 1685176293110329345, '', 1690961545512, NULL, NULL, NULL, 0);
INSERT INTO `login_log` (`id`, `username`, `ip`, `browser`, `os`, `engine`, `pro`, `pro_code`, `city`, `city_code`, `addr`, `status`, `remarks`, `create_by`, `create_username`, `create_time`, `update_by`, `update_username`, `update_time`, `is_del`) VALUES (1686641091257843714, 'zoe', '119.122.88.185', 'Chrome', 'OSX', 'Webkit', '广东省', '440000', '深圳市', '440300', '广东省深圳市 电信', 'SUCCESS', '登录成功', 1685176293110329345, '', 1690961547089, NULL, NULL, NULL, 0);
INSERT INTO `login_log` (`id`, `username`, `ip`, `browser`, `os`, `engine`, `pro`, `pro_code`, `city`, `city_code`, `addr`, `status`, `remarks`, `create_by`, `create_username`, `create_time`, `update_by`, `update_username`, `update_time`, `is_del`) VALUES (1686674682104897537, 'zoe', '119.122.88.185', 'Chrome', 'OSX', 'Webkit', '广东省', '440000', '深圳市', '440300', '广东省深圳市 电信', 'SUCCESS', '登录成功', 1685176293110329345, '', 1690969555771, NULL, NULL, NULL, 0);
INSERT INTO `login_log` (`id`, `username`, `ip`, `browser`, `os`, `engine`, `pro`, `pro_code`, `city`, `city_code`, `addr`, `status`, `remarks`, `create_by`, `create_username`, `create_time`, `update_by`, `update_username`, `update_time`, `is_del`) VALUES (1686761356918906882, 'yyq', '223.148.75.2', 'Chrome', 'Windows 10 or Windows Server 2016', 'Webkit', '湖南省', '430000', '株洲市', '430200', '湖南省株洲市 电信', 'SUCCESS', '登录成功', 1685177044733800449, '', 1690990220661, NULL, NULL, NULL, 0);
INSERT INTO `login_log` (`id`, `username`, `ip`, `browser`, `os`, `engine`, `pro`, `pro_code`, `city`, `city_code`, `addr`, `status`, `remarks`, `create_by`, `create_username`, `create_time`, `update_by`, `update_username`, `update_time`, `is_del`) VALUES (1686989444630044674, 'zoe', '61.144.183.2', 'Chrome', 'OSX', 'Webkit', '广东省', '440000', '深圳市', '440300', '广东省深圳市宝安区 电信ADSL', 'SUCCESS', '登录成功', 1685176293110329345, '', 1691044601006, NULL, NULL, NULL, 0);
INSERT INTO `login_log` (`id`, `username`, `ip`, `browser`, `os`, `engine`, `pro`, `pro_code`, `city`, `city_code`, `addr`, `status`, `remarks`, `create_by`, `create_username`, `create_time`, `update_by`, `update_username`, `update_time`, `is_del`) VALUES (1686989991907024898, 'yyq', '61.144.183.2', 'Chrome', 'OSX', 'Webkit', '广东省', '440000', '深圳市', '440300', '广东省深圳市宝安区 电信ADSL', 'SUCCESS', '登录成功', 1685177044733800449, '', 1691044731488, NULL, NULL, NULL, 0);
INSERT INTO `login_log` (`id`, `username`, `ip`, `browser`, `os`, `engine`, `pro`, `pro_code`, `city`, `city_code`, `addr`, `status`, `remarks`, `create_by`, `create_username`, `create_time`, `update_by`, `update_username`, `update_time`, `is_del`) VALUES (1686990059246575617, 'zoe', '61.144.183.2', 'Chrome', 'OSX', 'Webkit', '广东省', '440000', '深圳市', '440300', '广东省深圳市宝安区 电信ADSL', 'SUCCESS', '登录成功', 1685176293110329345, '', 1691044747543, NULL, NULL, NULL, 0);
INSERT INTO `login_log` (`id`, `username`, `ip`, `browser`, `os`, `engine`, `pro`, `pro_code`, `city`, `city_code`, `addr`, `status`, `remarks`, `create_by`, `create_username`, `create_time`, `update_by`, `update_username`, `update_time`, `is_del`) VALUES (1686990940536954881, 'yyq', '118.239.14.50', 'Chrome', 'Windows 10 or Windows Server 2016', 'Webkit', '湖南省', '430000', '永州市', '431100', '湖南省永州市 电信', 'FAIL', '账号或密码错误', -1, '', 1691044957658, NULL, NULL, NULL, 0);
INSERT INTO `login_log` (`id`, `username`, `ip`, `browser`, `os`, `engine`, `pro`, `pro_code`, `city`, `city_code`, `addr`, `status`, `remarks`, `create_by`, `create_username`, `create_time`, `update_by`, `update_username`, `update_time`, `is_del`) VALUES (1686991015736631298, 'yyq', '118.239.14.50', 'Chrome', 'Windows 10 or Windows Server 2016', 'Webkit', '湖南省', '430000', '永州市', '431100', '湖南省永州市 电信', 'SUCCESS', '登录成功', 1685177044733800449, '', 1691044975587, NULL, NULL, NULL, 0);
INSERT INTO `login_log` (`id`, `username`, `ip`, `browser`, `os`, `engine`, `pro`, `pro_code`, `city`, `city_code`, `addr`, `status`, `remarks`, `create_by`, `create_username`, `create_time`, `update_by`, `update_username`, `update_time`, `is_del`) VALUES (1686991376870400001, 'yyq', '118.239.14.50', 'Chrome', 'Windows 10 or Windows Server 2016', 'Webkit', '湖南省', '430000', '永州市', '431100', '湖南省永州市 电信', 'SUCCESS', '登录成功', 1685177044733800449, '', 1691045061687, NULL, NULL, NULL, 0);
INSERT INTO `login_log` (`id`, `username`, `ip`, `browser`, `os`, `engine`, `pro`, `pro_code`, `city`, `city_code`, `addr`, `status`, `remarks`, `create_by`, `create_username`, `create_time`, `update_by`, `update_username`, `update_time`, `is_del`) VALUES (1686991387863670786, 'yyq', '118.239.14.50', 'Chrome', 'Windows 10 or Windows Server 2016', 'Webkit', '湖南省', '430000', '永州市', '431100', '湖南省永州市 电信', 'SUCCESS', '登录成功', 1685177044733800449, '', 1691045064309, NULL, NULL, NULL, 0);
INSERT INTO `login_log` (`id`, `username`, `ip`, `browser`, `os`, `engine`, `pro`, `pro_code`, `city`, `city_code`, `addr`, `status`, `remarks`, `create_by`, `create_username`, `create_time`, `update_by`, `update_username`, `update_time`, `is_del`) VALUES (1686995304756404226, 'yyq', '118.239.14.50', 'Chrome', 'Windows 10 or Windows Server 2016', 'Webkit', '湖南省', '430000', '永州市', '431100', '湖南省永州市 电信', 'SUCCESS', '登录成功', 1685177044733800449, '', 1691045998169, NULL, NULL, NULL, 0);
INSERT INTO `login_log` (`id`, `username`, `ip`, `browser`, `os`, `engine`, `pro`, `pro_code`, `city`, `city_code`, `addr`, `status`, `remarks`, `create_by`, `create_username`, `create_time`, `update_by`, `update_username`, `update_time`, `is_del`) VALUES (1686995654578135042, 'yyq', '118.239.14.50', 'Chrome', 'Windows 10 or Windows Server 2016', 'Webkit', '湖南省', '430000', '永州市', '431100', '湖南省永州市 电信', 'SUCCESS', '登录成功', 1685177044733800449, '', 1691046081573, NULL, NULL, NULL, 0);
INSERT INTO `login_log` (`id`, `username`, `ip`, `browser`, `os`, `engine`, `pro`, `pro_code`, `city`, `city_code`, `addr`, `status`, `remarks`, `create_by`, `create_username`, `create_time`, `update_by`, `update_username`, `update_time`, `is_del`) VALUES (1686996571146805249, 'yyq', '118.239.14.50', 'Chrome', 'Windows 10 or Windows Server 2016', 'Webkit', '湖南省', '430000', '永州市', '431100', '湖南省永州市 电信', 'SUCCESS', '登录成功', 1685177044733800449, '', 1691046300101, NULL, NULL, NULL, 0);
INSERT INTO `login_log` (`id`, `username`, `ip`, `browser`, `os`, `engine`, `pro`, `pro_code`, `city`, `city_code`, `addr`, `status`, `remarks`, `create_by`, `create_username`, `create_time`, `update_by`, `update_username`, `update_time`, `is_del`) VALUES (1687353259943006209, 'zoe', '119.122.88.185', 'Chrome', 'OSX', 'Webkit', '广东省', '440000', '深圳市', '440300', '广东省深圳市 电信', 'SUCCESS', '登录成功', 1685176293110329345, '', 1691131341335, NULL, NULL, NULL, 0);
INSERT INTO `login_log` (`id`, `username`, `ip`, `browser`, `os`, `engine`, `pro`, `pro_code`, `city`, `city_code`, `addr`, `status`, `remarks`, `create_by`, `create_username`, `create_time`, `update_by`, `update_username`, `update_time`, `is_del`) VALUES (1687353318323523585, 'zoe', '119.122.88.185', 'Chrome', 'OSX', 'Webkit', '广东省', '440000', '深圳市', '440300', '广东省深圳市 电信', 'SUCCESS', '登录成功', 1685176293110329345, '', 1691131355255, NULL, NULL, NULL, 0);
INSERT INTO `login_log` (`id`, `username`, `ip`, `browser`, `os`, `engine`, `pro`, `pro_code`, `city`, `city_code`, `addr`, `status`, `remarks`, `create_by`, `create_username`, `create_time`, `update_by`, `update_username`, `update_time`, `is_del`) VALUES (1687356543953018882, 'zoe', '119.122.88.185', 'Chrome', 'OSX', 'Webkit', '广东省', '440000', '深圳市', '440300', '广东省深圳市 电信', 'SUCCESS', '登录成功', 1685176293110329345, '', 1691132124319, NULL, NULL, NULL, 0);
INSERT INTO `login_log` (`id`, `username`, `ip`, `browser`, `os`, `engine`, `pro`, `pro_code`, `city`, `city_code`, `addr`, `status`, `remarks`, `create_by`, `create_username`, `create_time`, `update_by`, `update_username`, `update_time`, `is_del`) VALUES (1687491220198137857, 'yyq', '175.2.5.156', 'Chrome', 'Windows 10 or Windows Server 2016', 'Webkit', '湖南省', '430000', '娄底市', '431300', '湖南省娄底市 电信', 'SUCCESS', '登录成功', 1685177044733800449, '', 1691164233625, NULL, NULL, NULL, 0);
INSERT INTO `login_log` (`id`, `username`, `ip`, `browser`, `os`, `engine`, `pro`, `pro_code`, `city`, `city_code`, `addr`, `status`, `remarks`, `create_by`, `create_username`, `create_time`, `update_by`, `update_username`, `update_time`, `is_del`) VALUES (1687491629126000642, 'yyq', '175.2.5.156', 'Chrome', 'Windows 10 or Windows Server 2016', 'Webkit', '湖南省', '430000', '娄底市', '431300', '湖南省娄底市 电信', 'SUCCESS', '登录成功', 1685177044733800449, '', 1691164331120, NULL, NULL, NULL, 0);
INSERT INTO `login_log` (`id`, `username`, `ip`, `browser`, `os`, `engine`, `pro`, `pro_code`, `city`, `city_code`, `addr`, `status`, `remarks`, `create_by`, `create_username`, `create_time`, `update_by`, `update_username`, `update_time`, `is_del`) VALUES (1687847924488220674, 'zoe', '116.30.241.44', 'Chrome', 'OSX', 'Webkit', '广东省', '440000', '深圳市', '440300', '广东省深圳市 电信', 'SUCCESS', '登录成功', 1685176293110329345, '', 1691249278553, NULL, NULL, NULL, 0);
INSERT INTO `login_log` (`id`, `username`, `ip`, `browser`, `os`, `engine`, `pro`, `pro_code`, `city`, `city_code`, `addr`, `status`, `remarks`, `create_by`, `create_username`, `create_time`, `update_by`, `update_username`, `update_time`, `is_del`) VALUES (1688197478303674370, 'zoe', '119.122.114.60', 'Chrome', 'OSX', 'Webkit', '广东省', '440000', '深圳市', '440300', '广东省深圳市 电信', 'SUCCESS', '登录成功', 1685176293110329345, '', 1691332618688, NULL, NULL, NULL, 0);
INSERT INTO `login_log` (`id`, `username`, `ip`, `browser`, `os`, `engine`, `pro`, `pro_code`, `city`, `city_code`, `addr`, `status`, `remarks`, `create_by`, `create_username`, `create_time`, `update_by`, `update_username`, `update_time`, `is_del`) VALUES (1688382068825796610, 'yyq', '223.147.85.74', 'Chrome', 'Windows 10 or Windows Server 2016', 'Webkit', '湖南省', '430000', '衡阳市', '430400', '湖南省衡阳市 电信', 'SUCCESS', '登录成功', 1685177044733800449, '', 1691376628490, NULL, NULL, NULL, 0);
INSERT INTO `login_log` (`id`, `username`, `ip`, `browser`, `os`, `engine`, `pro`, `pro_code`, `city`, `city_code`, `addr`, `status`, `remarks`, `create_by`, `create_username`, `create_time`, `update_by`, `update_username`, `update_time`, `is_del`) VALUES (1688382663502606337, 'yyq', '223.147.85.74', 'Chrome', 'Windows 10 or Windows Server 2016', 'Webkit', '湖南省', '430000', '衡阳市', '430400', '湖南省衡阳市 电信', 'SUCCESS', '登录成功', 1685177044733800449, '', 1691376770270, NULL, NULL, NULL, 0);
INSERT INTO `login_log` (`id`, `username`, `ip`, `browser`, `os`, `engine`, `pro`, `pro_code`, `city`, `city_code`, `addr`, `status`, `remarks`, `create_by`, `create_username`, `create_time`, `update_by`, `update_username`, `update_time`, `is_del`) VALUES (1688382932957278209, 'yyq', '223.147.85.74', 'Chrome', 'Windows 10 or Windows Server 2016', 'Webkit', '湖南省', '430000', '衡阳市', '430400', '湖南省衡阳市 电信', 'SUCCESS', '登录成功', 1685177044733800449, '', 1691376834513, NULL, NULL, NULL, 0);
INSERT INTO `login_log` (`id`, `username`, `ip`, `browser`, `os`, `engine`, `pro`, `pro_code`, `city`, `city_code`, `addr`, `status`, `remarks`, `create_by`, `create_username`, `create_time`, `update_by`, `update_username`, `update_time`, `is_del`) VALUES (1688383168702328833, 'yyq', '223.147.85.74', 'Chrome', 'Windows 10 or Windows Server 2016', 'Webkit', '湖南省', '430000', '衡阳市', '430400', '湖南省衡阳市 电信', 'SUCCESS', '登录成功', 1685177044733800449, '', 1691376890719, NULL, NULL, NULL, 0);
INSERT INTO `login_log` (`id`, `username`, `ip`, `browser`, `os`, `engine`, `pro`, `pro_code`, `city`, `city_code`, `addr`, `status`, `remarks`, `create_by`, `create_username`, `create_time`, `update_by`, `update_username`, `update_time`, `is_del`) VALUES (1688383503848189954, 'yyq', '223.147.85.74', 'Chrome', 'Windows 10 or Windows Server 2016', 'Webkit', '湖南省', '430000', '衡阳市', '430400', '湖南省衡阳市 电信', 'SUCCESS', '登录成功', 1685177044733800449, '', 1691376970626, NULL, NULL, NULL, 0);
INSERT INTO `login_log` (`id`, `username`, `ip`, `browser`, `os`, `engine`, `pro`, `pro_code`, `city`, `city_code`, `addr`, `status`, `remarks`, `create_by`, `create_username`, `create_time`, `update_by`, `update_username`, `update_time`, `is_del`) VALUES (1688384200555638786, 'yyq', '223.147.85.74', 'Chrome', 'Windows 10 or Windows Server 2016', 'Webkit', '湖南省', '430000', '衡阳市', '430400', '湖南省衡阳市 电信', 'SUCCESS', '登录成功', 1685177044733800449, '', 1691377136732, NULL, NULL, NULL, 0);
INSERT INTO `login_log` (`id`, `username`, `ip`, `browser`, `os`, `engine`, `pro`, `pro_code`, `city`, `city_code`, `addr`, `status`, `remarks`, `create_by`, `create_username`, `create_time`, `update_by`, `update_username`, `update_time`, `is_del`) VALUES (1688384462884188162, 'yyq', '223.147.85.74', 'Chrome', 'Windows 10 or Windows Server 2016', 'Webkit', '湖南省', '430000', '衡阳市', '430400', '湖南省衡阳市 电信', 'SUCCESS', '登录成功', 1685177044733800449, '', 1691377199276, NULL, NULL, NULL, 0);
INSERT INTO `login_log` (`id`, `username`, `ip`, `browser`, `os`, `engine`, `pro`, `pro_code`, `city`, `city_code`, `addr`, `status`, `remarks`, `create_by`, `create_username`, `create_time`, `update_by`, `update_username`, `update_time`, `is_del`) VALUES (1688386677963239425, 'yyq', '223.147.85.74', 'Chrome', 'Windows 10 or Windows Server 2016', 'Webkit', '湖南省', '430000', '衡阳市', '430400', '湖南省衡阳市 电信', 'SUCCESS', '登录成功', 1685177044733800449, '', 1691377727393, NULL, NULL, NULL, 0);
INSERT INTO `login_log` (`id`, `username`, `ip`, `browser`, `os`, `engine`, `pro`, `pro_code`, `city`, `city_code`, `addr`, `status`, `remarks`, `create_by`, `create_username`, `create_time`, `update_by`, `update_username`, `update_time`, `is_del`) VALUES (1688388649940430850, 'yyq', '223.147.85.74', 'Chrome', 'Windows 10 or Windows Server 2016', 'Webkit', '湖南省', '430000', '衡阳市', '430400', '湖南省衡阳市 电信', 'SUCCESS', '登录成功', 1685177044733800449, '', 1691378197548, NULL, NULL, NULL, 0);
INSERT INTO `login_log` (`id`, `username`, `ip`, `browser`, `os`, `engine`, `pro`, `pro_code`, `city`, `city_code`, `addr`, `status`, `remarks`, `create_by`, `create_username`, `create_time`, `update_by`, `update_username`, `update_time`, `is_del`) VALUES (1688388827783114754, 'yyq', '223.147.85.74', 'Chrome', 'Windows 10 or Windows Server 2016', 'Webkit', '湖南省', '430000', '衡阳市', '430400', '湖南省衡阳市 电信', 'SUCCESS', '登录成功', 1685177044733800449, '', 1691378239949, NULL, NULL, NULL, 0);
INSERT INTO `login_log` (`id`, `username`, `ip`, `browser`, `os`, `engine`, `pro`, `pro_code`, `city`, `city_code`, `addr`, `status`, `remarks`, `create_by`, `create_username`, `create_time`, `update_by`, `update_username`, `update_time`, `is_del`) VALUES (1688389015390138369, 'yyq', '223.147.85.74', 'Chrome', 'Windows 10 or Windows Server 2016', 'Webkit', '湖南省', '430000', '衡阳市', '430400', '湖南省衡阳市 电信', 'SUCCESS', '登录成功', 1685177044733800449, '', 1691378284679, NULL, NULL, NULL, 0);
INSERT INTO `login_log` (`id`, `username`, `ip`, `browser`, `os`, `engine`, `pro`, `pro_code`, `city`, `city_code`, `addr`, `status`, `remarks`, `create_by`, `create_username`, `create_time`, `update_by`, `update_username`, `update_time`, `is_del`) VALUES (1688389269929865217, 'yyq', '223.147.85.74', 'Chrome', 'Windows 10 or Windows Server 2016', 'Webkit', '湖南省', '430000', '衡阳市', '430400', '湖南省衡阳市 电信', 'SUCCESS', '登录成功', 1685177044733800449, '', 1691378345366, NULL, NULL, NULL, 0);
INSERT INTO `login_log` (`id`, `username`, `ip`, `browser`, `os`, `engine`, `pro`, `pro_code`, `city`, `city_code`, `addr`, `status`, `remarks`, `create_by`, `create_username`, `create_time`, `update_by`, `update_username`, `update_time`, `is_del`) VALUES (1688389728849637377, 'yyq', '223.147.85.74', 'Chrome', 'Windows 10 or Windows Server 2016', 'Webkit', '湖南省', '430000', '衡阳市', '430400', '湖南省衡阳市 电信', 'SUCCESS', '登录成功', 1685177044733800449, '', 1691378454780, NULL, NULL, NULL, 0);
INSERT INTO `login_log` (`id`, `username`, `ip`, `browser`, `os`, `engine`, `pro`, `pro_code`, `city`, `city_code`, `addr`, `status`, `remarks`, `create_by`, `create_username`, `create_time`, `update_by`, `update_username`, `update_time`, `is_del`) VALUES (1688389927579955201, 'yyq', '223.147.85.74', 'Chrome', 'Windows 10 or Windows Server 2016', 'Webkit', '湖南省', '430000', '衡阳市', '430400', '湖南省衡阳市 电信', 'SUCCESS', '登录成功', 1685177044733800449, '', 1691378502161, NULL, NULL, NULL, 0);
INSERT INTO `login_log` (`id`, `username`, `ip`, `browser`, `os`, `engine`, `pro`, `pro_code`, `city`, `city_code`, `addr`, `status`, `remarks`, `create_by`, `create_username`, `create_time`, `update_by`, `update_username`, `update_time`, `is_del`) VALUES (1688390096463605762, 'yyq', '223.147.85.74', 'Chrome', 'Windows 10 or Windows Server 2016', 'Webkit', '湖南省', '430000', '衡阳市', '430400', '湖南省衡阳市 电信', 'SUCCESS', '登录成功', 1685177044733800449, '', 1691378542427, NULL, NULL, NULL, 0);
INSERT INTO `login_log` (`id`, `username`, `ip`, `browser`, `os`, `engine`, `pro`, `pro_code`, `city`, `city_code`, `addr`, `status`, `remarks`, `create_by`, `create_username`, `create_time`, `update_by`, `update_username`, `update_time`, `is_del`) VALUES (1688392744956866561, 'yyq', '223.147.85.74', 'Chrome', 'Windows 10 or Windows Server 2016', 'Webkit', '湖南省', '430000', '衡阳市', '430400', '湖南省衡阳市 电信', 'SUCCESS', '登录成功', 1685177044733800449, '', 1691379173875, NULL, NULL, NULL, 0);
INSERT INTO `login_log` (`id`, `username`, `ip`, `browser`, `os`, `engine`, `pro`, `pro_code`, `city`, `city_code`, `addr`, `status`, `remarks`, `create_by`, `create_username`, `create_time`, `update_by`, `update_username`, `update_time`, `is_del`) VALUES (1688393069575024642, 'yyq', '223.147.85.74', 'Chrome', 'Windows 10 or Windows Server 2016', 'Webkit', '湖南省', '430000', '衡阳市', '430400', '湖南省衡阳市 电信', 'SUCCESS', '登录成功', 1685177044733800449, '', 1691379251272, NULL, NULL, NULL, 0);
INSERT INTO `login_log` (`id`, `username`, `ip`, `browser`, `os`, `engine`, `pro`, `pro_code`, `city`, `city_code`, `addr`, `status`, `remarks`, `create_by`, `create_username`, `create_time`, `update_by`, `update_username`, `update_time`, `is_del`) VALUES (1688393231630348289, 'yyq', '223.147.85.74', 'Chrome', 'Windows 10 or Windows Server 2016', 'Webkit', '湖南省', '430000', '衡阳市', '430400', '湖南省衡阳市 电信', 'SUCCESS', '登录成功', 1685177044733800449, '', 1691379289908, NULL, NULL, NULL, 0);
INSERT INTO `login_log` (`id`, `username`, `ip`, `browser`, `os`, `engine`, `pro`, `pro_code`, `city`, `city_code`, `addr`, `status`, `remarks`, `create_by`, `create_username`, `create_time`, `update_by`, `update_username`, `update_time`, `is_del`) VALUES (1688393384001024001, 'yyq', '223.147.85.74', 'Chrome', 'Windows 10 or Windows Server 2016', 'Webkit', '湖南省', '430000', '衡阳市', '430400', '湖南省衡阳市 电信', 'SUCCESS', '登录成功', 1685177044733800449, '', 1691379326237, NULL, NULL, NULL, 0);
INSERT INTO `login_log` (`id`, `username`, `ip`, `browser`, `os`, `engine`, `pro`, `pro_code`, `city`, `city_code`, `addr`, `status`, `remarks`, `create_by`, `create_username`, `create_time`, `update_by`, `update_username`, `update_time`, `is_del`) VALUES (1688393473415196674, 'yyq', '223.147.85.74', 'Chrome', 'Windows 10 or Windows Server 2016', 'Webkit', '湖南省', '430000', '衡阳市', '430400', '湖南省衡阳市 电信', 'SUCCESS', '登录成功', 1685177044733800449, '', 1691379347553, NULL, NULL, NULL, 0);
INSERT INTO `login_log` (`id`, `username`, `ip`, `browser`, `os`, `engine`, `pro`, `pro_code`, `city`, `city_code`, `addr`, `status`, `remarks`, `create_by`, `create_username`, `create_time`, `update_by`, `update_username`, `update_time`, `is_del`) VALUES (1688393803301400578, 'yyq', '223.147.85.74', 'Chrome', 'Windows 10 or Windows Server 2016', 'Webkit', '湖南省', '430000', '衡阳市', '430400', '湖南省衡阳市 电信', 'SUCCESS', '登录成功', 1685177044733800449, '', 1691379426206, NULL, NULL, NULL, 0);
INSERT INTO `login_log` (`id`, `username`, `ip`, `browser`, `os`, `engine`, `pro`, `pro_code`, `city`, `city_code`, `addr`, `status`, `remarks`, `create_by`, `create_username`, `create_time`, `update_by`, `update_username`, `update_time`, `is_del`) VALUES (1688394529884876802, 'yyq', '223.147.85.74', 'Chrome', 'Windows 10 or Windows Server 2016', 'Webkit', '湖南省', '430000', '衡阳市', '430400', '湖南省衡阳市 电信', 'SUCCESS', '登录成功', 1685177044733800449, '', 1691379599435, NULL, NULL, NULL, 0);
INSERT INTO `login_log` (`id`, `username`, `ip`, `browser`, `os`, `engine`, `pro`, `pro_code`, `city`, `city_code`, `addr`, `status`, `remarks`, `create_by`, `create_username`, `create_time`, `update_by`, `update_username`, `update_time`, `is_del`) VALUES (1688394834156466177, 'yyq', '223.147.85.74', 'Chrome', 'Windows 10 or Windows Server 2016', 'Webkit', '湖南省', '430000', '衡阳市', '430400', '湖南省衡阳市 电信', 'SUCCESS', '登录成功', 1685177044733800449, '', 1691379671981, NULL, NULL, NULL, 0);
INSERT INTO `login_log` (`id`, `username`, `ip`, `browser`, `os`, `engine`, `pro`, `pro_code`, `city`, `city_code`, `addr`, `status`, `remarks`, `create_by`, `create_username`, `create_time`, `update_by`, `update_username`, `update_time`, `is_del`) VALUES (1688397219557814273, 'yyq', '223.147.85.74', 'Chrome', 'Windows 10 or Windows Server 2016', 'Webkit', '湖南省', '430000', '衡阳市', '430400', '湖南省衡阳市 电信', 'SUCCESS', '登录成功', 1685177044733800449, '', 1691380240705, NULL, NULL, NULL, 0);
INSERT INTO `login_log` (`id`, `username`, `ip`, `browser`, `os`, `engine`, `pro`, `pro_code`, `city`, `city_code`, `addr`, `status`, `remarks`, `create_by`, `create_username`, `create_time`, `update_by`, `update_username`, `update_time`, `is_del`) VALUES (1688397550110912514, 'yyq', '223.147.85.74', 'Chrome', 'Windows 10 or Windows Server 2016', 'Webkit', '湖南省', '430000', '衡阳市', '430400', '湖南省衡阳市 电信', 'SUCCESS', '登录成功', 1685177044733800449, '', 1691380319514, NULL, NULL, NULL, 0);
INSERT INTO `login_log` (`id`, `username`, `ip`, `browser`, `os`, `engine`, `pro`, `pro_code`, `city`, `city_code`, `addr`, `status`, `remarks`, `create_by`, `create_username`, `create_time`, `update_by`, `update_username`, `update_time`, `is_del`) VALUES (1688398013094965250, 'yyq', '223.147.85.74', 'Chrome', 'Windows 10 or Windows Server 2016', 'Webkit', '湖南省', '430000', '衡阳市', '430400', '湖南省衡阳市 电信', 'SUCCESS', '登录成功', 1685177044733800449, '', 1691380429897, NULL, NULL, NULL, 0);
INSERT INTO `login_log` (`id`, `username`, `ip`, `browser`, `os`, `engine`, `pro`, `pro_code`, `city`, `city_code`, `addr`, `status`, `remarks`, `create_by`, `create_username`, `create_time`, `update_by`, `update_username`, `update_time`, `is_del`) VALUES (1688398817621192706, 'yyq', '223.147.85.74', 'Chrome', 'Windows 10 or Windows Server 2016', 'Webkit', '湖南省', '430000', '衡阳市', '430400', '湖南省衡阳市 电信', 'SUCCESS', '登录成功', 1685177044733800449, '', 1691380621712, NULL, NULL, NULL, 0);
INSERT INTO `login_log` (`id`, `username`, `ip`, `browser`, `os`, `engine`, `pro`, `pro_code`, `city`, `city_code`, `addr`, `status`, `remarks`, `create_by`, `create_username`, `create_time`, `update_by`, `update_username`, `update_time`, `is_del`) VALUES (1688399579227107330, 'yyq', '223.147.85.74', 'Chrome', 'Windows 10 or Windows Server 2016', 'Webkit', '湖南省', '430000', '衡阳市', '430400', '湖南省衡阳市 电信', 'SUCCESS', '登录成功', 1685177044733800449, '', 1691380803294, NULL, NULL, NULL, 0);
INSERT INTO `login_log` (`id`, `username`, `ip`, `browser`, `os`, `engine`, `pro`, `pro_code`, `city`, `city_code`, `addr`, `status`, `remarks`, `create_by`, `create_username`, `create_time`, `update_by`, `update_username`, `update_time`, `is_del`) VALUES (1688399907246845954, 'yyq', '223.147.85.74', 'Chrome', 'Windows 10 or Windows Server 2016', 'Webkit', '湖南省', '430000', '衡阳市', '430400', '湖南省衡阳市 电信', 'SUCCESS', '登录成功', 1685177044733800449, '', 1691380881499, NULL, NULL, NULL, 0);
INSERT INTO `login_log` (`id`, `username`, `ip`, `browser`, `os`, `engine`, `pro`, `pro_code`, `city`, `city_code`, `addr`, `status`, `remarks`, `create_by`, `create_username`, `create_time`, `update_by`, `update_username`, `update_time`, `is_del`) VALUES (1688443597331902465, 'yyq', '175.2.22.145', 'Chrome', 'Windows 10 or Windows Server 2016', 'Webkit', '湖南省', '430000', '娄底市', '431300', '湖南省娄底市 电信', 'SUCCESS', '登录成功', 1685177044733800449, '', 1691391298027, NULL, NULL, NULL, 0);
INSERT INTO `login_log` (`id`, `username`, `ip`, `browser`, `os`, `engine`, `pro`, `pro_code`, `city`, `city_code`, `addr`, `status`, `remarks`, `create_by`, `create_username`, `create_time`, `update_by`, `update_username`, `update_time`, `is_del`) VALUES (1688443738306654210, 'yyq', '175.2.22.145', 'Chrome', 'Windows 10 or Windows Server 2016', 'Webkit', '湖南省', '430000', '娄底市', '431300', '湖南省娄底市 电信', 'SUCCESS', '登录成功', 1685177044733800449, '', 1691391331637, NULL, NULL, NULL, 0);
INSERT INTO `login_log` (`id`, `username`, `ip`, `browser`, `os`, `engine`, `pro`, `pro_code`, `city`, `city_code`, `addr`, `status`, `remarks`, `create_by`, `create_username`, `create_time`, `update_by`, `update_username`, `update_time`, `is_del`) VALUES (1688747778005561345, 'yyq', '223.147.214.130', 'Chrome', 'Windows 10 or Windows Server 2016', 'Webkit', '湖南省', '430000', '衡阳市', '430400', '湖南省衡阳市 电信', 'FAIL', '账号或密码错误', -1, '', 1691463820364, NULL, NULL, NULL, 0);
INSERT INTO `login_log` (`id`, `username`, `ip`, `browser`, `os`, `engine`, `pro`, `pro_code`, `city`, `city_code`, `addr`, `status`, `remarks`, `create_by`, `create_username`, `create_time`, `update_by`, `update_username`, `update_time`, `is_del`) VALUES (1688748040988422145, 'yyq', '223.147.214.130', 'Chrome', 'Windows 10 or Windows Server 2016', 'Webkit', '湖南省', '430000', '衡阳市', '430400', '湖南省衡阳市 电信', 'SUCCESS', '登录成功', 1685177044733800449, '', 1691463883052, NULL, NULL, NULL, 0);
INSERT INTO `login_log` (`id`, `username`, `ip`, `browser`, `os`, `engine`, `pro`, `pro_code`, `city`, `city_code`, `addr`, `status`, `remarks`, `create_by`, `create_username`, `create_time`, `update_by`, `update_username`, `update_time`, `is_del`) VALUES (1688754847609810946, 'yyq', '223.147.214.130', 'Chrome', 'Windows 10 or Windows Server 2016', 'Webkit', '湖南省', '430000', '衡阳市', '430400', '湖南省衡阳市 电信', 'SUCCESS', '登录成功', 1685177044733800449, '', 1691465505877, NULL, NULL, NULL, 0);
INSERT INTO `login_log` (`id`, `username`, `ip`, `browser`, `os`, `engine`, `pro`, `pro_code`, `city`, `city_code`, `addr`, `status`, `remarks`, `create_by`, `create_username`, `create_time`, `update_by`, `update_username`, `update_time`, `is_del`) VALUES (1688814689435283457, 'yyq', '223.148.84.62', 'Chrome', 'Windows 10 or Windows Server 2016', 'Webkit', '湖南省', '430000', '株洲市', '430200', '湖南省株洲市 电信', 'SUCCESS', '登录成功', 1685177044733800449, '', 1691479773278, NULL, NULL, NULL, 0);
INSERT INTO `login_log` (`id`, `username`, `ip`, `browser`, `os`, `engine`, `pro`, `pro_code`, `city`, `city_code`, `addr`, `status`, `remarks`, `create_by`, `create_username`, `create_time`, `update_by`, `update_username`, `update_time`, `is_del`) VALUES (1688826859002818562, 'yyq', '223.148.84.62', 'Chrome', 'Windows 10 or Windows Server 2016', 'Webkit', '湖南省', '430000', '株洲市', '430200', '湖南省株洲市 电信', 'SUCCESS', '登录成功', 1685177044733800449, '', 1691482674731, NULL, NULL, NULL, 0);
INSERT INTO `login_log` (`id`, `username`, `ip`, `browser`, `os`, `engine`, `pro`, `pro_code`, `city`, `city_code`, `addr`, `status`, `remarks`, `create_by`, `create_username`, `create_time`, `update_by`, `update_username`, `update_time`, `is_del`) VALUES (1688828267525599234, 'yyq', '223.148.84.62', 'Chrome', 'Windows 10 or Windows Server 2016', 'Webkit', '湖南省', '430000', '株洲市', '430200', '湖南省株洲市 电信', 'SUCCESS', '登录成功', 1685177044733800449, '', 1691483010547, NULL, NULL, NULL, 0);
INSERT INTO `login_log` (`id`, `username`, `ip`, `browser`, `os`, `engine`, `pro`, `pro_code`, `city`, `city_code`, `addr`, `status`, `remarks`, `create_by`, `create_username`, `create_time`, `update_by`, `update_username`, `update_time`, `is_del`) VALUES (1688829375887208450, 'yyq', '223.148.84.62', 'Chrome', 'Windows 10 or Windows Server 2016', 'Webkit', '湖南省', '430000', '株洲市', '430200', '湖南省株洲市 电信', 'SUCCESS', '登录成功', 1685177044733800449, '', 1691483274802, NULL, NULL, NULL, 0);
INSERT INTO `login_log` (`id`, `username`, `ip`, `browser`, `os`, `engine`, `pro`, `pro_code`, `city`, `city_code`, `addr`, `status`, `remarks`, `create_by`, `create_username`, `create_time`, `update_by`, `update_username`, `update_time`, `is_del`) VALUES (1688829868638236673, 'yyq', '223.148.84.62', 'Chrome', 'Windows 10 or Windows Server 2016', 'Webkit', '湖南省', '430000', '株洲市', '430200', '湖南省株洲市 电信', 'SUCCESS', '登录成功', 1685177044733800449, '', 1691483392284, NULL, NULL, NULL, 0);
INSERT INTO `login_log` (`id`, `username`, `ip`, `browser`, `os`, `engine`, `pro`, `pro_code`, `city`, `city_code`, `addr`, `status`, `remarks`, `create_by`, `create_username`, `create_time`, `update_by`, `update_username`, `update_time`, `is_del`) VALUES (1688830423519490050, 'yyq', '223.148.84.62', 'Chrome', 'Windows 10 or Windows Server 2016', 'Webkit', '湖南省', '430000', '株洲市', '430200', '湖南省株洲市 电信', 'SUCCESS', '登录成功', 1685177044733800449, '', 1691483524576, NULL, NULL, NULL, 0);
INSERT INTO `login_log` (`id`, `username`, `ip`, `browser`, `os`, `engine`, `pro`, `pro_code`, `city`, `city_code`, `addr`, `status`, `remarks`, `create_by`, `create_username`, `create_time`, `update_by`, `update_username`, `update_time`, `is_del`) VALUES (1688832164348588033, 'yyq', '223.148.84.62', 'Chrome', 'Windows 10 or Windows Server 2016', 'Webkit', '湖南省', '430000', '株洲市', '430200', '湖南省株洲市 电信', 'SUCCESS', '登录成功', 1685177044733800449, '', 1691483939623, NULL, NULL, NULL, 0);
INSERT INTO `login_log` (`id`, `username`, `ip`, `browser`, `os`, `engine`, `pro`, `pro_code`, `city`, `city_code`, `addr`, `status`, `remarks`, `create_by`, `create_username`, `create_time`, `update_by`, `update_username`, `update_time`, `is_del`) VALUES (1688834917565231105, 'yyq', '223.148.84.62', 'Chrome', 'Windows 10 or Windows Server 2016', 'Webkit', '湖南省', '430000', '株洲市', '430200', '湖南省株洲市 电信', 'SUCCESS', '登录成功', 1685177044733800449, '', 1691484596040, NULL, NULL, NULL, 0);
INSERT INTO `login_log` (`id`, `username`, `ip`, `browser`, `os`, `engine`, `pro`, `pro_code`, `city`, `city_code`, `addr`, `status`, `remarks`, `create_by`, `create_username`, `create_time`, `update_by`, `update_username`, `update_time`, `is_del`) VALUES (1688835043683758081, 'yyq', '223.148.84.62', 'Chrome', 'Windows 10 or Windows Server 2016', 'Webkit', '湖南省', '430000', '株洲市', '430200', '湖南省株洲市 电信', 'SUCCESS', '登录成功', 1685177044733800449, '', 1691484626111, NULL, NULL, NULL, 0);
INSERT INTO `login_log` (`id`, `username`, `ip`, `browser`, `os`, `engine`, `pro`, `pro_code`, `city`, `city_code`, `addr`, `status`, `remarks`, `create_by`, `create_username`, `create_time`, `update_by`, `update_username`, `update_time`, `is_del`) VALUES (1688835922625327105, 'yyq', '223.148.84.62', 'Chrome', 'Windows 10 or Windows Server 2016', 'Webkit', '湖南省', '430000', '株洲市', '430200', '湖南省株洲市 电信', 'SUCCESS', '登录成功', 1685177044733800449, '', 1691484835666, NULL, NULL, NULL, 0);
INSERT INTO `login_log` (`id`, `username`, `ip`, `browser`, `os`, `engine`, `pro`, `pro_code`, `city`, `city_code`, `addr`, `status`, `remarks`, `create_by`, `create_username`, `create_time`, `update_by`, `update_username`, `update_time`, `is_del`) VALUES (1688836313236664322, 'yyq', '223.148.84.62', 'Chrome', 'Windows 10 or Windows Server 2016', 'Webkit', '湖南省', '430000', '株洲市', '430200', '湖南省株洲市 电信', 'SUCCESS', '登录成功', 1685177044733800449, '', 1691484928795, NULL, NULL, NULL, 0);
INSERT INTO `login_log` (`id`, `username`, `ip`, `browser`, `os`, `engine`, `pro`, `pro_code`, `city`, `city_code`, `addr`, `status`, `remarks`, `create_by`, `create_username`, `create_time`, `update_by`, `update_username`, `update_time`, `is_del`) VALUES (1688836746554404866, 'yyq', '223.148.84.62', 'Chrome', 'Windows 10 or Windows Server 2016', 'Webkit', '湖南省', '430000', '株洲市', '430200', '湖南省株洲市 电信', 'SUCCESS', '登录成功', 1685177044733800449, '', 1691485032105, NULL, NULL, NULL, 0);
INSERT INTO `login_log` (`id`, `username`, `ip`, `browser`, `os`, `engine`, `pro`, `pro_code`, `city`, `city_code`, `addr`, `status`, `remarks`, `create_by`, `create_username`, `create_time`, `update_by`, `update_username`, `update_time`, `is_del`) VALUES (1688837079166906369, 'yyq', '223.148.84.62', 'Chrome', 'Windows 10 or Windows Server 2016', 'Webkit', '湖南省', '430000', '株洲市', '430200', '湖南省株洲市 电信', 'SUCCESS', '登录成功', 1685177044733800449, '', 1691485111408, NULL, NULL, NULL, 0);
INSERT INTO `login_log` (`id`, `username`, `ip`, `browser`, `os`, `engine`, `pro`, `pro_code`, `city`, `city_code`, `addr`, `status`, `remarks`, `create_by`, `create_username`, `create_time`, `update_by`, `update_username`, `update_time`, `is_del`) VALUES (1688837522160906242, 'yyq', '223.148.84.62', 'Chrome', 'Windows 10 or Windows Server 2016', 'Webkit', '湖南省', '430000', '株洲市', '430200', '湖南省株洲市 电信', 'SUCCESS', '登录成功', 1685177044733800449, '', 1691485217024, NULL, NULL, NULL, 0);
INSERT INTO `login_log` (`id`, `username`, `ip`, `browser`, `os`, `engine`, `pro`, `pro_code`, `city`, `city_code`, `addr`, `status`, `remarks`, `create_by`, `create_username`, `create_time`, `update_by`, `update_username`, `update_time`, `is_del`) VALUES (1688837638338932738, 'yyq', '223.148.84.62', 'Chrome', 'Windows 10 or Windows Server 2016', 'Webkit', '湖南省', '430000', '株洲市', '430200', '湖南省株洲市 电信', 'SUCCESS', '登录成功', 1685177044733800449, '', 1691485244723, NULL, NULL, NULL, 0);
INSERT INTO `login_log` (`id`, `username`, `ip`, `browser`, `os`, `engine`, `pro`, `pro_code`, `city`, `city_code`, `addr`, `status`, `remarks`, `create_by`, `create_username`, `create_time`, `update_by`, `update_username`, `update_time`, `is_del`) VALUES (1688840612851249154, 'yyq', '223.148.84.62', 'Chrome', 'Windows 10 or Windows Server 2016', 'Webkit', '湖南省', '430000', '株洲市', '430200', '湖南省株洲市 电信', 'SUCCESS', '登录成功', 1685177044733800449, '', 1691485953902, NULL, NULL, NULL, 0);
INSERT INTO `login_log` (`id`, `username`, `ip`, `browser`, `os`, `engine`, `pro`, `pro_code`, `city`, `city_code`, `addr`, `status`, `remarks`, `create_by`, `create_username`, `create_time`, `update_by`, `update_username`, `update_time`, `is_del`) VALUES (1688847440897142786, 'yyq', '223.148.84.62', 'Chrome', 'Windows 10 or Windows Server 2016', 'Webkit', '湖南省', '430000', '株洲市', '430200', '湖南省株洲市 电信', 'SUCCESS', '登录成功', 1685177044733800449, '', 1691487581837, NULL, NULL, NULL, 0);
INSERT INTO `login_log` (`id`, `username`, `ip`, `browser`, `os`, `engine`, `pro`, `pro_code`, `city`, `city_code`, `addr`, `status`, `remarks`, `create_by`, `create_username`, `create_time`, `update_by`, `update_username`, `update_time`, `is_del`) VALUES (1689093799604690945, 'yyq', '223.148.163.205', 'Chrome', 'Windows 10 or Windows Server 2016', 'Webkit', '湖南省', '430000', '株洲市', '430200', '湖南省株洲市 电信', 'SUCCESS', '登录成功', 1685177044733800449, '', 1691546318340, NULL, NULL, NULL, 0);
INSERT INTO `login_log` (`id`, `username`, `ip`, `browser`, `os`, `engine`, `pro`, `pro_code`, `city`, `city_code`, `addr`, `status`, `remarks`, `create_by`, `create_username`, `create_time`, `update_by`, `update_username`, `update_time`, `is_del`) VALUES (1689096096552361986, 'yyq', '223.148.163.205', 'Chrome', 'Windows 10 or Windows Server 2016', 'Webkit', '湖南省', '430000', '株洲市', '430200', '湖南省株洲市 电信', 'SUCCESS', '登录成功', 1685177044733800449, '', 1691546865964, NULL, NULL, NULL, 0);
INSERT INTO `login_log` (`id`, `username`, `ip`, `browser`, `os`, `engine`, `pro`, `pro_code`, `city`, `city_code`, `addr`, `status`, `remarks`, `create_by`, `create_username`, `create_time`, `update_by`, `update_username`, `update_time`, `is_del`) VALUES (1689161027217825793, 'yyq', '124.232.14.255', 'Chrome', 'Windows 10 or Windows Server 2016', 'Webkit', '湖南省', '430000', '长沙市', '430100', '湖南省长沙市 电信IDC机房', 'SUCCESS', '登录成功', 1685177044733800449, '', 1691562346642, NULL, NULL, NULL, 0);
INSERT INTO `login_log` (`id`, `username`, `ip`, `browser`, `os`, `engine`, `pro`, `pro_code`, `city`, `city_code`, `addr`, `status`, `remarks`, `create_by`, `create_username`, `create_time`, `update_by`, `update_username`, `update_time`, `is_del`) VALUES (1689161268927176705, 'yyq', '124.232.14.255', 'Chrome', 'Windows 10 or Windows Server 2016', 'Webkit', '湖南省', '430000', '长沙市', '430100', '湖南省长沙市 电信IDC机房', 'SUCCESS', '登录成功', 1685177044733800449, '', 1691562404271, NULL, NULL, NULL, 0);
INSERT INTO `login_log` (`id`, `username`, `ip`, `browser`, `os`, `engine`, `pro`, `pro_code`, `city`, `city_code`, `addr`, `status`, `remarks`, `create_by`, `create_username`, `create_time`, `update_by`, `update_username`, `update_time`, `is_del`) VALUES (1689161446031663106, 'yyq', '124.232.14.255', 'Chrome', 'Windows 10 or Windows Server 2016', 'Webkit', '湖南省', '430000', '长沙市', '430100', '湖南省长沙市 电信IDC机房', 'SUCCESS', '登录成功', 1685177044733800449, '', 1691562446494, NULL, NULL, NULL, 0);
INSERT INTO `login_log` (`id`, `username`, `ip`, `browser`, `os`, `engine`, `pro`, `pro_code`, `city`, `city_code`, `addr`, `status`, `remarks`, `create_by`, `create_username`, `create_time`, `update_by`, `update_username`, `update_time`, `is_del`) VALUES (1689164316537823233, 'yyq', '124.232.14.255', 'Chrome', 'Windows 10 or Windows Server 2016', 'Webkit', '湖南省', '430000', '长沙市', '430100', '湖南省长沙市 电信IDC机房', 'SUCCESS', '登录成功', 1685177044733800449, '', 1691563130878, NULL, NULL, NULL, 0);
INSERT INTO `login_log` (`id`, `username`, `ip`, `browser`, `os`, `engine`, `pro`, `pro_code`, `city`, `city_code`, `addr`, `status`, `remarks`, `create_by`, `create_username`, `create_time`, `update_by`, `update_username`, `update_time`, `is_del`) VALUES (1689167142202679297, 'yyq', '124.232.14.255', 'Chrome', 'Windows 10 or Windows Server 2016', 'Webkit', '湖南省', '430000', '长沙市', '430100', '湖南省长沙市 电信IDC机房', 'SUCCESS', '登录成功', 1685177044733800449, '', 1691563804568, NULL, NULL, NULL, 0);
INSERT INTO `login_log` (`id`, `username`, `ip`, `browser`, `os`, `engine`, `pro`, `pro_code`, `city`, `city_code`, `addr`, `status`, `remarks`, `create_by`, `create_username`, `create_time`, `update_by`, `update_username`, `update_time`, `is_del`) VALUES (1689173263206359042, 'yyq', '124.232.14.255', 'Chrome', 'Windows 10 or Windows Server 2016', 'Webkit', '湖南省', '430000', '长沙市', '430100', '湖南省长沙市 电信IDC机房', 'SUCCESS', '登录成功', 1685177044733800449, '', 1691565263929, NULL, NULL, NULL, 0);
INSERT INTO `login_log` (`id`, `username`, `ip`, `browser`, `os`, `engine`, `pro`, `pro_code`, `city`, `city_code`, `addr`, `status`, `remarks`, `create_by`, `create_username`, `create_time`, `update_by`, `update_username`, `update_time`, `is_del`) VALUES (1689173437156728833, 'yyq', '124.232.14.255', 'Chrome', 'Windows 10 or Windows Server 2016', 'Webkit', '湖南省', '430000', '长沙市', '430100', '湖南省长沙市 电信IDC机房', 'SUCCESS', '登录成功', 1685177044733800449, '', 1691565305401, NULL, NULL, NULL, 0);
INSERT INTO `login_log` (`id`, `username`, `ip`, `browser`, `os`, `engine`, `pro`, `pro_code`, `city`, `city_code`, `addr`, `status`, `remarks`, `create_by`, `create_username`, `create_time`, `update_by`, `update_username`, `update_time`, `is_del`) VALUES (1689177120468729858, 'yyq', '124.232.14.255', 'Chrome', 'Windows 10 or Windows Server 2016', 'Webkit', '湖南省', '430000', '长沙市', '430100', '湖南省长沙市 电信IDC机房', 'SUCCESS', '登录成功', 1685177044733800449, '', 1691566183572, NULL, NULL, NULL, 0);
INSERT INTO `login_log` (`id`, `username`, `ip`, `browser`, `os`, `engine`, `pro`, `pro_code`, `city`, `city_code`, `addr`, `status`, `remarks`, `create_by`, `create_username`, `create_time`, `update_by`, `update_username`, `update_time`, `is_del`) VALUES (1689185056947494914, 'yyq', '124.232.14.255', 'Chrome', 'Windows 10 or Windows Server 2016', 'Webkit', '湖南省', '430000', '长沙市', '430100', '湖南省长沙市 电信IDC机房', 'SUCCESS', '登录成功', 1685177044733800449, '', 1691568075776, NULL, NULL, NULL, 0);
INSERT INTO `login_log` (`id`, `username`, `ip`, `browser`, `os`, `engine`, `pro`, `pro_code`, `city`, `city_code`, `addr`, `status`, `remarks`, `create_by`, `create_username`, `create_time`, `update_by`, `update_username`, `update_time`, `is_del`) VALUES (1689185360573161473, 'yyq', '124.232.14.255', 'Chrome', 'Windows 10 or Windows Server 2016', 'Webkit', '湖南省', '430000', '长沙市', '430100', '湖南省长沙市 电信IDC机房', 'SUCCESS', '登录成功', 1685177044733800449, '', 1691568148165, NULL, NULL, NULL, 0);
INSERT INTO `login_log` (`id`, `username`, `ip`, `browser`, `os`, `engine`, `pro`, `pro_code`, `city`, `city_code`, `addr`, `status`, `remarks`, `create_by`, `create_username`, `create_time`, `update_by`, `update_username`, `update_time`, `is_del`) VALUES (1689187054035984386, 'yyq', '119.122.91.243', 'Chrome', 'OSX', 'Webkit', '广东省', '440000', '深圳市', '440300', '广东省深圳市 电信', 'SUCCESS', '登录成功', 1685177044733800449, '', 1691568551919, NULL, NULL, NULL, 0);
INSERT INTO `login_log` (`id`, `username`, `ip`, `browser`, `os`, `engine`, `pro`, `pro_code`, `city`, `city_code`, `addr`, `status`, `remarks`, `create_by`, `create_username`, `create_time`, `update_by`, `update_username`, `update_time`, `is_del`) VALUES (1689188862548566018, 'yyq', '124.232.14.255', 'Chrome', 'Windows 10 or Windows Server 2016', 'Webkit', '湖南省', '430000', '长沙市', '430100', '湖南省长沙市 电信IDC机房', 'SUCCESS', '登录成功', 1685177044733800449, '', 1691568983101, NULL, NULL, NULL, 0);
INSERT INTO `login_log` (`id`, `username`, `ip`, `browser`, `os`, `engine`, `pro`, `pro_code`, `city`, `city_code`, `addr`, `status`, `remarks`, `create_by`, `create_username`, `create_time`, `update_by`, `update_username`, `update_time`, `is_del`) VALUES (1689189195404337154, 'yyq', '124.232.14.255', 'Chrome', 'Windows 10 or Windows Server 2016', 'Webkit', '湖南省', '430000', '长沙市', '430100', '湖南省长沙市 电信IDC机房', 'SUCCESS', '登录成功', 1685177044733800449, '', 1691569062460, NULL, NULL, NULL, 0);
INSERT INTO `login_log` (`id`, `username`, `ip`, `browser`, `os`, `engine`, `pro`, `pro_code`, `city`, `city_code`, `addr`, `status`, `remarks`, `create_by`, `create_username`, `create_time`, `update_by`, `update_username`, `update_time`, `is_del`) VALUES (1689193637256159234, 'yyq', '124.232.14.255', 'Chrome', 'Windows 10 or Windows Server 2016', 'Webkit', '湖南省', '430000', '长沙市', '430100', '湖南省长沙市 电信IDC机房', 'SUCCESS', '登录成功', 1685177044733800449, '', 1691570121482, NULL, NULL, NULL, 0);
INSERT INTO `login_log` (`id`, `username`, `ip`, `browser`, `os`, `engine`, `pro`, `pro_code`, `city`, `city_code`, `addr`, `status`, `remarks`, `create_by`, `create_username`, `create_time`, `update_by`, `update_username`, `update_time`, `is_del`) VALUES (1689611269759324161, 'yyq', '101.90.63.45', 'Chrome', 'Windows 10 or Windows Server 2016', 'Webkit', '上海市', '310000', '上海市', '310000', '上海市 电信', 'SUCCESS', '登录成功', 1685177044733800449, '', 1691669692830, NULL, NULL, NULL, 0);
INSERT INTO `login_log` (`id`, `username`, `ip`, `browser`, `os`, `engine`, `pro`, `pro_code`, `city`, `city_code`, `addr`, `status`, `remarks`, `create_by`, `create_username`, `create_time`, `update_by`, `update_username`, `update_time`, `is_del`) VALUES (1689667099053535234, 'yyq', '113.90.0.234', 'Chrome', 'OSX', 'Webkit', '广东省', '440000', '深圳市', '440300', '广东省深圳市 电信', 'SUCCESS', '登录成功', 1685177044733800449, '', 1691683003568, NULL, NULL, NULL, 0);
INSERT INTO `login_log` (`id`, `username`, `ip`, `browser`, `os`, `engine`, `pro`, `pro_code`, `city`, `city_code`, `addr`, `status`, `remarks`, `create_by`, `create_username`, `create_time`, `update_by`, `update_username`, `update_time`, `is_del`) VALUES (1690423909200977922, 'yyq', '113.90.0.234', 'Chrome', 'OSX', 'Webkit', '广东省', '440000', '深圳市', '440300', '广东省深圳市 电信', 'SUCCESS', '登录成功', 1685177044733800449, '', 1691863441168, NULL, NULL, NULL, 0);
INSERT INTO `login_log` (`id`, `username`, `ip`, `browser`, `os`, `engine`, `pro`, `pro_code`, `city`, `city_code`, `addr`, `status`, `remarks`, `create_by`, `create_username`, `create_time`, `update_by`, `update_username`, `update_time`, `is_del`) VALUES (1691106652800987137, 'zoe', '113.90.226.70', 'Chrome', 'OSX', 'Webkit', '广东省', '440000', '深圳市', '440300', '广东省深圳市 电信', 'FAIL', '账号或密码错误', -1, '', 1692026219931, NULL, NULL, NULL, 0);
INSERT INTO `login_log` (`id`, `username`, `ip`, `browser`, `os`, `engine`, `pro`, `pro_code`, `city`, `city_code`, `addr`, `status`, `remarks`, `create_by`, `create_username`, `create_time`, `update_by`, `update_username`, `update_time`, `is_del`) VALUES (1691106678038114305, 'zoe', '113.90.226.70', 'Chrome', 'OSX', 'Webkit', '广东省', '440000', '深圳市', '440300', '广东省深圳市 电信', 'SUCCESS', '登录成功', 1685176293110329345, '', 1692026225947, NULL, NULL, NULL, 0);
INSERT INTO `login_log` (`id`, `username`, `ip`, `browser`, `os`, `engine`, `pro`, `pro_code`, `city`, `city_code`, `addr`, `status`, `remarks`, `create_by`, `create_username`, `create_time`, `update_by`, `update_username`, `update_time`, `is_del`) VALUES (1698270776299413505, 'zoe', '113.87.99.95', 'Chrome', 'OSX', 'Webkit', '广东省', '440000', '深圳市', '440300', '广东省深圳市 电信', 'FAIL', '账号已被禁用，无法登录', 1685176293110329345, '', 1693734280077, NULL, NULL, NULL, 0);
INSERT INTO `login_log` (`id`, `username`, `ip`, `browser`, `os`, `engine`, `pro`, `pro_code`, `city`, `city_code`, `addr`, `status`, `remarks`, `create_by`, `create_username`, `create_time`, `update_by`, `update_username`, `update_time`, `is_del`) VALUES (1698270853248114690, 'zoe', '113.87.99.95', 'Chrome', 'OSX', 'Webkit', '广东省', '440000', '深圳市', '440300', '广东省深圳市 电信', 'FAIL', '账号已被禁用，无法登录', 1685176293110329345, '', 1693734298419, NULL, NULL, NULL, 0);
INSERT INTO `login_log` (`id`, `username`, `ip`, `browser`, `os`, `engine`, `pro`, `pro_code`, `city`, `city_code`, `addr`, `status`, `remarks`, `create_by`, `create_username`, `create_time`, `update_by`, `update_username`, `update_time`, `is_del`) VALUES (1698270859543764993, 'zoe', '113.87.99.95', 'Chrome', 'OSX', 'Webkit', '广东省', '440000', '深圳市', '440300', '广东省深圳市 电信', 'FAIL', '账号已被禁用，无法登录', 1685176293110329345, '', 1693734299922, NULL, NULL, NULL, 0);
INSERT INTO `login_log` (`id`, `username`, `ip`, `browser`, `os`, `engine`, `pro`, `pro_code`, `city`, `city_code`, `addr`, `status`, `remarks`, `create_by`, `create_username`, `create_time`, `update_by`, `update_username`, `update_time`, `is_del`) VALUES (1698270925633413122, 'zoe', '113.87.99.95', 'Chrome', 'OSX', 'Webkit', '广东省', '440000', '深圳市', '440300', '广东省深圳市 电信', 'FAIL', '账号已被禁用，无法登录', 1685176293110329345, '', 1693734315677, NULL, NULL, NULL, 0);
INSERT INTO `login_log` (`id`, `username`, `ip`, `browser`, `os`, `engine`, `pro`, `pro_code`, `city`, `city_code`, `addr`, `status`, `remarks`, `create_by`, `create_username`, `create_time`, `update_by`, `update_username`, `update_time`, `is_del`) VALUES (1698271023641714690, 'zoe', '113.87.99.95', 'Chrome', 'OSX', 'Webkit', '广东省', '440000', '深圳市', '440300', '广东省深圳市 电信', 'FAIL', '账号已被禁用，无法登录', 1685176293110329345, '', 1693734339043, NULL, NULL, NULL, 0);
INSERT INTO `login_log` (`id`, `username`, `ip`, `browser`, `os`, `engine`, `pro`, `pro_code`, `city`, `city_code`, `addr`, `status`, `remarks`, `create_by`, `create_username`, `create_time`, `update_by`, `update_username`, `update_time`, `is_del`) VALUES (1698271027999596546, 'zoe', '113.87.99.95', 'Chrome', 'OSX', 'Webkit', '广东省', '440000', '深圳市', '440300', '广东省深圳市 电信', 'FAIL', '账号已被禁用，无法登录', 1685176293110329345, '', 1693734340085, NULL, NULL, NULL, 0);
INSERT INTO `login_log` (`id`, `username`, `ip`, `browser`, `os`, `engine`, `pro`, `pro_code`, `city`, `city_code`, `addr`, `status`, `remarks`, `create_by`, `create_username`, `create_time`, `update_by`, `update_username`, `update_time`, `is_del`) VALUES (1698271065110798337, 'zoe', '113.87.99.95', 'Chrome', 'OSX', 'Webkit', '广东省', '440000', '深圳市', '440300', '广东省深圳市 电信', 'FAIL', '账号已被禁用，无法登录', 1685176293110329345, '', 1693734348930, NULL, NULL, NULL, 0);
INSERT INTO `login_log` (`id`, `username`, `ip`, `browser`, `os`, `engine`, `pro`, `pro_code`, `city`, `city_code`, `addr`, `status`, `remarks`, `create_by`, `create_username`, `create_time`, `update_by`, `update_username`, `update_time`, `is_del`) VALUES (1698271067757404162, 'zoe', '113.87.99.95', 'Chrome', 'OSX', 'Webkit', '广东省', '440000', '深圳市', '440300', '广东省深圳市 电信', 'FAIL', '账号已被禁用，无法登录', 1685176293110329345, '', 1693734349561, NULL, NULL, NULL, 0);
INSERT INTO `login_log` (`id`, `username`, `ip`, `browser`, `os`, `engine`, `pro`, `pro_code`, `city`, `city_code`, `addr`, `status`, `remarks`, `create_by`, `create_username`, `create_time`, `update_by`, `update_username`, `update_time`, `is_del`) VALUES (1698271450814799874, 'zoe', '113.87.99.95', 'Chrome', 'OSX', 'Webkit', '广东省', '440000', '深圳市', '440300', '广东省深圳市 电信', 'SUCCESS', '登录成功', 1685176293110329345, '', 1693734440891, NULL, NULL, NULL, 0);
INSERT INTO `login_log` (`id`, `username`, `ip`, `browser`, `os`, `engine`, `pro`, `pro_code`, `city`, `city_code`, `addr`, `status`, `remarks`, `create_by`, `create_username`, `create_time`, `update_by`, `update_username`, `update_time`, `is_del`) VALUES (1698506793250045954, 'heyzoe', '127.0.0.1', 'Chrome', 'OSX', 'Webkit', '', '999999', '', '0', ' 本机地址', 'FAIL', '账号或密码错误', -1, '', 1693790550907, NULL, NULL, NULL, 0);
INSERT INTO `login_log` (`id`, `username`, `ip`, `browser`, `os`, `engine`, `pro`, `pro_code`, `city`, `city_code`, `addr`, `status`, `remarks`, `create_by`, `create_username`, `create_time`, `update_by`, `update_username`, `update_time`, `is_del`) VALUES (1698506906198458369, 'heyzoe', '127.0.0.1', 'Chrome', 'OSX', 'Webkit', '', '999999', '', '0', ' 本机地址', 'SUCCESS', '登录成功', 1685176293110329345, '', 1693790577831, NULL, NULL, NULL, 0);
INSERT INTO `login_log` (`id`, `username`, `ip`, `browser`, `os`, `engine`, `pro`, `pro_code`, `city`, `city_code`, `addr`, `status`, `remarks`, `create_by`, `create_username`, `create_time`, `update_by`, `update_username`, `update_time`, `is_del`) VALUES (1698976648344489986, 'yyq', '222.247.87.210', 'Chrome', 'Windows 10 or Windows Server 2016', 'Webkit', '湖南省', '430000', '长沙市', '430100', '湖南省长沙市 电信', 'SUCCESS', '登录成功', 1685177044733800449, '', 1693902573087, NULL, NULL, NULL, 0);
INSERT INTO `login_log` (`id`, `username`, `ip`, `browser`, `os`, `engine`, `pro`, `pro_code`, `city`, `city_code`, `addr`, `status`, `remarks`, `create_by`, `create_username`, `create_time`, `update_by`, `update_username`, `update_time`, `is_del`) VALUES (1698979225480056834, 'zoe', '61.144.183.2', 'Chrome', 'OSX', 'Webkit', '广东省', '440000', '深圳市', '440300', '广东省深圳市宝安区 电信ADSL', 'FAIL', '账号或密码错误', -1, '', 1693903187522, NULL, NULL, NULL, 0);
INSERT INTO `login_log` (`id`, `username`, `ip`, `browser`, `os`, `engine`, `pro`, `pro_code`, `city`, `city_code`, `addr`, `status`, `remarks`, `create_by`, `create_username`, `create_time`, `update_by`, `update_username`, `update_time`, `is_del`) VALUES (1698980830724083713, 'yyq', '222.247.87.210', 'Chrome', 'Windows 10 or Windows Server 2016', 'Webkit', '湖南省', '430000', '长沙市', '430100', '湖南省长沙市 电信', 'SUCCESS', '登录成功', 1685177044733800449, '', 1693903570240, NULL, NULL, NULL, 0);
INSERT INTO `login_log` (`id`, `username`, `ip`, `browser`, `os`, `engine`, `pro`, `pro_code`, `city`, `city_code`, `addr`, `status`, `remarks`, `create_by`, `create_username`, `create_time`, `update_by`, `update_username`, `update_time`, `is_del`) VALUES (1698980864538562562, 'yyq', '222.247.87.210', 'Chrome', 'Windows 10 or Windows Server 2016', 'Webkit', '湖南省', '430000', '长沙市', '430100', '湖南省长沙市 电信', 'SUCCESS', '登录成功', 1685177044733800449, '', 1693903578302, NULL, NULL, NULL, 0);
INSERT INTO `login_log` (`id`, `username`, `ip`, `browser`, `os`, `engine`, `pro`, `pro_code`, `city`, `city_code`, `addr`, `status`, `remarks`, `create_by`, `create_username`, `create_time`, `update_by`, `update_username`, `update_time`, `is_del`) VALUES (1698981028561014785, 'yyq', '222.247.87.210', 'Chrome', 'Windows 10 or Windows Server 2016', 'Webkit', '湖南省', '430000', '长沙市', '430100', '湖南省长沙市 电信', 'SUCCESS', '登录成功', 1685177044733800449, '', 1693903617409, NULL, NULL, NULL, 0);
INSERT INTO `login_log` (`id`, `username`, `ip`, `browser`, `os`, `engine`, `pro`, `pro_code`, `city`, `city_code`, `addr`, `status`, `remarks`, `create_by`, `create_username`, `create_time`, `update_by`, `update_username`, `update_time`, `is_del`) VALUES (1698981788317241345, 'yyq', '222.247.87.210', 'Chrome', 'Windows 10 or Windows Server 2016', 'Webkit', '湖南省', '430000', '长沙市', '430100', '湖南省长沙市 电信', 'SUCCESS', '登录成功', 1685177044733800449, '', 1693903798550, NULL, NULL, NULL, 0);
INSERT INTO `login_log` (`id`, `username`, `ip`, `browser`, `os`, `engine`, `pro`, `pro_code`, `city`, `city_code`, `addr`, `status`, `remarks`, `create_by`, `create_username`, `create_time`, `update_by`, `update_username`, `update_time`, `is_del`) VALUES (1698981963874029569, 'yyq', '222.247.87.210', 'Chrome', 'Windows 10 or Windows Server 2016', 'Webkit', '湖南省', '430000', '长沙市', '430100', '湖南省长沙市 电信', 'SUCCESS', '登录成功', 1685177044733800449, '', 1693903840404, NULL, NULL, NULL, 0);
INSERT INTO `login_log` (`id`, `username`, `ip`, `browser`, `os`, `engine`, `pro`, `pro_code`, `city`, `city_code`, `addr`, `status`, `remarks`, `create_by`, `create_username`, `create_time`, `update_by`, `update_username`, `update_time`, `is_del`) VALUES (1698982273933758465, 'yyq', '222.247.87.210', 'Chrome', 'Windows 10 or Windows Server 2016', 'Webkit', '湖南省', '430000', '长沙市', '430100', '湖南省长沙市 电信', 'SUCCESS', '登录成功', 1685177044733800449, '', 1693903914327, NULL, NULL, NULL, 0);
INSERT INTO `login_log` (`id`, `username`, `ip`, `browser`, `os`, `engine`, `pro`, `pro_code`, `city`, `city_code`, `addr`, `status`, `remarks`, `create_by`, `create_username`, `create_time`, `update_by`, `update_username`, `update_time`, `is_del`) VALUES (1698982377856028674, 'yyq', '222.247.87.210', 'Chrome', 'Windows 10 or Windows Server 2016', 'Webkit', '湖南省', '430000', '长沙市', '430100', '湖南省长沙市 电信', 'SUCCESS', '登录成功', 1685177044733800449, '', 1693903939104, NULL, NULL, NULL, 0);
INSERT INTO `login_log` (`id`, `username`, `ip`, `browser`, `os`, `engine`, `pro`, `pro_code`, `city`, `city_code`, `addr`, `status`, `remarks`, `create_by`, `create_username`, `create_time`, `update_by`, `update_username`, `update_time`, `is_del`) VALUES (1698982680114352130, 'yyq', '222.247.87.210', 'Chrome', 'Windows 10 or Windows Server 2016', 'Webkit', '湖南省', '430000', '长沙市', '430100', '湖南省长沙市 电信', 'SUCCESS', '登录成功', 1685177044733800449, '', 1693904011170, NULL, NULL, NULL, 0);
INSERT INTO `login_log` (`id`, `username`, `ip`, `browser`, `os`, `engine`, `pro`, `pro_code`, `city`, `city_code`, `addr`, `status`, `remarks`, `create_by`, `create_username`, `create_time`, `update_by`, `update_username`, `update_time`, `is_del`) VALUES (1699002193006415874, 'yyq', '222.247.87.210', 'Chrome', 'Windows 10 or Windows Server 2016', 'Webkit', '湖南省', '430000', '长沙市', '430100', '湖南省长沙市 电信', 'SUCCESS', '登录成功', 1685177044733800449, '', 1693908663406, NULL, NULL, NULL, 0);
INSERT INTO `login_log` (`id`, `username`, `ip`, `browser`, `os`, `engine`, `pro`, `pro_code`, `city`, `city_code`, `addr`, `status`, `remarks`, `create_by`, `create_username`, `create_time`, `update_by`, `update_username`, `update_time`, `is_del`) VALUES (1699002280843530242, 'yyq', '222.247.87.210', 'Chrome', 'Windows 10 or Windows Server 2016', 'Webkit', '湖南省', '430000', '长沙市', '430100', '湖南省长沙市 电信', 'SUCCESS', '登录成功', 1685177044733800449, '', 1693908684348, NULL, NULL, NULL, 0);
INSERT INTO `login_log` (`id`, `username`, `ip`, `browser`, `os`, `engine`, `pro`, `pro_code`, `city`, `city_code`, `addr`, `status`, `remarks`, `create_by`, `create_username`, `create_time`, `update_by`, `update_username`, `update_time`, `is_del`) VALUES (1699024911651164161, 'yyq', '116.162.133.139', 'Chrome', 'Windows 10 or Windows Server 2016', 'Webkit', '湖南省', '430000', '长沙市', '430100', '湖南省长沙市 联通', 'SUCCESS', '登录成功', 1685177044733800449, '', 1693914079952, NULL, NULL, NULL, 0);
INSERT INTO `login_log` (`id`, `username`, `ip`, `browser`, `os`, `engine`, `pro`, `pro_code`, `city`, `city_code`, `addr`, `status`, `remarks`, `create_by`, `create_username`, `create_time`, `update_by`, `update_username`, `update_time`, `is_del`) VALUES (1699025301142622210, 'yyq', '116.162.133.139', 'Chrome', 'Windows 10 or Windows Server 2016', 'Webkit', '湖南省', '430000', '长沙市', '430100', '湖南省长沙市 联通', 'SUCCESS', '登录成功', 1685177044733800449, '', 1693914172814, NULL, NULL, NULL, 0);
INSERT INTO `login_log` (`id`, `username`, `ip`, `browser`, `os`, `engine`, `pro`, `pro_code`, `city`, `city_code`, `addr`, `status`, `remarks`, `create_by`, `create_username`, `create_time`, `update_by`, `update_username`, `update_time`, `is_del`) VALUES (1699041673214021634, 'yyq', '223.148.143.127', 'Chrome', 'Windows 10 or Windows Server 2016', 'Webkit', '湖南省', '430000', '株洲市', '430200', '湖南省株洲市 电信', 'SUCCESS', '登录成功', 1685177044733800449, '', 1693918076219, NULL, NULL, NULL, 0);
INSERT INTO `login_log` (`id`, `username`, `ip`, `browser`, `os`, `engine`, `pro`, `pro_code`, `city`, `city_code`, `addr`, `status`, `remarks`, `create_by`, `create_username`, `create_time`, `update_by`, `update_username`, `update_time`, `is_del`) VALUES (1699055465591279617, 'heyzoe', '113.90.226.53', 'Chrome', 'OSX', 'Webkit', '广东省', '440000', '深圳市', '440300', '广东省深圳市 电信', 'SUCCESS', '登录成功', 1685176293110329345, '', 1693921364578, NULL, NULL, NULL, 0);
INSERT INTO `login_log` (`id`, `username`, `ip`, `browser`, `os`, `engine`, `pro`, `pro_code`, `city`, `city_code`, `addr`, `status`, `remarks`, `create_by`, `create_username`, `create_time`, `update_by`, `update_username`, `update_time`, `is_del`) VALUES (1699057570741817346, 'yyq', '223.153.2.158', 'Chrome', 'Windows 10 or Windows Server 2016', 'Webkit', '湖南省', '430000', '张家界市', '430800', '湖南省张家界市 电信', 'SUCCESS', '登录成功', 1685177044733800449, '', 1693921866486, NULL, NULL, NULL, 0);
INSERT INTO `login_log` (`id`, `username`, `ip`, `browser`, `os`, `engine`, `pro`, `pro_code`, `city`, `city_code`, `addr`, `status`, `remarks`, `create_by`, `create_username`, `create_time`, `update_by`, `update_username`, `update_time`, `is_del`) VALUES (1699304540236484609, 'yyq', '222.247.87.210', 'Chrome', 'Windows 10 or Windows Server 2016', 'Webkit', '湖南省', '430000', '长沙市', '430100', '湖南省长沙市 电信', 'SUCCESS', '登录成功', 1685177044733800449, '', 1693980748602, NULL, NULL, NULL, 0);
INSERT INTO `login_log` (`id`, `username`, `ip`, `browser`, `os`, `engine`, `pro`, `pro_code`, `city`, `city_code`, `addr`, `status`, `remarks`, `create_by`, `create_username`, `create_time`, `update_by`, `update_username`, `update_time`, `is_del`) VALUES (1699304703940169730, 'yyq', '222.247.87.210', 'Chrome', 'Windows 10 or Windows Server 2016', 'Webkit', '湖南省', '430000', '长沙市', '430100', '湖南省长沙市 电信', 'SUCCESS', '登录成功', 1685177044733800449, '', 1693980787633, NULL, NULL, NULL, 0);
INSERT INTO `login_log` (`id`, `username`, `ip`, `browser`, `os`, `engine`, `pro`, `pro_code`, `city`, `city_code`, `addr`, `status`, `remarks`, `create_by`, `create_username`, `create_time`, `update_by`, `update_username`, `update_time`, `is_del`) VALUES (1699343787442114562, 'yyq', '222.247.87.210', 'Chrome', 'Windows 10 or Windows Server 2016', 'Webkit', '湖南省', '430000', '长沙市', '430100', '湖南省长沙市 电信', 'SUCCESS', '登录成功', 1685177044733800449, '', 1693990105865, NULL, NULL, NULL, 0);
INSERT INTO `login_log` (`id`, `username`, `ip`, `browser`, `os`, `engine`, `pro`, `pro_code`, `city`, `city_code`, `addr`, `status`, `remarks`, `create_by`, `create_username`, `create_time`, `update_by`, `update_username`, `update_time`, `is_del`) VALUES (1699589603582873601, 'yyq', '222.247.87.210', 'Chrome', 'Windows 10 or Windows Server 2016', 'Webkit', '湖南省', '430000', '长沙市', '430100', '湖南省长沙市 电信', 'SUCCESS', '登录成功', 1685177044733800449, '', 1694048713000, NULL, NULL, NULL, 0);
INSERT INTO `login_log` (`id`, `username`, `ip`, `browser`, `os`, `engine`, `pro`, `pro_code`, `city`, `city_code`, `addr`, `status`, `remarks`, `create_by`, `create_username`, `create_time`, `update_by`, `update_username`, `update_time`, `is_del`) VALUES (1699682800849981442, 'yyq', '222.247.87.210', 'Chrome', 'Windows 10 or Windows Server 2016', 'Webkit', '湖南省', '430000', '长沙市', '430100', '湖南省长沙市 电信', 'SUCCESS', '登录成功', 1685177044733800449, '', 1694070932961, NULL, NULL, NULL, 0);
INSERT INTO `login_log` (`id`, `username`, `ip`, `browser`, `os`, `engine`, `pro`, `pro_code`, `city`, `city_code`, `addr`, `status`, `remarks`, `create_by`, `create_username`, `create_time`, `update_by`, `update_username`, `update_time`, `is_del`) VALUES (1699690127003029505, 'yyq', '222.247.87.210', 'Chrome', 'Windows 10 or Windows Server 2016', 'Webkit', '湖南省', '430000', '长沙市', '430100', '湖南省长沙市 电信', 'FAIL', '账号已被禁用，无法登录', 1685177044733800449, '', 1694072679651, NULL, NULL, NULL, 0);
INSERT INTO `login_log` (`id`, `username`, `ip`, `browser`, `os`, `engine`, `pro`, `pro_code`, `city`, `city_code`, `addr`, `status`, `remarks`, `create_by`, `create_username`, `create_time`, `update_by`, `update_username`, `update_time`, `is_del`) VALUES (1699690970792136705, 'yyq', '222.247.87.210', 'Chrome', 'Windows 10 or Windows Server 2016', 'Webkit', '湖南省', '430000', '长沙市', '430100', '湖南省长沙市 电信', 'SUCCESS', '登录成功', 1685177044733800449, '', 1694072880825, NULL, NULL, NULL, 0);
INSERT INTO `login_log` (`id`, `username`, `ip`, `browser`, `os`, `engine`, `pro`, `pro_code`, `city`, `city_code`, `addr`, `status`, `remarks`, `create_by`, `create_username`, `create_time`, `update_by`, `update_username`, `update_time`, `is_del`) VALUES (1699691030841987073, 'yyq', '222.247.87.210', 'Chrome', 'Windows 10 or Windows Server 2016', 'Webkit', '湖南省', '430000', '长沙市', '430100', '湖南省长沙市 电信', 'SUCCESS', '登录成功', 1685177044733800449, '', 1694072895142, NULL, NULL, NULL, 0);
INSERT INTO `login_log` (`id`, `username`, `ip`, `browser`, `os`, `engine`, `pro`, `pro_code`, `city`, `city_code`, `addr`, `status`, `remarks`, `create_by`, `create_username`, `create_time`, `update_by`, `update_username`, `update_time`, `is_del`) VALUES (1699691755449946113, 'yyq', '222.247.87.210', 'Chrome', 'Windows 10 or Windows Server 2016', 'Webkit', '湖南省', '430000', '长沙市', '430100', '湖南省长沙市 电信', 'SUCCESS', '登录成功', 1685177044733800449, '', 1694073067903, NULL, NULL, NULL, 0);
INSERT INTO `login_log` (`id`, `username`, `ip`, `browser`, `os`, `engine`, `pro`, `pro_code`, `city`, `city_code`, `addr`, `status`, `remarks`, `create_by`, `create_username`, `create_time`, `update_by`, `update_username`, `update_time`, `is_del`) VALUES (1699692129665748994, 'yyq', '222.247.87.210', 'Chrome', 'Windows 10 or Windows Server 2016', 'Webkit', '湖南省', '430000', '长沙市', '430100', '湖南省长沙市 电信', 'SUCCESS', '登录成功', 1685177044733800449, '', 1694073157122, NULL, NULL, NULL, 0);
INSERT INTO `login_log` (`id`, `username`, `ip`, `browser`, `os`, `engine`, `pro`, `pro_code`, `city`, `city_code`, `addr`, `status`, `remarks`, `create_by`, `create_username`, `create_time`, `update_by`, `update_username`, `update_time`, `is_del`) VALUES (1699692339896848386, 'yyq', '222.247.87.210', 'Chrome', 'Windows 10 or Windows Server 2016', 'Webkit', '湖南省', '430000', '长沙市', '430100', '湖南省长沙市 电信', 'SUCCESS', '登录成功', 1685177044733800449, '', 1694073207245, NULL, NULL, NULL, 0);
INSERT INTO `login_log` (`id`, `username`, `ip`, `browser`, `os`, `engine`, `pro`, `pro_code`, `city`, `city_code`, `addr`, `status`, `remarks`, `create_by`, `create_username`, `create_time`, `update_by`, `update_username`, `update_time`, `is_del`) VALUES (1699692713093435394, 'yyq', '222.247.87.210', 'Chrome', 'Windows 10 or Windows Server 2016', 'Webkit', '湖南省', '430000', '长沙市', '430100', '湖南省长沙市 电信', 'SUCCESS', '登录成功', 1685177044733800449, '', 1694073296222, NULL, NULL, NULL, 0);
INSERT INTO `login_log` (`id`, `username`, `ip`, `browser`, `os`, `engine`, `pro`, `pro_code`, `city`, `city_code`, `addr`, `status`, `remarks`, `create_by`, `create_username`, `create_time`, `update_by`, `update_username`, `update_time`, `is_del`) VALUES (1699693102811385858, 'heyzoe', '61.144.183.2', 'Chrome', 'OSX', 'Webkit', '广东省', '440000', '深圳市', '440300', '广东省深圳市宝安区 电信ADSL', 'SUCCESS', '登录成功', 1685176293110329345, '', 1694073389139, NULL, NULL, NULL, 0);
INSERT INTO `login_log` (`id`, `username`, `ip`, `browser`, `os`, `engine`, `pro`, `pro_code`, `city`, `city_code`, `addr`, `status`, `remarks`, `create_by`, `create_username`, `create_time`, `update_by`, `update_username`, `update_time`, `is_del`) VALUES (1699758490328866818, 'yyq', '113.116.34.249', 'Chrome', 'OSX', 'Webkit', '广东省', '440000', '深圳市', '440300', '广东省深圳市 电信', 'SUCCESS', '登录成功', 1685177044733800449, '', 1694088978742, NULL, NULL, NULL, 0);
INSERT INTO `login_log` (`id`, `username`, `ip`, `browser`, `os`, `engine`, `pro`, `pro_code`, `city`, `city_code`, `addr`, `status`, `remarks`, `create_by`, `create_username`, `create_time`, `update_by`, `update_username`, `update_time`, `is_del`) VALUES (1699758574256889857, 'yyq', '113.116.34.249', 'Chrome', 'OSX', 'Webkit', '广东省', '440000', '深圳市', '440300', '广东省深圳市 电信', 'SUCCESS', '登录成功', 1685177044733800449, '', 1694088998750, NULL, NULL, NULL, 0);
INSERT INTO `login_log` (`id`, `username`, `ip`, `browser`, `os`, `engine`, `pro`, `pro_code`, `city`, `city_code`, `addr`, `status`, `remarks`, `create_by`, `create_username`, `create_time`, `update_by`, `update_username`, `update_time`, `is_del`) VALUES (1699758921939525634, 'yyq', '113.116.34.249', 'Chrome', 'OSX', 'Webkit', '广东省', '440000', '深圳市', '440300', '广东省深圳市 电信', 'FAIL', '账号已被禁用，无法登录', 1685177044733800449, '', 1694089081642, NULL, NULL, NULL, 0);
INSERT INTO `login_log` (`id`, `username`, `ip`, `browser`, `os`, `engine`, `pro`, `pro_code`, `city`, `city_code`, `addr`, `status`, `remarks`, `create_by`, `create_username`, `create_time`, `update_by`, `update_username`, `update_time`, `is_del`) VALUES (1699758957226205185, 'zoe', '113.116.34.249', 'Chrome', 'OSX', 'Webkit', '广东省', '440000', '深圳市', '440300', '广东省深圳市 电信', 'FAIL', '账号或密码错误', -1, '', 1694089090061, NULL, NULL, NULL, 0);
INSERT INTO `login_log` (`id`, `username`, `ip`, `browser`, `os`, `engine`, `pro`, `pro_code`, `city`, `city_code`, `addr`, `status`, `remarks`, `create_by`, `create_username`, `create_time`, `update_by`, `update_username`, `update_time`, `is_del`) VALUES (1699759005250985986, 'zoe', '113.116.34.249', 'Chrome', 'OSX', 'Webkit', '广东省', '440000', '深圳市', '440300', '广东省深圳市 电信', 'FAIL', '账号或密码错误', -1, '', 1694089101505, NULL, NULL, NULL, 0);
INSERT INTO `login_log` (`id`, `username`, `ip`, `browser`, `os`, `engine`, `pro`, `pro_code`, `city`, `city_code`, `addr`, `status`, `remarks`, `create_by`, `create_username`, `create_time`, `update_by`, `update_username`, `update_time`, `is_del`) VALUES (1699759737194782721, 'zoe', '113.116.34.249', 'Chrome', 'OSX', 'Webkit', '广东省', '440000', '深圳市', '440300', '广东省深圳市 电信', 'FAIL', '账号或密码错误', -1, '', 1694089276014, NULL, NULL, NULL, 0);
INSERT INTO `login_log` (`id`, `username`, `ip`, `browser`, `os`, `engine`, `pro`, `pro_code`, `city`, `city_code`, `addr`, `status`, `remarks`, `create_by`, `create_username`, `create_time`, `update_by`, `update_username`, `update_time`, `is_del`) VALUES (1699759778567397378, 'yyq', '113.116.34.249', 'Chrome', 'OSX', 'Webkit', '广东省', '440000', '深圳市', '440300', '广东省深圳市 电信', 'SUCCESS', '登录成功', 1685177044733800449, '', 1694089285880, NULL, NULL, NULL, 0);
INSERT INTO `login_log` (`id`, `username`, `ip`, `browser`, `os`, `engine`, `pro`, `pro_code`, `city`, `city_code`, `addr`, `status`, `remarks`, `create_by`, `create_username`, `create_time`, `update_by`, `update_username`, `update_time`, `is_del`) VALUES (1699760529486225409, 'yyq', '116.162.0.114', 'Chrome', 'Windows 10 or Windows Server 2016', 'Webkit', '湖南省', '430000', '长沙市', '430100', '湖南省长沙市 联通', 'SUCCESS', '登录成功', 1685177044733800449, '', 1694089464913, NULL, NULL, NULL, 0);
INSERT INTO `login_log` (`id`, `username`, `ip`, `browser`, `os`, `engine`, `pro`, `pro_code`, `city`, `city_code`, `addr`, `status`, `remarks`, `create_by`, `create_username`, `create_time`, `update_by`, `update_username`, `update_time`, `is_del`) VALUES (1699776214790676482, 'yyq', '113.116.34.249', 'Chrome', 'OSX', 'Webkit', '广东省', '440000', '深圳市', '440300', '广东省深圳市 电信', 'SUCCESS', '登录成功', 1685177044733800449, '', 1694093204580, NULL, NULL, NULL, 0);
INSERT INTO `login_log` (`id`, `username`, `ip`, `browser`, `os`, `engine`, `pro`, `pro_code`, `city`, `city_code`, `addr`, `status`, `remarks`, `create_by`, `create_username`, `create_time`, `update_by`, `update_username`, `update_time`, `is_del`) VALUES (1699777729823612930, 'yyq', '113.116.34.249', 'Chrome', 'OSX', 'Webkit', '广东省', '440000', '深圳市', '440300', '广东省深圳市 电信', 'FAIL', '账号或密码错误', -1, '', 1694093565791, NULL, NULL, NULL, 0);
INSERT INTO `login_log` (`id`, `username`, `ip`, `browser`, `os`, `engine`, `pro`, `pro_code`, `city`, `city_code`, `addr`, `status`, `remarks`, `create_by`, `create_username`, `create_time`, `update_by`, `update_username`, `update_time`, `is_del`) VALUES (1699777742901452802, 'yyq', '113.116.34.249', 'Chrome', 'OSX', 'Webkit', '广东省', '440000', '深圳市', '440300', '广东省深圳市 电信', 'SUCCESS', '登录成功', 1685177044733800449, '', 1694093568908, NULL, NULL, NULL, 0);
INSERT INTO `login_log` (`id`, `username`, `ip`, `browser`, `os`, `engine`, `pro`, `pro_code`, `city`, `city_code`, `addr`, `status`, `remarks`, `create_by`, `create_username`, `create_time`, `update_by`, `update_username`, `update_time`, `is_del`) VALUES (1699777953203855361, 'yyq', '113.116.34.249', 'Chrome', 'OSX', 'Webkit', '广东省', '440000', '深圳市', '440300', '广东省深圳市 电信', 'SUCCESS', '登录成功', 1685177044733800449, '', 1694093619050, NULL, NULL, NULL, 0);
INSERT INTO `login_log` (`id`, `username`, `ip`, `browser`, `os`, `engine`, `pro`, `pro_code`, `city`, `city_code`, `addr`, `status`, `remarks`, `create_by`, `create_username`, `create_time`, `update_by`, `update_username`, `update_time`, `is_del`) VALUES (1699778066487812098, 'yyq', '116.162.0.114', 'Chrome', 'Windows 10 or Windows Server 2016', 'Webkit', '湖南省', '430000', '长沙市', '430100', '湖南省长沙市 联通', 'SUCCESS', '登录成功', 1685177044733800449, '', 1694093646059, NULL, NULL, NULL, 0);
INSERT INTO `login_log` (`id`, `username`, `ip`, `browser`, `os`, `engine`, `pro`, `pro_code`, `city`, `city_code`, `addr`, `status`, `remarks`, `create_by`, `create_username`, `create_time`, `update_by`, `update_username`, `update_time`, `is_del`) VALUES (1699788651938029569, 'yyq', '223.153.14.224', 'Chrome', 'Windows 10 or Windows Server 2016', 'Webkit', '湖南省', '430000', '张家界市', '430800', '湖南省张家界市 电信', 'SUCCESS', '登录成功', 1685177044733800449, '', 1694096169826, NULL, NULL, NULL, 0);
INSERT INTO `login_log` (`id`, `username`, `ip`, `browser`, `os`, `engine`, `pro`, `pro_code`, `city`, `city_code`, `addr`, `status`, `remarks`, `create_by`, `create_username`, `create_time`, `update_by`, `update_username`, `update_time`, `is_del`) VALUES (1699960477787987969, 'yyq', '58.20.44.27', 'Chrome', 'Windows 10 or Windows Server 2016', 'Webkit', '湖南省', '430000', '长沙市', '430100', '湖南省长沙市 联通', 'SUCCESS', '登录成功', 1685177044733800449, '', 1694137136301, NULL, NULL, NULL, 0);
INSERT INTO `login_log` (`id`, `username`, `ip`, `browser`, `os`, `engine`, `pro`, `pro_code`, `city`, `city_code`, `addr`, `status`, `remarks`, `create_by`, `create_username`, `create_time`, `update_by`, `update_username`, `update_time`, `is_del`) VALUES (1700010722077024257, 'yyq', '58.20.44.27', 'Chrome', 'Windows 10 or Windows Server 2016', 'Webkit', '湖南省', '430000', '长沙市', '430100', '湖南省长沙市 联通', 'SUCCESS', '登录成功', 1685177044733800449, '', 1694149115475, NULL, NULL, NULL, 0);
INSERT INTO `login_log` (`id`, `username`, `ip`, `browser`, `os`, `engine`, `pro`, `pro_code`, `city`, `city_code`, `addr`, `status`, `remarks`, `create_by`, `create_username`, `create_time`, `update_by`, `update_username`, `update_time`, `is_del`) VALUES (1700031595404173314, 'yyq', '58.20.44.27', 'Chrome', 'Windows 10 or Windows Server 2016', 'Webkit', '湖南省', '430000', '长沙市', '430100', '湖南省长沙市 联通', 'SUCCESS', '登录成功', 1685177044733800449, '', 1694154092062, NULL, NULL, NULL, 0);
INSERT INTO `login_log` (`id`, `username`, `ip`, `browser`, `os`, `engine`, `pro`, `pro_code`, `city`, `city_code`, `addr`, `status`, `remarks`, `create_by`, `create_username`, `create_time`, `update_by`, `update_username`, `update_time`, `is_del`) VALUES (1700032182891945985, 'yyq', '58.20.44.27', 'Chrome', 'Windows 10 or Windows Server 2016', 'Webkit', '湖南省', '430000', '长沙市', '430100', '湖南省长沙市 联通', 'SUCCESS', '登录成功', 1685177044733800449, '', 1694154232130, NULL, NULL, NULL, 0);
INSERT INTO `login_log` (`id`, `username`, `ip`, `browser`, `os`, `engine`, `pro`, `pro_code`, `city`, `city_code`, `addr`, `status`, `remarks`, `create_by`, `create_username`, `create_time`, `update_by`, `update_username`, `update_time`, `is_del`) VALUES (1700037608899452929, 'yyq', '61.144.183.2', 'Chrome', 'OSX', 'Webkit', '广东省', '440000', '深圳市', '440300', '广东省深圳市宝安区 电信ADSL', 'SUCCESS', '登录成功', 1685177044733800449, '', 1694155525792, NULL, NULL, NULL, 0);
INSERT INTO `login_log` (`id`, `username`, `ip`, `browser`, `os`, `engine`, `pro`, `pro_code`, `city`, `city_code`, `addr`, `status`, `remarks`, `create_by`, `create_username`, `create_time`, `update_by`, `update_username`, `update_time`, `is_del`) VALUES (1700123148877406209, 'yyq', '222.247.87.210', 'Chrome', 'Windows 10 or Windows Server 2016', 'Webkit', '湖南省', '430000', '长沙市', '430100', '湖南省长沙市 电信', 'SUCCESS', '登录成功', 1685177044733800449, '', 1694175920111, NULL, NULL, NULL, 0);
INSERT INTO `login_log` (`id`, `username`, `ip`, `browser`, `os`, `engine`, `pro`, `pro_code`, `city`, `city_code`, `addr`, `status`, `remarks`, `create_by`, `create_username`, `create_time`, `update_by`, `update_username`, `update_time`, `is_del`) VALUES (1700762477505126401, 'yyq', '116.162.133.109', 'Chrome', 'Windows 10 or Windows Server 2016', 'Webkit', '湖南省', '430000', '长沙市', '430100', '湖南省长沙市 联通', 'SUCCESS', '登录成功', 1685177044733800449, '', 1694328347935, NULL, NULL, NULL, 0);
INSERT INTO `login_log` (`id`, `username`, `ip`, `browser`, `os`, `engine`, `pro`, `pro_code`, `city`, `city_code`, `addr`, `status`, `remarks`, `create_by`, `create_username`, `create_time`, `update_by`, `update_username`, `update_time`, `is_del`) VALUES (1701081265265987586, 'yyq', '222.247.87.210', 'Chrome', 'Windows 10 or Windows Server 2016', 'Webkit', '湖南省', '430000', '长沙市', '430100', '湖南省长沙市 电信', 'SUCCESS', '登录成功', 1685177044733800449, 'yyq', 1694404352860, NULL, NULL, NULL, 0);
INSERT INTO `login_log` (`id`, `username`, `ip`, `browser`, `os`, `engine`, `pro`, `pro_code`, `city`, `city_code`, `addr`, `status`, `remarks`, `create_by`, `create_username`, `create_time`, `update_by`, `update_username`, `update_time`, `is_del`) VALUES (1701081656032514049, 'yyq', '222.247.87.210', 'Chrome', 'Windows 10 or Windows Server 2016', 'Webkit', '湖南省', '430000', '长沙市', '430100', '湖南省长沙市 电信', 'SUCCESS', '登录成功', 1685177044733800449, 'yyq', 1694404446024, NULL, NULL, NULL, 0);
INSERT INTO `login_log` (`id`, `username`, `ip`, `browser`, `os`, `engine`, `pro`, `pro_code`, `city`, `city_code`, `addr`, `status`, `remarks`, `create_by`, `create_username`, `create_time`, `update_by`, `update_username`, `update_time`, `is_del`) VALUES (1701081667394883586, 'yyq', '222.247.87.210', 'Chrome', 'Windows 10 or Windows Server 2016', 'Webkit', '湖南省', '430000', '长沙市', '430100', '湖南省长沙市 电信', 'SUCCESS', '登录成功', 1685177044733800449, 'yyq', 1694404448734, NULL, NULL, NULL, 0);
INSERT INTO `login_log` (`id`, `username`, `ip`, `browser`, `os`, `engine`, `pro`, `pro_code`, `city`, `city_code`, `addr`, `status`, `remarks`, `create_by`, `create_username`, `create_time`, `update_by`, `update_username`, `update_time`, `is_del`) VALUES (1701081691533103105, 'yyq', '222.247.87.210', 'Chrome', 'Windows 10 or Windows Server 2016', 'Webkit', '湖南省', '430000', '长沙市', '430100', '湖南省长沙市 电信', 'SUCCESS', '登录成功', 1685177044733800449, 'yyq', 1694404454489, NULL, NULL, NULL, 0);
INSERT INTO `login_log` (`id`, `username`, `ip`, `browser`, `os`, `engine`, `pro`, `pro_code`, `city`, `city_code`, `addr`, `status`, `remarks`, `create_by`, `create_username`, `create_time`, `update_by`, `update_username`, `update_time`, `is_del`) VALUES (1701081740715511809, 'yyq', '222.247.87.210', 'Chrome', 'Windows 10 or Windows Server 2016', 'Webkit', '湖南省', '430000', '长沙市', '430100', '湖南省长沙市 电信', 'SUCCESS', '登录成功', 1685177044733800449, 'yyq', 1694404466214, NULL, NULL, NULL, 0);
INSERT INTO `login_log` (`id`, `username`, `ip`, `browser`, `os`, `engine`, `pro`, `pro_code`, `city`, `city_code`, `addr`, `status`, `remarks`, `create_by`, `create_username`, `create_time`, `update_by`, `update_username`, `update_time`, `is_del`) VALUES (1701083106909462530, 'yyq', '61.144.183.2', 'Chrome', 'OSX', 'Webkit', '广东省', '440000', '深圳市', '440300', '广东省深圳市宝安区 电信ADSL', 'SUCCESS', '登录成功', 1685177044733800449, 'yyq', 1694404791940, NULL, NULL, NULL, 0);
INSERT INTO `login_log` (`id`, `username`, `ip`, `browser`, `os`, `engine`, `pro`, `pro_code`, `city`, `city_code`, `addr`, `status`, `remarks`, `create_by`, `create_username`, `create_time`, `update_by`, `update_username`, `update_time`, `is_del`) VALUES (1701083195879038977, 'heyzoe', '61.144.183.2', 'Chrome', 'OSX', 'Webkit', '广东省', '440000', '深圳市', '440300', '广东省深圳市宝安区 电信ADSL', 'SUCCESS', '登录成功', 1685176293110329345, 'heyzoe', 1694404813154, NULL, NULL, NULL, 0);
INSERT INTO `login_log` (`id`, `username`, `ip`, `browser`, `os`, `engine`, `pro`, `pro_code`, `city`, `city_code`, `addr`, `status`, `remarks`, `create_by`, `create_username`, `create_time`, `update_by`, `update_username`, `update_time`, `is_del`) VALUES (1701115268119502850, 'yyq', '222.247.87.210', 'Chrome', 'Windows 10 or Windows Server 2016', 'Webkit', '湖南省', '430000', '长沙市', '430100', '湖南省长沙市 电信', 'SUCCESS', '登录成功', 1685177044733800449, 'yyq', 1694412459770, NULL, NULL, NULL, 0);
INSERT INTO `login_log` (`id`, `username`, `ip`, `browser`, `os`, `engine`, `pro`, `pro_code`, `city`, `city_code`, `addr`, `status`, `remarks`, `create_by`, `create_username`, `create_time`, `update_by`, `update_username`, `update_time`, `is_del`) VALUES (1701404342852100097, 'yyq', '222.247.87.210', 'Chrome', 'Windows 10 or Windows Server 2016', 'Webkit', '湖南省', '430000', '长沙市', '430100', '湖南省长沙市 电信', 'SUCCESS', '登录成功', 1685177044733800449, 'yyq', 1694481380558, NULL, NULL, NULL, 0);
INSERT INTO `login_log` (`id`, `username`, `ip`, `browser`, `os`, `engine`, `pro`, `pro_code`, `city`, `city_code`, `addr`, `status`, `remarks`, `create_by`, `create_username`, `create_time`, `update_by`, `update_username`, `update_time`, `is_del`) VALUES (1701409550395088897, 'yyq', '222.247.87.210', 'Chrome', 'Windows 10 or Windows Server 2016', 'Webkit', '湖南省', '430000', '长沙市', '430100', '湖南省长沙市 电信', 'SUCCESS', '登录成功', 1685177044733800449, 'yyq', 1694482622133, NULL, NULL, NULL, 0);
INSERT INTO `login_log` (`id`, `username`, `ip`, `browser`, `os`, `engine`, `pro`, `pro_code`, `city`, `city_code`, `addr`, `status`, `remarks`, `create_by`, `create_username`, `create_time`, `update_by`, `update_username`, `update_time`, `is_del`) VALUES (1701529841960067074, 'yyq', '222.247.87.210', 'Chrome', 'Windows 10 or Windows Server 2016', 'Webkit', '湖南省', '430000', '长沙市', '430100', '湖南省长沙市 电信', 'SUCCESS', '登录成功', 1685177044733800449, 'yyq', 1694511301879, NULL, NULL, NULL, 0);
INSERT INTO `login_log` (`id`, `username`, `ip`, `browser`, `os`, `engine`, `pro`, `pro_code`, `city`, `city_code`, `addr`, `status`, `remarks`, `create_by`, `create_username`, `create_time`, `update_by`, `update_username`, `update_time`, `is_del`) VALUES (1701764020463333378, 'yyq', '222.247.85.26', 'Chrome', 'Windows 10 or Windows Server 2016', 'Webkit', '湖南省', '430000', '长沙市', '430100', '湖南省长沙市 电信', 'SUCCESS', '登录成功', 1685177044733800449, 'yyq', 1694567134385, NULL, NULL, NULL, 0);
INSERT INTO `login_log` (`id`, `username`, `ip`, `browser`, `os`, `engine`, `pro`, `pro_code`, `city`, `city_code`, `addr`, `status`, `remarks`, `create_by`, `create_username`, `create_time`, `update_by`, `update_username`, `update_time`, `is_del`) VALUES (1701863960426442753, 'yyq', '222.247.85.26', 'Chrome', 'Windows 10 or Windows Server 2016', 'Webkit', '湖南省', '430000', '长沙市', '430100', '湖南省长沙市 电信', 'SUCCESS', '登录成功', 1685177044733800449, 'yyq', 1694590961929, NULL, NULL, NULL, 0);
INSERT INTO `login_log` (`id`, `username`, `ip`, `browser`, `os`, `engine`, `pro`, `pro_code`, `city`, `city_code`, `addr`, `status`, `remarks`, `create_by`, `create_username`, `create_time`, `update_by`, `update_username`, `update_time`, `is_del`) VALUES (1702138752027193346, 'yyq', '222.247.85.26', 'Chrome', 'Windows 10 or Windows Server 2016', 'Webkit', '湖南省', '430000', '长沙市', '430100', '湖南省长沙市 电信', 'SUCCESS', '登录成功', 1685177044733800449, 'yyq', 1694656477350, NULL, NULL, NULL, 0);
INSERT INTO `login_log` (`id`, `username`, `ip`, `browser`, `os`, `engine`, `pro`, `pro_code`, `city`, `city_code`, `addr`, `status`, `remarks`, `create_by`, `create_username`, `create_time`, `update_by`, `update_username`, `update_time`, `is_del`) VALUES (1702491406729330689, 'yyq', '222.247.85.26', 'Chrome', 'Windows 10 or Windows Server 2016', 'Webkit', '湖南省', '430000', '长沙市', '430100', '湖南省长沙市 电信', 'SUCCESS', '登录成功', 1685177044733800449, 'yyq', 1694740556788, NULL, NULL, NULL, 0);
INSERT INTO `login_log` (`id`, `username`, `ip`, `browser`, `os`, `engine`, `pro`, `pro_code`, `city`, `city_code`, `addr`, `status`, `remarks`, `create_by`, `create_username`, `create_time`, `update_by`, `update_username`, `update_time`, `is_del`) VALUES (1702664680457224194, 'yyq', '118.250.72.227', 'Chrome', 'Windows 10 or Windows Server 2016', 'Webkit', '湖南省', '430000', '长沙市', '430100', '湖南省长沙市 电信', 'SUCCESS', '登录成功', 1685177044733800449, 'yyq', 1694781868459, NULL, NULL, NULL, 0);
INSERT INTO `login_log` (`id`, `username`, `ip`, `browser`, `os`, `engine`, `pro`, `pro_code`, `city`, `city_code`, `addr`, `status`, `remarks`, `create_by`, `create_username`, `create_time`, `update_by`, `update_username`, `update_time`, `is_del`) VALUES (1702929003624644609, 'yyq', '175.2.35.7', 'Chrome', 'Windows 10 or Windows Server 2016', 'Webkit', '湖南省', '430000', '娄底市', '431300', '湖南省娄底市 电信', 'SUCCESS', '登录成功', 1685177044733800449, 'yyq', 1694844888013, NULL, NULL, NULL, 0);
INSERT INTO `login_log` (`id`, `username`, `ip`, `browser`, `os`, `engine`, `pro`, `pro_code`, `city`, `city_code`, `addr`, `status`, `remarks`, `create_by`, `create_username`, `create_time`, `update_by`, `update_username`, `update_time`, `is_del`) VALUES (1702978224885112834, 'yyq', '175.2.35.7', 'Chrome', 'Windows 10 or Windows Server 2016', 'Webkit', '湖南省', '430000', '娄底市', '431300', '湖南省娄底市 电信', 'SUCCESS', '登录成功', 1685177044733800449, 'yyq', 1694856623278, NULL, NULL, NULL, 0);
INSERT INTO `login_log` (`id`, `username`, `ip`, `browser`, `os`, `engine`, `pro`, `pro_code`, `city`, `city_code`, `addr`, `status`, `remarks`, `create_by`, `create_username`, `create_time`, `update_by`, `update_username`, `update_time`, `is_del`) VALUES (1703263317486829569, 'yyq', '106.19.119.186', 'Chrome', 'Windows 10 or Windows Server 2016', 'Webkit', '湖南省', '430000', '长沙市', '430100', '湖南省长沙市 电信', 'SUCCESS', '登录成功', 1685177044733800449, 'yyq', 1694924594650, NULL, NULL, NULL, 0);
INSERT INTO `login_log` (`id`, `username`, `ip`, `browser`, `os`, `engine`, `pro`, `pro_code`, `city`, `city_code`, `addr`, `status`, `remarks`, `create_by`, `create_username`, `create_time`, `update_by`, `update_username`, `update_time`, `is_del`) VALUES (1703339695842361345, 'yyq', '106.19.119.186', 'Chrome', 'Windows 10 or Windows Server 2016', 'Webkit', '湖南省', '430000', '长沙市', '430100', '湖南省长沙市 电信', 'SUCCESS', '登录成功', 1685177044733800449, 'yyq', 1694942804669, NULL, NULL, NULL, 0);
INSERT INTO `login_log` (`id`, `username`, `ip`, `browser`, `os`, `engine`, `pro`, `pro_code`, `city`, `city_code`, `addr`, `status`, `remarks`, `create_by`, `create_username`, `create_time`, `update_by`, `update_username`, `update_time`, `is_del`) VALUES (1703404181957668865, 'heyzoe', '127.0.0.1', 'Chrome', 'OSX', 'Webkit', '', '999999', '', '0', ' 本机地址', 'SUCCESS', '登录成功', 1685176293110329345, 'heyzoe', 1694958179356, NULL, NULL, NULL, 0);
INSERT INTO `login_log` (`id`, `username`, `ip`, `browser`, `os`, `engine`, `pro`, `pro_code`, `city`, `city_code`, `addr`, `status`, `remarks`, `create_by`, `create_username`, `create_time`, `update_by`, `update_username`, `update_time`, `is_del`) VALUES (1703421672050143233, 'yyq', '175.2.32.184', 'Chrome', 'Windows 10 or Windows Server 2016', 'Webkit', '湖南省', '430000', '娄底市', '431300', '湖南省娄底市 电信', 'SUCCESS', '登录成功', 1685177044733800449, 'yyq', 1694962349318, NULL, NULL, NULL, 0);
INSERT INTO `login_log` (`id`, `username`, `ip`, `browser`, `os`, `engine`, `pro`, `pro_code`, `city`, `city_code`, `addr`, `status`, `remarks`, `create_by`, `create_username`, `create_time`, `update_by`, `update_username`, `update_time`, `is_del`) VALUES (1703446645695369218, 'yyq', '175.2.32.184', 'Chrome', 'Windows 10 or Windows Server 2016', 'Webkit', '湖南省', '430000', '娄底市', '431300', '湖南省娄底市 电信', 'SUCCESS', '登录成功', 1685177044733800449, 'yyq', 1694968303499, NULL, NULL, NULL, 0);
INSERT INTO `login_log` (`id`, `username`, `ip`, `browser`, `os`, `engine`, `pro`, `pro_code`, `city`, `city_code`, `addr`, `status`, `remarks`, `create_by`, `create_username`, `create_time`, `update_by`, `update_username`, `update_time`, `is_del`) VALUES (1703580431137427457, 'yyq', '113.246.161.116', 'Chrome', 'Windows 10 or Windows Server 2016', 'Webkit', '湖南省', '430000', '长沙市', '430100', '湖南省长沙市 电信', 'SUCCESS', '登录成功', 1685177044733800449, 'yyq', 1695000200435, NULL, NULL, NULL, 0);
INSERT INTO `login_log` (`id`, `username`, `ip`, `browser`, `os`, `engine`, `pro`, `pro_code`, `city`, `city_code`, `addr`, `status`, `remarks`, `create_by`, `create_username`, `create_time`, `update_by`, `update_username`, `update_time`, `is_del`) VALUES (1703580448174690305, 'yyq', '113.246.161.116', 'Chrome', 'Windows 10 or Windows Server 2016', 'Webkit', '湖南省', '430000', '长沙市', '430100', '湖南省长沙市 电信', 'SUCCESS', '登录成功', 1685177044733800449, 'yyq', 1695000204499, NULL, NULL, NULL, 0);
INSERT INTO `login_log` (`id`, `username`, `ip`, `browser`, `os`, `engine`, `pro`, `pro_code`, `city`, `city_code`, `addr`, `status`, `remarks`, `create_by`, `create_username`, `create_time`, `update_by`, `update_username`, `update_time`, `is_del`) VALUES (1703671071225466882, 'yyq', '113.246.161.116', 'Chrome', 'Windows 10 or Windows Server 2016', 'Webkit', '湖南省', '430000', '长沙市', '430100', '湖南省长沙市 电信', 'SUCCESS', '登录成功', 1685177044733800449, 'yyq', 1695021810716, NULL, NULL, NULL, 0);
INSERT INTO `login_log` (`id`, `username`, `ip`, `browser`, `os`, `engine`, `pro`, `pro_code`, `city`, `city_code`, `addr`, `status`, `remarks`, `create_by`, `create_username`, `create_time`, `update_by`, `update_username`, `update_time`, `is_del`) VALUES (1703937954872946690, 'yyq', '113.246.161.116', 'Chrome', 'Windows 10 or Windows Server 2016', 'Webkit', '湖南省', '430000', '长沙市', '430100', '湖南省长沙市 电信', 'SUCCESS', '登录成功', 1685177044733800449, 'yyq', 1695085440736, NULL, NULL, NULL, 0);
INSERT INTO `login_log` (`id`, `username`, `ip`, `browser`, `os`, `engine`, `pro`, `pro_code`, `city`, `city_code`, `addr`, `status`, `remarks`, `create_by`, `create_username`, `create_time`, `update_by`, `update_username`, `update_time`, `is_del`) VALUES (1703975319557500929, 'yyq', '113.246.161.116', 'Chrome', 'Windows 10 or Windows Server 2016', 'Webkit', '湖南省', '430000', '长沙市', '430100', '湖南省长沙市 电信', 'SUCCESS', '登录成功', 1685177044733800449, 'yyq', 1695094349170, NULL, NULL, NULL, 0);
INSERT INTO `login_log` (`id`, `username`, `ip`, `browser`, `os`, `engine`, `pro`, `pro_code`, `city`, `city_code`, `addr`, `status`, `remarks`, `create_by`, `create_username`, `create_time`, `update_by`, `update_username`, `update_time`, `is_del`) VALUES (1704022135372115970, 'heyzoe', '61.144.183.2', 'Chrome', 'OSX', 'Webkit', '广东省', '440000', '深圳市', '440300', '广东省深圳市宝安区 电信ADSL', 'SUCCESS', '登录成功', 1685176293110329345, 'heyzoe', 1695105510930, NULL, NULL, NULL, 0);
INSERT INTO `login_log` (`id`, `username`, `ip`, `browser`, `os`, `engine`, `pro`, `pro_code`, `city`, `city_code`, `addr`, `status`, `remarks`, `create_by`, `create_username`, `create_time`, `update_by`, `update_username`, `update_time`, `is_del`) VALUES (1704116476857864194, 'yyq', '116.162.132.146', 'Chrome', 'Windows 10 or Windows Server 2016', 'Webkit', '湖南省', '430000', '长沙市', '430100', '湖南省长沙市 联通', 'SUCCESS', '登录成功', 1685177044733800449, 'yyq', 1695128003694, NULL, NULL, NULL, 0);
INSERT INTO `login_log` (`id`, `username`, `ip`, `browser`, `os`, `engine`, `pro`, `pro_code`, `city`, `city_code`, `addr`, `status`, `remarks`, `create_by`, `create_username`, `create_time`, `update_by`, `update_username`, `update_time`, `is_del`) VALUES (1704116771608383489, 'yyq', '116.162.132.146', 'Chrome', 'Windows 10 or Windows Server 2016', 'Webkit', '湖南省', '430000', '长沙市', '430100', '湖南省长沙市 联通', 'SUCCESS', '登录成功', 1685177044733800449, 'yyq', 1695128073968, NULL, NULL, NULL, 0);
INSERT INTO `login_log` (`id`, `username`, `ip`, `browser`, `os`, `engine`, `pro`, `pro_code`, `city`, `city_code`, `addr`, `status`, `remarks`, `create_by`, `create_username`, `create_time`, `update_by`, `update_username`, `update_time`, `is_del`) VALUES (1704119993978900482, 'yyq', '116.162.132.146', 'Chrome', 'Windows 10 or Windows Server 2016', 'Webkit', '湖南省', '430000', '长沙市', '430100', '湖南省长沙市 联通', 'SUCCESS', '登录成功', 1685177044733800449, 'yyq', 1695128842243, NULL, NULL, NULL, 0);
INSERT INTO `login_log` (`id`, `username`, `ip`, `browser`, `os`, `engine`, `pro`, `pro_code`, `city`, `city_code`, `addr`, `status`, `remarks`, `create_by`, `create_username`, `create_time`, `update_by`, `update_username`, `update_time`, `is_del`) VALUES (1704120169489551362, 'yyq', '116.162.132.146', 'Chrome', 'Windows 10 or Windows Server 2016', 'Webkit', '湖南省', '430000', '长沙市', '430100', '湖南省长沙市 联通', 'SUCCESS', '登录成功', 1685177044733800449, 'yyq', 1695128884086, NULL, NULL, NULL, 0);
INSERT INTO `login_log` (`id`, `username`, `ip`, `browser`, `os`, `engine`, `pro`, `pro_code`, `city`, `city_code`, `addr`, `status`, `remarks`, `create_by`, `create_username`, `create_time`, `update_by`, `update_username`, `update_time`, `is_del`) VALUES (1704120693974683649, 'yyq', '116.162.132.146', 'Chrome', 'Windows 10 or Windows Server 2016', 'Webkit', '湖南省', '430000', '长沙市', '430100', '湖南省长沙市 联通', 'SUCCESS', '登录成功', 1685177044733800449, 'yyq', 1695129009132, NULL, NULL, NULL, 0);
INSERT INTO `login_log` (`id`, `username`, `ip`, `browser`, `os`, `engine`, `pro`, `pro_code`, `city`, `city_code`, `addr`, `status`, `remarks`, `create_by`, `create_username`, `create_time`, `update_by`, `update_username`, `update_time`, `is_del`) VALUES (1704122008381476866, 'yyq', '116.162.132.146', 'Chrome', 'Windows 10 or Windows Server 2016', 'Webkit', '湖南省', '430000', '长沙市', '430100', '湖南省长沙市 联通', 'SUCCESS', '登录成功', 1685177044733800449, 'yyq', 1695129322514, NULL, NULL, NULL, 0);
INSERT INTO `login_log` (`id`, `username`, `ip`, `browser`, `os`, `engine`, `pro`, `pro_code`, `city`, `city_code`, `addr`, `status`, `remarks`, `create_by`, `create_username`, `create_time`, `update_by`, `update_username`, `update_time`, `is_del`) VALUES (1704122406290903042, 'heyzoe', '113.118.198.28', 'Chrome', 'OSX', 'Webkit', '广东省', '440000', '深圳市', '440300', '广东省深圳市 电信', 'SUCCESS', '登录成功', 1685176293110329345, 'heyzoe', 1695129417382, NULL, NULL, NULL, 0);
INSERT INTO `login_log` (`id`, `username`, `ip`, `browser`, `os`, `engine`, `pro`, `pro_code`, `city`, `city_code`, `addr`, `status`, `remarks`, `create_by`, `create_username`, `create_time`, `update_by`, `update_username`, `update_time`, `is_del`) VALUES (1704122621261565954, 'yyq', '113.118.198.28', 'Chrome', 'OSX', 'Webkit', '广东省', '440000', '深圳市', '440300', '广东省深圳市 电信', 'SUCCESS', '登录成功', 1685177044733800449, 'yyq', 1695129468636, NULL, NULL, NULL, 0);
INSERT INTO `login_log` (`id`, `username`, `ip`, `browser`, `os`, `engine`, `pro`, `pro_code`, `city`, `city_code`, `addr`, `status`, `remarks`, `create_by`, `create_username`, `create_time`, `update_by`, `update_username`, `update_time`, `is_del`) VALUES (1704123881951907841, 'yyq', '116.162.132.146', 'Chrome', 'Windows 10 or Windows Server 2016', 'Webkit', '湖南省', '430000', '长沙市', '430100', '湖南省长沙市 联通', 'SUCCESS', '登录成功', 1685177044733800449, 'yyq', 1695129769206, NULL, NULL, NULL, 0);
INSERT INTO `login_log` (`id`, `username`, `ip`, `browser`, `os`, `engine`, `pro`, `pro_code`, `city`, `city_code`, `addr`, `status`, `remarks`, `create_by`, `create_username`, `create_time`, `update_by`, `update_username`, `update_time`, `is_del`) VALUES (1704124900760932354, 'heyzoe', '113.118.198.28', 'Chrome', 'OSX', 'Webkit', '广东省', '440000', '深圳市', '440300', '广东省深圳市 电信', 'SUCCESS', '登录成功', 1685176293110329345, 'heyzoe', 1695130012109, NULL, NULL, NULL, 0);
INSERT INTO `login_log` (`id`, `username`, `ip`, `browser`, `os`, `engine`, `pro`, `pro_code`, `city`, `city_code`, `addr`, `status`, `remarks`, `create_by`, `create_username`, `create_time`, `update_by`, `update_username`, `update_time`, `is_del`) VALUES (1704124971380428802, 'heyzoe', '113.118.198.28', 'Chrome', 'OSX', 'Webkit', '广东省', '440000', '深圳市', '440300', '广东省深圳市 电信', 'SUCCESS', '登录成功', 1685176293110329345, 'heyzoe', 1695130028945, NULL, NULL, NULL, 0);
INSERT INTO `login_log` (`id`, `username`, `ip`, `browser`, `os`, `engine`, `pro`, `pro_code`, `city`, `city_code`, `addr`, `status`, `remarks`, `create_by`, `create_username`, `create_time`, `update_by`, `update_username`, `update_time`, `is_del`) VALUES (1704125234879188994, 'heyzoe', '113.118.198.28', 'Chrome', 'OSX', 'Webkit', '广东省', '440000', '深圳市', '440300', '广东省深圳市 电信', 'SUCCESS', '登录成功', 1685176293110329345, 'heyzoe', 1695130091770, NULL, NULL, NULL, 0);
INSERT INTO `login_log` (`id`, `username`, `ip`, `browser`, `os`, `engine`, `pro`, `pro_code`, `city`, `city_code`, `addr`, `status`, `remarks`, `create_by`, `create_username`, `create_time`, `update_by`, `update_username`, `update_time`, `is_del`) VALUES (1704125685171277826, 'heyzoe', '113.118.198.28', 'Chrome', 'OSX', 'Webkit', '广东省', '440000', '深圳市', '440300', '广东省深圳市 电信', 'SUCCESS', '登录成功', 1685176293110329345, 'heyzoe', 1695130199127, NULL, NULL, NULL, 0);
INSERT INTO `login_log` (`id`, `username`, `ip`, `browser`, `os`, `engine`, `pro`, `pro_code`, `city`, `city_code`, `addr`, `status`, `remarks`, `create_by`, `create_username`, `create_time`, `update_by`, `update_username`, `update_time`, `is_del`) VALUES (1704125770198208514, 'heyzoe', '113.118.198.28', 'Chrome', 'OSX', 'Webkit', '广东省', '440000', '深圳市', '440300', '广东省深圳市 电信', 'SUCCESS', '登录成功', 1685176293110329345, 'heyzoe', 1695130219399, NULL, NULL, NULL, 0);
INSERT INTO `login_log` (`id`, `username`, `ip`, `browser`, `os`, `engine`, `pro`, `pro_code`, `city`, `city_code`, `addr`, `status`, `remarks`, `create_by`, `create_username`, `create_time`, `update_by`, `update_username`, `update_time`, `is_del`) VALUES (1704126409439498241, 'heyzoe', '113.118.198.28', 'Chrome', 'OSX', 'Webkit', '广东省', '440000', '深圳市', '440300', '广东省深圳市 电信', 'SUCCESS', '登录成功', 1685176293110329345, 'heyzoe', 1695130371806, NULL, NULL, NULL, 0);
INSERT INTO `login_log` (`id`, `username`, `ip`, `browser`, `os`, `engine`, `pro`, `pro_code`, `city`, `city_code`, `addr`, `status`, `remarks`, `create_by`, `create_username`, `create_time`, `update_by`, `update_username`, `update_time`, `is_del`) VALUES (1704127261122285570, 'yyq', '116.162.132.146', 'Chrome', 'Windows 10 or Windows Server 2016', 'Webkit', '湖南省', '430000', '长沙市', '430100', '湖南省长沙市 联通', 'SUCCESS', '登录成功', 1685177044733800449, 'yyq', 1695130574863, NULL, NULL, NULL, 0);
INSERT INTO `login_log` (`id`, `username`, `ip`, `browser`, `os`, `engine`, `pro`, `pro_code`, `city`, `city_code`, `addr`, `status`, `remarks`, `create_by`, `create_username`, `create_time`, `update_by`, `update_username`, `update_time`, `is_del`) VALUES (1704128351741988865, 'yyq', '116.162.132.146', 'Chrome', 'Windows 10 or Windows Server 2016', 'Webkit', '湖南省', '430000', '长沙市', '430100', '湖南省长沙市 联通', 'SUCCESS', '登录成功', 1685177044733800449, 'yyq', 1695130834887, NULL, NULL, NULL, 0);
INSERT INTO `login_log` (`id`, `username`, `ip`, `browser`, `os`, `engine`, `pro`, `pro_code`, `city`, `city_code`, `addr`, `status`, `remarks`, `create_by`, `create_username`, `create_time`, `update_by`, `update_username`, `update_time`, `is_del`) VALUES (1704135891120869378, 'yyq', '116.162.132.146', 'Chrome', 'Windows 10 or Windows Server 2016', 'Webkit', '湖南省', '430000', '长沙市', '430100', '湖南省长沙市 联通', 'SUCCESS', '登录成功', 1685177044733800449, 'yyq', 1695132632416, NULL, NULL, NULL, 0);
INSERT INTO `login_log` (`id`, `username`, `ip`, `browser`, `os`, `engine`, `pro`, `pro_code`, `city`, `city_code`, `addr`, `status`, `remarks`, `create_by`, `create_username`, `create_time`, `update_by`, `update_username`, `update_time`, `is_del`) VALUES (1704303119522910209, 'yyq', '113.246.161.116', 'Chrome', 'Windows 10 or Windows Server 2016', 'Webkit', '湖南省', '430000', '长沙市', '430100', '湖南省长沙市 电信', 'SUCCESS', '登录成功', 1685177044733800449, 'yyq', 1695172502773, NULL, NULL, NULL, 0);
INSERT INTO `login_log` (`id`, `username`, `ip`, `browser`, `os`, `engine`, `pro`, `pro_code`, `city`, `city_code`, `addr`, `status`, `remarks`, `create_by`, `create_username`, `create_time`, `update_by`, `update_username`, `update_time`, `is_del`) VALUES (1704335470118359042, 'yyq', '113.246.161.116', 'Chrome', 'Windows 10 or Windows Server 2016', 'Webkit', '湖南省', '430000', '长沙市', '430100', '湖南省长沙市 电信', 'SUCCESS', '登录成功', 1685177044733800449, 'yyq', 1695180215756, NULL, NULL, NULL, 0);
INSERT INTO `login_log` (`id`, `username`, `ip`, `browser`, `os`, `engine`, `pro`, `pro_code`, `city`, `city_code`, `addr`, `status`, `remarks`, `create_by`, `create_username`, `create_time`, `update_by`, `update_username`, `update_time`, `is_del`) VALUES (1704381431045738497, 'yyq', '113.246.161.116', 'Chrome', 'Windows 10 or Windows Server 2016', 'Webkit', '湖南省', '430000', '长沙市', '430100', '湖南省长沙市 电信', 'SUCCESS', '登录成功', 1685177044733800449, 'yyq', 1695191173695, NULL, NULL, NULL, 0);
INSERT INTO `login_log` (`id`, `username`, `ip`, `browser`, `os`, `engine`, `pro`, `pro_code`, `city`, `city_code`, `addr`, `status`, `remarks`, `create_by`, `create_username`, `create_time`, `update_by`, `update_username`, `update_time`, `is_del`) VALUES (1704397249385123842, 'yyq', '113.246.161.116', 'Chrome', 'Windows 10 or Windows Server 2016', 'Webkit', '湖南省', '430000', '长沙市', '430100', '湖南省长沙市 电信', 'SUCCESS', '登录成功', 1685177044733800449, 'yyq', 1695194945081, NULL, NULL, NULL, 0);
INSERT INTO `login_log` (`id`, `username`, `ip`, `browser`, `os`, `engine`, `pro`, `pro_code`, `city`, `city_code`, `addr`, `status`, `remarks`, `create_by`, `create_username`, `create_time`, `update_by`, `update_username`, `update_time`, `is_del`) VALUES (1704482212327510018, 'yyq', '222.240.93.77', 'Chrome', 'Windows 10 or Windows Server 2016', 'Webkit', '湖南省', '430000', '长沙市', '430100', '湖南省长沙市 电信', 'SUCCESS', '登录成功', 1685177044733800449, 'yyq', 1695215201825, NULL, NULL, NULL, 0);
INSERT INTO `login_log` (`id`, `username`, `ip`, `browser`, `os`, `engine`, `pro`, `pro_code`, `city`, `city_code`, `addr`, `status`, `remarks`, `create_by`, `create_username`, `create_time`, `update_by`, `update_username`, `update_time`, `is_del`) VALUES (1704716833069780993, 'yyq', '113.246.161.116', 'Chrome', 'Windows 10 or Windows Server 2016', 'Webkit', '湖南省', '430000', '长沙市', '430100', '湖南省长沙市 电信', 'SUCCESS', '登录成功', 1685177044733800449, 'yyq', 1695271139770, NULL, NULL, NULL, 0);
INSERT INTO `login_log` (`id`, `username`, `ip`, `browser`, `os`, `engine`, `pro`, `pro_code`, `city`, `city_code`, `addr`, `status`, `remarks`, `create_by`, `create_username`, `create_time`, `update_by`, `update_username`, `update_time`, `is_del`) VALUES (1704752749087870978, 'yyq', '113.246.161.116', 'Chrome', 'Windows 10 or Windows Server 2016', 'Webkit', '湖南省', '430000', '长沙市', '430100', '湖南省长沙市 电信', 'SUCCESS', '登录成功', 1685177044733800449, 'yyq', 1695279702815, NULL, NULL, NULL, 0);
INSERT INTO `login_log` (`id`, `username`, `ip`, `browser`, `os`, `engine`, `pro`, `pro_code`, `city`, `city_code`, `addr`, `status`, `remarks`, `create_by`, `create_username`, `create_time`, `update_by`, `update_username`, `update_time`, `is_del`) VALUES (1704869727446290433, 'yyq', '116.162.95.79', 'Chrome', 'Windows 10 or Windows Server 2016', 'Webkit', '湖南省', '430000', '长沙市', '430100', '湖南省长沙市 联通', 'SUCCESS', '登录成功', 1685177044733800449, 'yyq', 1695307592630, NULL, NULL, NULL, 0);
INSERT INTO `login_log` (`id`, `username`, `ip`, `browser`, `os`, `engine`, `pro`, `pro_code`, `city`, `city_code`, `addr`, `status`, `remarks`, `create_by`, `create_username`, `create_time`, `update_by`, `update_username`, `update_time`, `is_del`) VALUES (1704870366335258626, 'yyq', '116.162.95.79', 'Chrome', 'Windows 10 or Windows Server 2016', 'Webkit', '湖南省', '430000', '长沙市', '430100', '湖南省长沙市 联通', 'SUCCESS', '登录成功', 1685177044733800449, 'yyq', 1695307744952, NULL, NULL, NULL, 0);
INSERT INTO `login_log` (`id`, `username`, `ip`, `browser`, `os`, `engine`, `pro`, `pro_code`, `city`, `city_code`, `addr`, `status`, `remarks`, `create_by`, `create_username`, `create_time`, `update_by`, `update_username`, `update_time`, `is_del`) VALUES (1705033747256082433, 'yyqyyq', '113.246.161.116', 'Chrome', 'Windows 10 or Windows Server 2016', 'Webkit', '湖南省', '430000', '长沙市', '430100', '湖南省长沙市 电信', 'SUCCESS', '登录成功', 1685177044733800449, 'yyqyyq', 1695346698002, NULL, NULL, NULL, 0);
INSERT INTO `login_log` (`id`, `username`, `ip`, `browser`, `os`, `engine`, `pro`, `pro_code`, `city`, `city_code`, `addr`, `status`, `remarks`, `create_by`, `create_username`, `create_time`, `update_by`, `update_username`, `update_time`, `is_del`) VALUES (1705114861857439746, 'yyqyyq', '113.246.161.116', 'Chrome', 'Windows 10 or Windows Server 2016', 'Webkit', '湖南省', '430000', '长沙市', '430100', '湖南省长沙市 电信', 'SUCCESS', '登录成功', 1685177044733800449, 'yyqyyq', 1695366037228, NULL, NULL, NULL, 0);
INSERT INTO `login_log` (`id`, `username`, `ip`, `browser`, `os`, `engine`, `pro`, `pro_code`, `city`, `city_code`, `addr`, `status`, `remarks`, `create_by`, `create_username`, `create_time`, `update_by`, `update_username`, `update_time`, `is_del`) VALUES (1705120304898015233, 'yyqyyq', '113.246.161.116', 'Chrome', 'Windows 10 or Windows Server 2016', 'Webkit', '湖南省', '430000', '长沙市', '430100', '湖南省长沙市 电信', 'SUCCESS', '登录成功', 1685177044733800449, 'yyqyyq', 1695367334948, NULL, NULL, NULL, 0);
INSERT INTO `login_log` (`id`, `username`, `ip`, `browser`, `os`, `engine`, `pro`, `pro_code`, `city`, `city_code`, `addr`, `status`, `remarks`, `create_by`, `create_username`, `create_time`, `update_by`, `update_username`, `update_time`, `is_del`) VALUES (1705138965926961154, 'yyqyyq', '113.246.161.116', 'Chrome', 'Windows 10 or Windows Server 2016', 'Webkit', '湖南省', '430000', '长沙市', '430100', '湖南省长沙市 电信', 'SUCCESS', '登录成功', 1685177044733800449, 'yyqyyq', 1695371784089, NULL, NULL, NULL, 0);
INSERT INTO `login_log` (`id`, `username`, `ip`, `browser`, `os`, `engine`, `pro`, `pro_code`, `city`, `city_code`, `addr`, `status`, `remarks`, `create_by`, `create_username`, `create_time`, `update_by`, `update_username`, `update_time`, `is_del`) VALUES (1705146127784927233, 'heyzoe', '61.144.183.2', 'Chrome', 'OSX', 'Webkit', '广东省', '440000', '深圳市', '440300', '广东省深圳市宝安区 电信ADSL', 'SUCCESS', '登录成功', 1685176293110329345, 'heyzoe', 1695373491606, NULL, NULL, NULL, 0);
INSERT INTO `login_log` (`id`, `username`, `ip`, `browser`, `os`, `engine`, `pro`, `pro_code`, `city`, `city_code`, `addr`, `status`, `remarks`, `create_by`, `create_username`, `create_time`, `update_by`, `update_username`, `update_time`, `is_del`) VALUES (1705627556440555521, 'heyzoe', '113.116.32.162', 'Chrome', 'OSX', 'Webkit', '广东省', '440000', '深圳市', '440300', '广东省深圳市 电信', 'SUCCESS', '登录成功', 1685176293110329345, 'heyzoe', 1695488273140, NULL, NULL, NULL, 0);
INSERT INTO `login_log` (`id`, `username`, `ip`, `browser`, `os`, `engine`, `pro`, `pro_code`, `city`, `city_code`, `addr`, `status`, `remarks`, `create_by`, `create_username`, `create_time`, `update_by`, `update_username`, `update_time`, `is_del`) VALUES (1705935994731155458, 'heyzoe', '113.118.198.252', 'Chrome', 'OSX', 'Webkit', '广东省', '440000', '深圳市', '440300', '广东省深圳市 电信', 'SUCCESS', '登录成功', 1685176293110329345, 'heyzoe', 1695561810565, NULL, NULL, NULL, 0);
INSERT INTO `login_log` (`id`, `username`, `ip`, `browser`, `os`, `engine`, `pro`, `pro_code`, `city`, `city_code`, `addr`, `status`, `remarks`, `create_by`, `create_username`, `create_time`, `update_by`, `update_username`, `update_time`, `is_del`) VALUES (1706115135434706945, 'yyqyyq', '113.246.161.116', 'Chrome', 'Windows 10 or Windows Server 2016', 'Webkit', '湖南省', '430000', '长沙市', '430100', '湖南省长沙市 电信', 'SUCCESS', '登录成功', 1685177044733800449, 'yyqyyq', 1695604521032, NULL, NULL, NULL, 0);
INSERT INTO `login_log` (`id`, `username`, `ip`, `browser`, `os`, `engine`, `pro`, `pro_code`, `city`, `city_code`, `addr`, `status`, `remarks`, `create_by`, `create_username`, `create_time`, `update_by`, `update_username`, `update_time`, `is_del`) VALUES (1706478964916146178, 'yyqyyq', '113.246.161.116', 'Chrome', 'Windows 10 or Windows Server 2016', 'Webkit', '湖南省', '430000', '长沙市', '430100', '湖南省长沙市 电信', 'SUCCESS', '登录成功', 1685177044733800449, 'yyqyyq', 1695691264740, NULL, NULL, NULL, 0);
INSERT INTO `login_log` (`id`, `username`, `ip`, `browser`, `os`, `engine`, `pro`, `pro_code`, `city`, `city_code`, `addr`, `status`, `remarks`, `create_by`, `create_username`, `create_time`, `update_by`, `update_username`, `update_time`, `is_del`) VALUES (1706479478261207042, 'yyqyyq', '113.246.161.116', 'Chrome', 'Windows 10 or Windows Server 2016', 'Webkit', '湖南省', '430000', '长沙市', '430100', '湖南省长沙市 电信', 'SUCCESS', '登录成功', 1685177044733800449, 'yyqyyq', 1695691387132, NULL, NULL, NULL, 0);
INSERT INTO `login_log` (`id`, `username`, `ip`, `browser`, `os`, `engine`, `pro`, `pro_code`, `city`, `city_code`, `addr`, `status`, `remarks`, `create_by`, `create_username`, `create_time`, `update_by`, `update_username`, `update_time`, `is_del`) VALUES (1706480291419312129, 'yyqyyq', '113.246.161.116', 'Chrome', 'Windows 10 or Windows Server 2016', 'Webkit', '湖南省', '430000', '长沙市', '430100', '湖南省长沙市 电信', 'SUCCESS', '登录成功', 1685177044733800449, 'yyqyyq', 1695691581002, NULL, NULL, NULL, 0);
INSERT INTO `login_log` (`id`, `username`, `ip`, `browser`, `os`, `engine`, `pro`, `pro_code`, `city`, `city_code`, `addr`, `status`, `remarks`, `create_by`, `create_username`, `create_time`, `update_by`, `update_username`, `update_time`, `is_del`) VALUES (1706480359211847681, 'yyqyyq', '113.246.161.116', 'Chrome', 'Windows 10 or Windows Server 2016', 'Webkit', '湖南省', '430000', '长沙市', '430100', '湖南省长沙市 电信', 'SUCCESS', '登录成功', 1685177044733800449, 'yyqyyq', 1695691597168, NULL, NULL, NULL, 0);
INSERT INTO `login_log` (`id`, `username`, `ip`, `browser`, `os`, `engine`, `pro`, `pro_code`, `city`, `city_code`, `addr`, `status`, `remarks`, `create_by`, `create_username`, `create_time`, `update_by`, `update_username`, `update_time`, `is_del`) VALUES (1706480457153040386, 'yyqyyq', '113.246.161.116', 'Chrome', 'Windows 10 or Windows Server 2016', 'Webkit', '湖南省', '430000', '长沙市', '430100', '湖南省长沙市 电信', 'SUCCESS', '登录成功', 1685177044733800449, 'yyqyyq', 1695691620518, NULL, NULL, NULL, 0);
INSERT INTO `login_log` (`id`, `username`, `ip`, `browser`, `os`, `engine`, `pro`, `pro_code`, `city`, `city_code`, `addr`, `status`, `remarks`, `create_by`, `create_username`, `create_time`, `update_by`, `update_username`, `update_time`, `is_del`) VALUES (1706481351974244354, 'yyqyyq', '113.246.161.116', 'Chrome', 'Windows 10 or Windows Server 2016', 'Webkit', '湖南省', '430000', '长沙市', '430100', '湖南省长沙市 电信', 'SUCCESS', '登录成功', 1685177044733800449, 'yyqyyq', 1695691833860, NULL, NULL, NULL, 0);
INSERT INTO `login_log` (`id`, `username`, `ip`, `browser`, `os`, `engine`, `pro`, `pro_code`, `city`, `city_code`, `addr`, `status`, `remarks`, `create_by`, `create_username`, `create_time`, `update_by`, `update_username`, `update_time`, `is_del`) VALUES (1706659841767952385, 'yyqyyq', '223.153.19.30', 'Chrome', 'Windows 10 or Windows Server 2016', 'Webkit', '湖南省', '430000', '张家界市', '430800', '湖南省张家界市 电信', 'SUCCESS', '登录成功', 1685177044733800449, 'yyqyyq', 1695734389141, NULL, NULL, NULL, 0);
INSERT INTO `login_log` (`id`, `username`, `ip`, `browser`, `os`, `engine`, `pro`, `pro_code`, `city`, `city_code`, `addr`, `status`, `remarks`, `create_by`, `create_username`, `create_time`, `update_by`, `update_username`, `update_time`, `is_del`) VALUES (1706666993190490113, 'yyqyyq', '223.153.19.30', 'Chrome', 'Windows 10 or Windows Server 2016', 'Webkit', '湖南省', '430000', '张家界市', '430800', '湖南省张家界市 电信', 'SUCCESS', '登录成功', 1685177044733800449, 'yyqyyq', 1695736094174, NULL, NULL, NULL, 0);
INSERT INTO `login_log` (`id`, `username`, `ip`, `browser`, `os`, `engine`, `pro`, `pro_code`, `city`, `city_code`, `addr`, `status`, `remarks`, `create_by`, `create_username`, `create_time`, `update_by`, `update_username`, `update_time`, `is_del`) VALUES (1706694364144717825, 'heyzoe', '113.118.85.117', 'Chrome', 'OSX', 'Webkit', '广东省', '440000', '深圳市', '440300', '广东省深圳市 电信', 'SUCCESS', '登录成功', 1685176293110329345, 'heyzoe', 1695742619928, NULL, NULL, NULL, 0);
INSERT INTO `login_log` (`id`, `username`, `ip`, `browser`, `os`, `engine`, `pro`, `pro_code`, `city`, `city_code`, `addr`, `status`, `remarks`, `create_by`, `create_username`, `create_time`, `update_by`, `update_username`, `update_time`, `is_del`) VALUES (1706971622226907138, 'yyqyyq', '58.20.44.27', 'Chrome', 'Windows 10 or Windows Server 2016', 'Webkit', '湖南省', '430000', '长沙市', '430100', '湖南省长沙市 联通', 'SUCCESS', '登录成功', 1685177044733800449, 'yyqyyq', 1695808723398, NULL, NULL, NULL, 0);
INSERT INTO `login_log` (`id`, `username`, `ip`, `browser`, `os`, `engine`, `pro`, `pro_code`, `city`, `city_code`, `addr`, `status`, `remarks`, `create_by`, `create_username`, `create_time`, `update_by`, `update_username`, `update_time`, `is_del`) VALUES (1707633643200978945, 'yyqyyq', '175.1.14.31', 'Chrome', 'Windows 10 or Windows Server 2016', 'Webkit', '湖南省', '430000', '湘潭市', '430300', '湖南省湘潭市 电信', 'SUCCESS', '登录成功', 1685177044733800449, 'yyqyyq', 1695966561495, NULL, NULL, NULL, 0);
INSERT INTO `login_log` (`id`, `username`, `ip`, `browser`, `os`, `engine`, `pro`, `pro_code`, `city`, `city_code`, `addr`, `status`, `remarks`, `create_by`, `create_username`, `create_time`, `update_by`, `update_username`, `update_time`, `is_del`) VALUES (1710460507959336962, 'yyqyyq', '113.246.161.116', 'Chrome', 'Windows 10 or Windows Server 2016', 'Webkit', '湖南省', '430000', '长沙市', '430100', '湖南省长沙市 电信', 'SUCCESS', '登录成功', 1685177044733800449, 'yyqyyq', 1696640538576, NULL, NULL, NULL, 0);
INSERT INTO `login_log` (`id`, `username`, `ip`, `browser`, `os`, `engine`, `pro`, `pro_code`, `city`, `city_code`, `addr`, `status`, `remarks`, `create_by`, `create_username`, `create_time`, `update_by`, `update_username`, `update_time`, `is_del`) VALUES (1710824696578056193, 'yyqyyq', '113.246.161.116', 'Chrome', 'Windows 10 or Windows Server 2016', 'Webkit', '湖南省', '430000', '长沙市', '430100', '湖南省长沙市 电信', 'SUCCESS', '登录成功', 1685177044733800449, 'yyqyyq', 1696727367907, NULL, NULL, NULL, 0);
INSERT INTO `login_log` (`id`, `username`, `ip`, `browser`, `os`, `engine`, `pro`, `pro_code`, `city`, `city_code`, `addr`, `status`, `remarks`, `create_by`, `create_username`, `create_time`, `update_by`, `update_username`, `update_time`, `is_del`) VALUES (1710932383856861185, 'yyqyyq', '113.246.161.116', 'Chrome', 'Windows 10 or Windows Server 2016', 'Webkit', '湖南省', '430000', '长沙市', '430100', '湖南省长沙市 电信', 'SUCCESS', '登录成功', 1685177044733800449, 'yyqyyq', 1696753042557, NULL, NULL, NULL, 0);
INSERT INTO `login_log` (`id`, `username`, `ip`, `browser`, `os`, `engine`, `pro`, `pro_code`, `city`, `city_code`, `addr`, `status`, `remarks`, `create_by`, `create_username`, `create_time`, `update_by`, `update_username`, `update_time`, `is_del`) VALUES (1711189229498802178, 'yyqyyq', '113.246.161.116', 'Chrome', 'Windows 10 or Windows Server 2016', 'Webkit', '湖南省', '430000', '长沙市', '430100', '湖南省长沙市 电信', 'SUCCESS', '登录成功', 1685177044733800449, 'yyqyyq', 1696814279329, NULL, NULL, NULL, 0);
INSERT INTO `login_log` (`id`, `username`, `ip`, `browser`, `os`, `engine`, `pro`, `pro_code`, `city`, `city_code`, `addr`, `status`, `remarks`, `create_by`, `create_username`, `create_time`, `update_by`, `update_username`, `update_time`, `is_del`) VALUES (1711206545271824386, 'yyqyyq', '113.246.161.116', 'Chrome', 'Windows 10 or Windows Server 2016', 'Webkit', '湖南省', '430000', '长沙市', '430100', '湖南省长沙市 电信', 'SUCCESS', '登录成功', 1685177044733800449, 'yyqyyq', 1696818407733, NULL, NULL, NULL, 0);
INSERT INTO `login_log` (`id`, `username`, `ip`, `browser`, `os`, `engine`, `pro`, `pro_code`, `city`, `city_code`, `addr`, `status`, `remarks`, `create_by`, `create_username`, `create_time`, `update_by`, `update_username`, `update_time`, `is_del`) VALUES (1711546955470995458, 'yyqyyq', '113.246.161.116', 'Chrome', 'Windows 10 or Windows Server 2016', 'Webkit', '湖南省', '430000', '长沙市', '430100', '湖南省长沙市 电信', 'SUCCESS', '登录成功', 1685177044733800449, 'yyqyyq', 1696899567846, NULL, NULL, NULL, 0);
INSERT INTO `login_log` (`id`, `username`, `ip`, `browser`, `os`, `engine`, `pro`, `pro_code`, `city`, `city_code`, `addr`, `status`, `remarks`, `create_by`, `create_username`, `create_time`, `update_by`, `update_username`, `update_time`, `is_del`) VALUES (1711911297815183361, 'yyqyyq', '113.246.161.116', 'Chrome', 'Windows 10 or Windows Server 2016', 'Webkit', '湖南省', '430000', '长沙市', '430100', '湖南省长沙市 电信', 'SUCCESS', '登录成功', 1685177044733800449, 'yyqyyq', 1696986433831, NULL, NULL, NULL, 0);
INSERT INTO `login_log` (`id`, `username`, `ip`, `browser`, `os`, `engine`, `pro`, `pro_code`, `city`, `city_code`, `addr`, `status`, `remarks`, `create_by`, `create_username`, `create_time`, `update_by`, `update_username`, `update_time`, `is_del`) VALUES (1711911911391526914, 'heyzoe', '119.139.136.138', 'Chrome', 'OSX', 'Webkit', '广东省', '440000', '深圳市', '440300', '广东省深圳市 电信', 'SUCCESS', '登录成功', 1685176293110329345, 'heyzoe', 1696986580121, NULL, NULL, NULL, 0);
INSERT INTO `login_log` (`id`, `username`, `ip`, `browser`, `os`, `engine`, `pro`, `pro_code`, `city`, `city_code`, `addr`, `status`, `remarks`, `create_by`, `create_username`, `create_time`, `update_by`, `update_username`, `update_time`, `is_del`) VALUES (1711913262934687746, 'heyzoe', '119.139.136.138', 'Chrome', 'OSX', 'Webkit', '广东省', '440000', '深圳市', '440300', '广东省深圳市 电信', 'SUCCESS', '登录成功', 1685176293110329345, 'heyzoe', 1696986902353, NULL, NULL, NULL, 0);
INSERT INTO `login_log` (`id`, `username`, `ip`, `browser`, `os`, `engine`, `pro`, `pro_code`, `city`, `city_code`, `addr`, `status`, `remarks`, `create_by`, `create_username`, `create_time`, `update_by`, `update_username`, `update_time`, `is_del`) VALUES (1711913486486896641, 'heyzoe', '119.139.136.138', 'Chrome', 'OSX', 'Webkit', '广东省', '440000', '深圳市', '440300', '广东省深圳市 电信', 'SUCCESS', '登录成功', 1685176293110329345, 'heyzoe', 1696986955653, NULL, NULL, NULL, 0);
INSERT INTO `login_log` (`id`, `username`, `ip`, `browser`, `os`, `engine`, `pro`, `pro_code`, `city`, `city_code`, `addr`, `status`, `remarks`, `create_by`, `create_username`, `create_time`, `update_by`, `update_username`, `update_time`, `is_del`) VALUES (1711914062230618114, 'heyzoe', '119.139.136.138', 'Chrome', 'OSX', 'Webkit', '广东省', '440000', '深圳市', '440300', '广东省深圳市 电信', 'SUCCESS', '登录成功', 1685176293110329345, 'heyzoe', 1696987092921, NULL, NULL, NULL, 0);
INSERT INTO `login_log` (`id`, `username`, `ip`, `browser`, `os`, `engine`, `pro`, `pro_code`, `city`, `city_code`, `addr`, `status`, `remarks`, `create_by`, `create_username`, `create_time`, `update_by`, `update_username`, `update_time`, `is_del`) VALUES (1711917235984957442, 'heyzoe', '119.139.136.138', 'Chrome', 'OSX', 'Webkit', '广东省', '440000', '深圳市', '440300', '广东省深圳市 电信', 'SUCCESS', '登录成功', 1685176293110329345, 'heyzoe', 1696987849604, NULL, NULL, NULL, 0);
INSERT INTO `login_log` (`id`, `username`, `ip`, `browser`, `os`, `engine`, `pro`, `pro_code`, `city`, `city_code`, `addr`, `status`, `remarks`, `create_by`, `create_username`, `create_time`, `update_by`, `update_username`, `update_time`, `is_del`) VALUES (1711918094521237506, 'yyqyyq', '113.246.161.116', 'Chrome', 'Windows 10 or Windows Server 2016', 'Webkit', '湖南省', '430000', '长沙市', '430100', '湖南省长沙市 电信', 'SUCCESS', '登录成功', 1685177044733800449, 'yyqyyq', 1696988054293, NULL, NULL, NULL, 0);
INSERT INTO `login_log` (`id`, `username`, `ip`, `browser`, `os`, `engine`, `pro`, `pro_code`, `city`, `city_code`, `addr`, `status`, `remarks`, `create_by`, `create_username`, `create_time`, `update_by`, `update_username`, `update_time`, `is_del`) VALUES (1711920785850925057, 'heyzoe', '119.139.136.138', 'Chrome', 'OSX', 'Webkit', '广东省', '440000', '深圳市', '440300', '广东省深圳市 电信', 'SUCCESS', '登录成功', 1685176293110329345, 'heyzoe', 1696988695956, NULL, NULL, NULL, 0);
INSERT INTO `login_log` (`id`, `username`, `ip`, `browser`, `os`, `engine`, `pro`, `pro_code`, `city`, `city_code`, `addr`, `status`, `remarks`, `create_by`, `create_username`, `create_time`, `update_by`, `update_username`, `update_time`, `is_del`) VALUES (1711921196825608194, 'heyzoe', '119.139.136.138', 'Chrome', 'OSX', 'Webkit', '广东省', '440000', '深圳市', '440300', '广东省深圳市 电信', 'SUCCESS', '登录成功', 1685176293110329345, 'heyzoe', 1696988793939, NULL, NULL, NULL, 0);
INSERT INTO `login_log` (`id`, `username`, `ip`, `browser`, `os`, `engine`, `pro`, `pro_code`, `city`, `city_code`, `addr`, `status`, `remarks`, `create_by`, `create_username`, `create_time`, `update_by`, `update_username`, `update_time`, `is_del`) VALUES (1711922120881111041, 'heyzoe', '119.139.136.138', 'Chrome', 'OSX', 'Webkit', '广东省', '440000', '深圳市', '440300', '广东省深圳市 电信', 'SUCCESS', '登录成功', 1685176293110329345, 'heyzoe', 1696989014252, NULL, NULL, NULL, 0);
INSERT INTO `login_log` (`id`, `username`, `ip`, `browser`, `os`, `engine`, `pro`, `pro_code`, `city`, `city_code`, `addr`, `status`, `remarks`, `create_by`, `create_username`, `create_time`, `update_by`, `update_username`, `update_time`, `is_del`) VALUES (1712018617534640129, 'heyzoe', '119.139.136.138', 'Chrome', 'OSX', 'Webkit', '广东省', '440000', '深圳市', '440300', '广东省深圳市 电信', 'SUCCESS', '登录成功', 1685176293110329345, 'heyzoe', 1697012020846, NULL, NULL, NULL, 0);
INSERT INTO `login_log` (`id`, `username`, `ip`, `browser`, `os`, `engine`, `pro`, `pro_code`, `city`, `city_code`, `addr`, `status`, `remarks`, `create_by`, `create_username`, `create_time`, `update_by`, `update_username`, `update_time`, `is_del`) VALUES (1712082946346840066, 'yyqyyq', '118.250.74.55', 'Chrome', 'Windows 10 or Windows Server 2016', 'Webkit', '湖南省', '430000', '长沙市', '430100', '湖南省长沙市 电信', 'SUCCESS', '登录成功', 1685177044733800449, 'yyqyyq', 1697027358029, NULL, NULL, NULL, 0);
INSERT INTO `login_log` (`id`, `username`, `ip`, `browser`, `os`, `engine`, `pro`, `pro_code`, `city`, `city_code`, `addr`, `status`, `remarks`, `create_by`, `create_username`, `create_time`, `update_by`, `update_username`, `update_time`, `is_del`) VALUES (1712271300795428865, 'yyqyyq', '113.246.161.116', 'Chrome', 'Windows 10 or Windows Server 2016', 'Webkit', '湖南省', '430000', '长沙市', '430100', '湖南省长沙市 电信', 'SUCCESS', '登录成功', 1685177044733800449, 'yyqyyq', 1697072265229, NULL, NULL, NULL, 0);
INSERT INTO `login_log` (`id`, `username`, `ip`, `browser`, `os`, `engine`, `pro`, `pro_code`, `city`, `city_code`, `addr`, `status`, `remarks`, `create_by`, `create_username`, `create_time`, `update_by`, `update_username`, `update_time`, `is_del`) VALUES (1712311639040192514, 'heyzoe', '119.139.136.138', 'Chrome', 'OSX', 'Webkit', '广东省', '440000', '深圳市', '440300', '广东省深圳市 电信', 'SUCCESS', '登录成功', 1685176293110329345, 'heyzoe', 1697081882618, NULL, NULL, NULL, 0);
INSERT INTO `login_log` (`id`, `username`, `ip`, `browser`, `os`, `engine`, `pro`, `pro_code`, `city`, `city_code`, `addr`, `status`, `remarks`, `create_by`, `create_username`, `create_time`, `update_by`, `update_username`, `update_time`, `is_del`) VALUES (1712353592041664513, 'yyqyyq', '113.246.161.116', 'Chrome', 'Windows 10 or Windows Server 2016', 'Webkit', '湖南省', '430000', '长沙市', '430100', '湖南省长沙市 电信', 'SUCCESS', '登录成功', 1685177044733800449, 'yyqyyq', 1697091884991, NULL, NULL, NULL, 0);
INSERT INTO `login_log` (`id`, `username`, `ip`, `browser`, `os`, `engine`, `pro`, `pro_code`, `city`, `city_code`, `addr`, `status`, `remarks`, `create_by`, `create_username`, `create_time`, `update_by`, `update_username`, `update_time`, `is_del`) VALUES (1712357742099951618, 'yyqyyq', '113.246.161.116', 'Chrome', 'Windows 10 or Windows Server 2016', 'Webkit', '湖南省', '430000', '长沙市', '430100', '湖南省长沙市 电信', 'SUCCESS', '登录成功', 1685177044733800449, 'yyqyyq', 1697092874444, NULL, NULL, NULL, 0);
INSERT INTO `login_log` (`id`, `username`, `ip`, `browser`, `os`, `engine`, `pro`, `pro_code`, `city`, `city_code`, `addr`, `status`, `remarks`, `create_by`, `create_username`, `create_time`, `update_by`, `update_username`, `update_time`, `is_del`) VALUES (1712358345672880129, 'yyqyyq', '113.246.161.116', 'Chrome', 'Windows 10 or Windows Server 2016', 'Webkit', '湖南省', '430000', '长沙市', '430100', '湖南省长沙市 电信', 'SUCCESS', '登录成功', 1685177044733800449, 'yyqyyq', 1697093018346, NULL, NULL, NULL, 0);
INSERT INTO `login_log` (`id`, `username`, `ip`, `browser`, `os`, `engine`, `pro`, `pro_code`, `city`, `city_code`, `addr`, `status`, `remarks`, `create_by`, `create_username`, `create_time`, `update_by`, `update_username`, `update_time`, `is_del`) VALUES (1712362706226507777, 'yyqyyq', '113.246.161.116', 'Chrome', 'Windows 10 or Windows Server 2016', 'Webkit', '湖南省', '430000', '长沙市', '430100', '湖南省长沙市 电信', 'SUCCESS', '登录成功', 1685177044733800449, 'yyqyyq', 1697094057983, NULL, NULL, NULL, 0);
INSERT INTO `login_log` (`id`, `username`, `ip`, `browser`, `os`, `engine`, `pro`, `pro_code`, `city`, `city_code`, `addr`, `status`, `remarks`, `create_by`, `create_username`, `create_time`, `update_by`, `update_username`, `update_time`, `is_del`) VALUES (1712363144514498562, 'yyqyyq', '113.246.161.116', 'Chrome', 'Windows 10 or Windows Server 2016', 'Webkit', '湖南省', '430000', '长沙市', '430100', '湖南省长沙市 电信', 'SUCCESS', '登录成功', 1685177044733800449, 'yyqyyq', 1697094162478, NULL, NULL, NULL, 0);
INSERT INTO `login_log` (`id`, `username`, `ip`, `browser`, `os`, `engine`, `pro`, `pro_code`, `city`, `city_code`, `addr`, `status`, `remarks`, `create_by`, `create_username`, `create_time`, `update_by`, `update_username`, `update_time`, `is_del`) VALUES (1712364009539366914, 'yyqyyq', '113.246.161.116', 'Chrome', 'Windows 10 or Windows Server 2016', 'Webkit', '湖南省', '430000', '长沙市', '430100', '湖南省长沙市 电信', 'SUCCESS', '登录成功', 1685177044733800449, 'yyqyyq', 1697094368716, NULL, NULL, NULL, 0);
INSERT INTO `login_log` (`id`, `username`, `ip`, `browser`, `os`, `engine`, `pro`, `pro_code`, `city`, `city_code`, `addr`, `status`, `remarks`, `create_by`, `create_username`, `create_time`, `update_by`, `update_username`, `update_time`, `is_del`) VALUES (1712364209779634177, 'heyzoe', '119.139.136.138', 'Chrome', 'OSX', 'Webkit', '广东省', '440000', '深圳市', '440300', '广东省深圳市 电信', 'SUCCESS', '登录成功', 1685176293110329345, 'heyzoe', 1697094416458, NULL, NULL, NULL, 0);
INSERT INTO `login_log` (`id`, `username`, `ip`, `browser`, `os`, `engine`, `pro`, `pro_code`, `city`, `city_code`, `addr`, `status`, `remarks`, `create_by`, `create_username`, `create_time`, `update_by`, `update_username`, `update_time`, `is_del`) VALUES (1712366652743610369, 'yyqyyq', '113.246.161.116', 'Chrome', 'Windows 10 or Windows Server 2016', 'Webkit', '湖南省', '430000', '长沙市', '430100', '湖南省长沙市 电信', 'SUCCESS', '登录成功', 1685177044733800449, 'yyqyyq', 1697094998905, NULL, NULL, NULL, 0);
INSERT INTO `login_log` (`id`, `username`, `ip`, `browser`, `os`, `engine`, `pro`, `pro_code`, `city`, `city_code`, `addr`, `status`, `remarks`, `create_by`, `create_username`, `create_time`, `update_by`, `update_username`, `update_time`, `is_del`) VALUES (1712367080315154433, 'yyqyyq', '113.246.161.116', 'Chrome', 'Windows 10 or Windows Server 2016', 'Webkit', '湖南省', '430000', '长沙市', '430100', '湖南省长沙市 电信', 'SUCCESS', '登录成功', 1685177044733800449, 'yyqyyq', 1697095100846, NULL, NULL, NULL, 0);
INSERT INTO `login_log` (`id`, `username`, `ip`, `browser`, `os`, `engine`, `pro`, `pro_code`, `city`, `city_code`, `addr`, `status`, `remarks`, `create_by`, `create_username`, `create_time`, `update_by`, `update_username`, `update_time`, `is_del`) VALUES (1712367486348947458, 'yyqyyq', '113.246.161.116', 'Chrome', 'Windows 10 or Windows Server 2016', 'Webkit', '湖南省', '430000', '长沙市', '430100', '湖南省长沙市 电信', 'SUCCESS', '登录成功', 1685177044733800449, 'yyqyyq', 1697095197652, NULL, NULL, NULL, 0);
INSERT INTO `login_log` (`id`, `username`, `ip`, `browser`, `os`, `engine`, `pro`, `pro_code`, `city`, `city_code`, `addr`, `status`, `remarks`, `create_by`, `create_username`, `create_time`, `update_by`, `update_username`, `update_time`, `is_del`) VALUES (1712368453442203649, 'yyqyyq', '113.246.161.116', 'Chrome', 'Windows 10 or Windows Server 2016', 'Webkit', '湖南省', '430000', '长沙市', '430100', '湖南省长沙市 电信', 'SUCCESS', '登录成功', 1685177044733800449, 'yyqyyq', 1697095428225, NULL, NULL, NULL, 0);
INSERT INTO `login_log` (`id`, `username`, `ip`, `browser`, `os`, `engine`, `pro`, `pro_code`, `city`, `city_code`, `addr`, `status`, `remarks`, `create_by`, `create_username`, `create_time`, `update_by`, `update_username`, `update_time`, `is_del`) VALUES (1712368867566809090, 'yyqyyq', '113.246.161.116', 'Chrome', 'Windows 10 or Windows Server 2016', 'Webkit', '湖南省', '430000', '长沙市', '430100', '湖南省长沙市 电信', 'SUCCESS', '登录成功', 1685177044733800449, 'yyqyyq', 1697095526960, NULL, NULL, NULL, 0);
INSERT INTO `login_log` (`id`, `username`, `ip`, `browser`, `os`, `engine`, `pro`, `pro_code`, `city`, `city_code`, `addr`, `status`, `remarks`, `create_by`, `create_username`, `create_time`, `update_by`, `update_username`, `update_time`, `is_del`) VALUES (1712394299892690945, 'yyqyyq', '113.246.161.116', 'Chrome', 'Windows 10 or Windows Server 2016', 'Webkit', '湖南省', '430000', '长沙市', '430100', '湖南省长沙市 电信', 'SUCCESS', '登录成功', 1685177044733800449, 'yyqyyq', 1697101590500, NULL, NULL, NULL, 0);
INSERT INTO `login_log` (`id`, `username`, `ip`, `browser`, `os`, `engine`, `pro`, `pro_code`, `city`, `city_code`, `addr`, `status`, `remarks`, `create_by`, `create_username`, `create_time`, `update_by`, `update_username`, `update_time`, `is_del`) VALUES (1712396796128522242, 'heyzoe', '119.139.136.138', 'Chrome', 'OSX', 'Webkit', '广东省', '440000', '深圳市', '440300', '广东省深圳市 电信', 'SUCCESS', '登录成功', 1685176293110329345, 'heyzoe', 1697102185649, NULL, NULL, NULL, 0);
INSERT INTO `login_log` (`id`, `username`, `ip`, `browser`, `os`, `engine`, `pro`, `pro_code`, `city`, `city_code`, `addr`, `status`, `remarks`, `create_by`, `create_username`, `create_time`, `update_by`, `update_username`, `update_time`, `is_del`) VALUES (1712403068907286529, 'yyqyyq', '113.246.161.116', 'Chrome', 'Windows 10 or Windows Server 2016', 'Webkit', '湖南省', '430000', '长沙市', '430100', '湖南省长沙市 电信', 'SUCCESS', '登录成功', 1685177044733800449, 'yyqyyq', 1697103681195, NULL, NULL, NULL, 0);
INSERT INTO `login_log` (`id`, `username`, `ip`, `browser`, `os`, `engine`, `pro`, `pro_code`, `city`, `city_code`, `addr`, `status`, `remarks`, `create_by`, `create_username`, `create_time`, `update_by`, `update_username`, `update_time`, `is_del`) VALUES (1712407806507839490, 'yyqyyq', '113.246.161.116', 'Chrome', 'Windows 10 or Windows Server 2016', 'Webkit', '湖南省', '430000', '长沙市', '430100', '湖南省长沙市 电信', 'SUCCESS', '登录成功', 1685177044733800449, 'yyqyyq', 1697104810727, NULL, NULL, NULL, 0);
INSERT INTO `login_log` (`id`, `username`, `ip`, `browser`, `os`, `engine`, `pro`, `pro_code`, `city`, `city_code`, `addr`, `status`, `remarks`, `create_by`, `create_username`, `create_time`, `update_by`, `update_username`, `update_time`, `is_del`) VALUES (1712408400253513730, 'heyzoe', '119.139.136.138', 'Chrome', 'OSX', 'Webkit', '广东省', '440000', '深圳市', '440300', '广东省深圳市 电信', 'SUCCESS', '登录成功', 1685176293110329345, 'heyzoe', 1697104952288, NULL, NULL, NULL, 0);
INSERT INTO `login_log` (`id`, `username`, `ip`, `browser`, `os`, `engine`, `pro`, `pro_code`, `city`, `city_code`, `addr`, `status`, `remarks`, `create_by`, `create_username`, `create_time`, `update_by`, `update_username`, `update_time`, `is_del`) VALUES (1712636956871061505, 'yyqyyq', '113.246.161.116', 'Chrome', 'Windows 10 or Windows Server 2016', 'Webkit', '湖南省', '430000', '长沙市', '430100', '湖南省长沙市 电信', 'SUCCESS', '登录成功', 1685177044733800449, 'yyqyyq', 1697159444433, NULL, NULL, NULL, 0);
INSERT INTO `login_log` (`id`, `username`, `ip`, `browser`, `os`, `engine`, `pro`, `pro_code`, `city`, `city_code`, `addr`, `status`, `remarks`, `create_by`, `create_username`, `create_time`, `update_by`, `update_username`, `update_time`, `is_del`) VALUES (1712769055020118017, 'heyzoe', '119.139.136.138', 'Chrome', 'OSX', 'Webkit', '广东省', '440000', '深圳市', '440300', '广东省深圳市 电信', 'SUCCESS', '登录成功', 1685176293110329345, 'heyzoe', 1697190939084, NULL, NULL, NULL, 0);
INSERT INTO `login_log` (`id`, `username`, `ip`, `browser`, `os`, `engine`, `pro`, `pro_code`, `city`, `city_code`, `addr`, `status`, `remarks`, `create_by`, `create_username`, `create_time`, `update_by`, `update_username`, `update_time`, `is_del`) VALUES (1713106543546765313, 'heyzoe', '113.88.110.194', 'Chrome', 'OSX', 'Webkit', '广东省', '440000', '深圳市', '440300', '广东省深圳市 电信', 'SUCCESS', '登录成功', 1685176293110329345, 'heyzoe', 1697271402622, NULL, NULL, NULL, 0);
INSERT INTO `login_log` (`id`, `username`, `ip`, `browser`, `os`, `engine`, `pro`, `pro_code`, `city`, `city_code`, `addr`, `status`, `remarks`, `create_by`, `create_username`, `create_time`, `update_by`, `update_username`, `update_time`, `is_del`) VALUES (1713106652904853505, 'heyzoe', '113.88.110.194', 'Chrome', 'OSX', 'Webkit', '广东省', '440000', '深圳市', '440300', '广东省深圳市 电信', 'SUCCESS', '登录成功', 1685176293110329345, 'heyzoe', 1697271428693, NULL, NULL, NULL, 0);
INSERT INTO `login_log` (`id`, `username`, `ip`, `browser`, `os`, `engine`, `pro`, `pro_code`, `city`, `city_code`, `addr`, `status`, `remarks`, `create_by`, `create_username`, `create_time`, `update_by`, `update_username`, `update_time`, `is_del`) VALUES (1713106761029816321, 'heyzoe', '113.88.110.194', 'Chrome', 'OSX', 'Webkit', '广东省', '440000', '深圳市', '440300', '广东省深圳市 电信', 'SUCCESS', '登录成功', 1685176293110329345, 'heyzoe', 1697271454473, NULL, NULL, NULL, 0);
INSERT INTO `login_log` (`id`, `username`, `ip`, `browser`, `os`, `engine`, `pro`, `pro_code`, `city`, `city_code`, `addr`, `status`, `remarks`, `create_by`, `create_username`, `create_time`, `update_by`, `update_username`, `update_time`, `is_del`) VALUES (1713123195088834561, 'heyzoe', '113.88.110.194', 'Chrome', 'OSX', 'Webkit', '广东省', '440000', '深圳市', '440300', '广东省深圳市 电信', 'SUCCESS', '登录成功', 1685176293110329345, 'heyzoe', 1697275372656, NULL, NULL, NULL, 0);
INSERT INTO `login_log` (`id`, `username`, `ip`, `browser`, `os`, `engine`, `pro`, `pro_code`, `city`, `city_code`, `addr`, `status`, `remarks`, `create_by`, `create_username`, `create_time`, `update_by`, `update_username`, `update_time`, `is_del`) VALUES (1713149280027447298, 'heyzoe', '113.88.110.194', 'Chrome', 'OSX', 'Webkit', '广东省', '440000', '深圳市', '440300', '广东省深圳市 电信', 'SUCCESS', '登录成功', 1685176293110329345, 'heyzoe', 1697281591791, NULL, NULL, NULL, 0);
INSERT INTO `login_log` (`id`, `username`, `ip`, `browser`, `os`, `engine`, `pro`, `pro_code`, `city`, `city_code`, `addr`, `status`, `remarks`, `create_by`, `create_username`, `create_time`, `update_by`, `update_username`, `update_time`, `is_del`) VALUES (1713152615015026690, 'heyzoe', '113.88.110.194', 'Chrome', 'OSX', 'Webkit', '广东省', '440000', '深圳市', '440300', '广东省深圳市 电信', 'SUCCESS', '登录成功', 1685176293110329345, 'heyzoe', 1697282386914, NULL, NULL, NULL, 0);
INSERT INTO `login_log` (`id`, `username`, `ip`, `browser`, `os`, `engine`, `pro`, `pro_code`, `city`, `city_code`, `addr`, `status`, `remarks`, `create_by`, `create_username`, `create_time`, `update_by`, `update_username`, `update_time`, `is_del`) VALUES (1713721146408472578, 'yyqyyq', '58.20.77.41', 'Chrome', 'Windows 10 or Windows Server 2016', 'Webkit', '湖南省', '430000', '长沙市', '430100', '湖南省长沙市 联通', 'SUCCESS', '登录成功', 1685177044733800449, 'yyqyyq', 1697417935364, NULL, NULL, NULL, 0);
INSERT INTO `login_log` (`id`, `username`, `ip`, `browser`, `os`, `engine`, `pro`, `pro_code`, `city`, `city_code`, `addr`, `status`, `remarks`, `create_by`, `create_username`, `create_time`, `update_by`, `update_username`, `update_time`, `is_del`) VALUES (1713731813035249666, 'heyzoe', '119.122.91.108', 'Chrome', 'OSX', 'Webkit', '广东省', '440000', '深圳市', '440300', '广东省深圳市 电信', 'SUCCESS', '登录成功', 1685176293110329345, 'heyzoe', 1697420478482, NULL, NULL, NULL, 0);
INSERT INTO `login_log` (`id`, `username`, `ip`, `browser`, `os`, `engine`, `pro`, `pro_code`, `city`, `city_code`, `addr`, `status`, `remarks`, `create_by`, `create_username`, `create_time`, `update_by`, `update_username`, `update_time`, `is_del`) VALUES (1713739194334982146, 'yyqyyq', '58.20.77.41', 'Chrome', 'Windows 10 or Windows Server 2016', 'Webkit', '湖南省', '430000', '长沙市', '430100', '湖南省长沙市 联通', 'SUCCESS', '登录成功', 1685177044733800449, 'yyqyyq', 1697422238325, NULL, NULL, NULL, 0);
INSERT INTO `login_log` (`id`, `username`, `ip`, `browser`, `os`, `engine`, `pro`, `pro_code`, `city`, `city_code`, `addr`, `status`, `remarks`, `create_by`, `create_username`, `create_time`, `update_by`, `update_username`, `update_time`, `is_del`) VALUES (1713796580059918337, 'heyzoe', '119.122.91.108', 'Chrome', 'OSX', 'Webkit', '广东省', '440000', '深圳市', '440300', '广东省深圳市 电信', 'SUCCESS', '登录成功', 1685176293110329345, 'heyzoe', 1697435920144, NULL, NULL, NULL, 0);
INSERT INTO `login_log` (`id`, `username`, `ip`, `browser`, `os`, `engine`, `pro`, `pro_code`, `city`, `city_code`, `addr`, `status`, `remarks`, `create_by`, `create_username`, `create_time`, `update_by`, `update_username`, `update_time`, `is_del`) VALUES (1713806147355422721, 'yyqyyq', '58.20.77.41', 'Chrome', 'Windows 10 or Windows Server 2016', 'Webkit', '湖南省', '430000', '长沙市', '430100', '湖南省长沙市 联通', 'SUCCESS', '登录成功', 1685177044733800449, 'yyqyyq', 1697438201166, NULL, NULL, NULL, 0);
INSERT INTO `login_log` (`id`, `username`, `ip`, `browser`, `os`, `engine`, `pro`, `pro_code`, `city`, `city_code`, `addr`, `status`, `remarks`, `create_by`, `create_username`, `create_time`, `update_by`, `update_username`, `update_time`, `is_del`) VALUES (1713827677300862977, 'heyzoe', '119.122.91.108', 'Chrome', 'OSX', 'Webkit', '广东省', '440000', '深圳市', '440300', '广东省深圳市 电信', 'SUCCESS', '登录成功', 1685176293110329345, 'heyzoe', 1697443334304, NULL, NULL, NULL, 0);
INSERT INTO `login_log` (`id`, `username`, `ip`, `browser`, `os`, `engine`, `pro`, `pro_code`, `city`, `city_code`, `addr`, `status`, `remarks`, `create_by`, `create_username`, `create_time`, `update_by`, `update_username`, `update_time`, `is_del`) VALUES (1713857152373764097, 'heyzoe', '119.122.91.108', 'Chrome', 'OSX', 'Webkit', '广东省', '440000', '深圳市', '440300', '广东省深圳市 电信', 'SUCCESS', '登录成功', 1685176293110329345, 'heyzoe', 1697450361710, NULL, NULL, NULL, 0);
INSERT INTO `login_log` (`id`, `username`, `ip`, `browser`, `os`, `engine`, `pro`, `pro_code`, `city`, `city_code`, `addr`, `status`, `remarks`, `create_by`, `create_username`, `create_time`, `update_by`, `update_username`, `update_time`, `is_del`) VALUES (1714164489609396225, 'heyzoe', '119.122.91.108', 'Chrome', 'OSX', 'Webkit', '广东省', '440000', '深圳市', '440300', '广东省深圳市 电信', 'SUCCESS', '登录成功', 1685176293110329345, 'heyzoe', 1697523636620, NULL, NULL, NULL, 0);
INSERT INTO `login_log` (`id`, `username`, `ip`, `browser`, `os`, `engine`, `pro`, `pro_code`, `city`, `city_code`, `addr`, `status`, `remarks`, `create_by`, `create_username`, `create_time`, `update_by`, `update_username`, `update_time`, `is_del`) VALUES (1714211001433440257, 'yyqyyq', '58.20.77.41', 'Chrome', 'Windows 10 or Windows Server 2016', 'Webkit', '湖南省', '430000', '长沙市', '430100', '湖南省长沙市 联通', 'SUCCESS', '登录成功', 1685177044733800449, 'yyqyyq', 1697534725901, NULL, NULL, NULL, 0);
INSERT INTO `login_log` (`id`, `username`, `ip`, `browser`, `os`, `engine`, `pro`, `pro_code`, `city`, `city_code`, `addr`, `status`, `remarks`, `create_by`, `create_username`, `create_time`, `update_by`, `update_username`, `update_time`, `is_del`) VALUES (1714250637543227394, 'yyqyyq', '58.20.77.41', 'Chrome', 'Windows 10 or Windows Server 2016', 'Webkit', '湖南省', '430000', '长沙市', '430100', '湖南省长沙市 联通', 'SUCCESS', '登录成功', 1685177044733800449, 'yyqyyq', 1697544175886, NULL, NULL, NULL, 0);
INSERT INTO `login_log` (`id`, `username`, `ip`, `browser`, `os`, `engine`, `pro`, `pro_code`, `city`, `city_code`, `addr`, `status`, `remarks`, `create_by`, `create_username`, `create_time`, `update_by`, `update_username`, `update_time`, `is_del`) VALUES (1714271158481731585, 'heyzoe', '121.35.99.219', 'Chrome', 'OSX', 'Webkit', '广东省', '440000', '深圳市', '440300', '广东省深圳市宝安区 电信', 'SUCCESS', '登录成功', 1685176293110329345, 'heyzoe', 1697549068459, NULL, NULL, NULL, 0);
INSERT INTO `login_log` (`id`, `username`, `ip`, `browser`, `os`, `engine`, `pro`, `pro_code`, `city`, `city_code`, `addr`, `status`, `remarks`, `create_by`, `create_username`, `create_time`, `update_by`, `update_username`, `update_time`, `is_del`) VALUES (1714271489009664002, 'heyzoe', '121.35.99.219', 'Chrome', 'OSX', 'Webkit', '广东省', '440000', '深圳市', '440300', '广东省深圳市宝安区 电信', 'SUCCESS', '登录成功', 1685176293110329345, 'heyzoe', 1697549147262, NULL, NULL, NULL, 0);
INSERT INTO `login_log` (`id`, `username`, `ip`, `browser`, `os`, `engine`, `pro`, `pro_code`, `city`, `city_code`, `addr`, `status`, `remarks`, `create_by`, `create_username`, `create_time`, `update_by`, `update_username`, `update_time`, `is_del`) VALUES (1714277133259390977, 'heyzoe', '121.35.99.219', 'Chrome', 'OSX', 'Webkit', '广东省', '440000', '深圳市', '440300', '广东省深圳市宝安区 电信', 'SUCCESS', '登录成功', 1685176293110329345, 'heyzoe', 1697550492955, NULL, NULL, NULL, 0);
INSERT INTO `login_log` (`id`, `username`, `ip`, `browser`, `os`, `engine`, `pro`, `pro_code`, `city`, `city_code`, `addr`, `status`, `remarks`, `create_by`, `create_username`, `create_time`, `update_by`, `update_username`, `update_time`, `is_del`) VALUES (1714446753467482114, 'yyqyyq', '58.20.77.41', 'Chrome', 'Windows 10 or Windows Server 2016', 'Webkit', '湖南省', '430000', '长沙市', '430100', '湖南省长沙市 联通', 'SUCCESS', '登录成功', 1685177044733800449, 'yyqyyq', 1697590933565, NULL, NULL, NULL, 0);
INSERT INTO `login_log` (`id`, `username`, `ip`, `browser`, `os`, `engine`, `pro`, `pro_code`, `city`, `city_code`, `addr`, `status`, `remarks`, `create_by`, `create_username`, `create_time`, `update_by`, `update_username`, `update_time`, `is_del`) VALUES (1714446995088752641, 'yyqyyq', '58.20.77.41', 'Chrome', 'Windows 10 or Windows Server 2016', 'Webkit', '湖南省', '430000', '长沙市', '430100', '湖南省长沙市 联通', 'SUCCESS', '登录成功', 1685177044733800449, 'yyqyyq', 1697590991172, NULL, NULL, NULL, 0);
INSERT INTO `login_log` (`id`, `username`, `ip`, `browser`, `os`, `engine`, `pro`, `pro_code`, `city`, `city_code`, `addr`, `status`, `remarks`, `create_by`, `create_username`, `create_time`, `update_by`, `update_username`, `update_time`, `is_del`) VALUES (1714447251855654913, 'admin_user', '119.122.91.108', 'Chrome', 'OSX', 'Webkit', '广东省', '440000', '深圳市', '440300', '广东省深圳市 电信', 'SUCCESS', '登录成功', 1714269286131834881, 'admin_user', 1697591052392, NULL, NULL, NULL, 0);
INSERT INTO `login_log` (`id`, `username`, `ip`, `browser`, `os`, `engine`, `pro`, `pro_code`, `city`, `city_code`, `addr`, `status`, `remarks`, `create_by`, `create_username`, `create_time`, `update_by`, `update_username`, `update_time`, `is_del`) VALUES (1714447345371856897, 'yyqyyq', '58.20.77.41', 'Chrome', 'Windows 10 or Windows Server 2016', 'Webkit', '湖南省', '430000', '长沙市', '430100', '湖南省长沙市 联通', 'SUCCESS', '登录成功', 1685177044733800449, 'yyqyyq', 1697591074687, NULL, NULL, NULL, 0);
INSERT INTO `login_log` (`id`, `username`, `ip`, `browser`, `os`, `engine`, `pro`, `pro_code`, `city`, `city_code`, `addr`, `status`, `remarks`, `create_by`, `create_username`, `create_time`, `update_by`, `update_username`, `update_time`, `is_del`) VALUES (1714447511298523137, 'admin_user', '58.20.77.41', 'Chrome', 'Windows 10 or Windows Server 2016', 'Webkit', '湖南省', '430000', '长沙市', '430100', '湖南省长沙市 联通', 'SUCCESS', '登录成功', 1714269286131834881, 'admin_user', 1697591114246, NULL, NULL, NULL, 0);
INSERT INTO `login_log` (`id`, `username`, `ip`, `browser`, `os`, `engine`, `pro`, `pro_code`, `city`, `city_code`, `addr`, `status`, `remarks`, `create_by`, `create_username`, `create_time`, `update_by`, `update_username`, `update_time`, `is_del`) VALUES (1714448125583704066, 'yyqyyq', '58.20.77.41', 'Chrome', 'Windows 10 or Windows Server 2016', 'Webkit', '湖南省', '430000', '长沙市', '430100', '湖南省长沙市 联通', 'SUCCESS', '登录成功', 1685177044733800449, 'yyqyyq', 1697591260704, NULL, NULL, NULL, 0);
INSERT INTO `login_log` (`id`, `username`, `ip`, `browser`, `os`, `engine`, `pro`, `pro_code`, `city`, `city_code`, `addr`, `status`, `remarks`, `create_by`, `create_username`, `create_time`, `update_by`, `update_username`, `update_time`, `is_del`) VALUES (1714448145536008194, 'heyzoe', '119.122.91.108', 'Chrome', 'OSX', 'Webkit', '广东省', '440000', '深圳市', '440300', '广东省深圳市 电信', 'SUCCESS', '登录成功', 1685176293110329345, 'heyzoe', 1697591265459, NULL, NULL, NULL, 0);
INSERT INTO `login_log` (`id`, `username`, `ip`, `browser`, `os`, `engine`, `pro`, `pro_code`, `city`, `city_code`, `addr`, `status`, `remarks`, `create_by`, `create_username`, `create_time`, `update_by`, `update_username`, `update_time`, `is_del`) VALUES (1714448609283424257, 'yyqyyq', '58.20.77.41', 'Chrome', 'Windows 10 or Windows Server 2016', 'Webkit', '湖南省', '430000', '长沙市', '430100', '湖南省长沙市 联通', 'SUCCESS', '登录成功', 1685177044733800449, 'yyqyyq', 1697591376025, NULL, NULL, NULL, 0);
INSERT INTO `login_log` (`id`, `username`, `ip`, `browser`, `os`, `engine`, `pro`, `pro_code`, `city`, `city_code`, `addr`, `status`, `remarks`, `create_by`, `create_username`, `create_time`, `update_by`, `update_username`, `update_time`, `is_del`) VALUES (1714449326459076609, 'yyqyyq', '58.20.77.41', 'Chrome', 'Windows 10 or Windows Server 2016', 'Webkit', '湖南省', '430000', '长沙市', '430100', '湖南省长沙市 联通', 'SUCCESS', '登录成功', 1685177044733800449, 'yyqyyq', 1697591547015, NULL, NULL, NULL, 0);
INSERT INTO `login_log` (`id`, `username`, `ip`, `browser`, `os`, `engine`, `pro`, `pro_code`, `city`, `city_code`, `addr`, `status`, `remarks`, `create_by`, `create_username`, `create_time`, `update_by`, `update_username`, `update_time`, `is_del`) VALUES (1714449491660128257, 'yyqyyq', '58.20.77.41', 'Chrome', 'Windows 10 or Windows Server 2016', 'Webkit', '湖南省', '430000', '长沙市', '430100', '湖南省长沙市 联通', 'SUCCESS', '登录成功', 1685177044733800449, 'yyqyyq', 1697591586401, NULL, NULL, NULL, 0);
INSERT INTO `login_log` (`id`, `username`, `ip`, `browser`, `os`, `engine`, `pro`, `pro_code`, `city`, `city_code`, `addr`, `status`, `remarks`, `create_by`, `create_username`, `create_time`, `update_by`, `update_username`, `update_time`, `is_del`) VALUES (1714449548987875330, 'yyqyyq', '58.20.77.41', 'Chrome', 'Windows 10 or Windows Server 2016', 'Webkit', '湖南省', '430000', '长沙市', '430100', '湖南省长沙市 联通', 'SUCCESS', '登录成功', 1685177044733800449, 'yyqyyq', 1697591600069, NULL, NULL, NULL, 0);
INSERT INTO `login_log` (`id`, `username`, `ip`, `browser`, `os`, `engine`, `pro`, `pro_code`, `city`, `city_code`, `addr`, `status`, `remarks`, `create_by`, `create_username`, `create_time`, `update_by`, `update_username`, `update_time`, `is_del`) VALUES (1714449637923897346, 'yyqyyq', '58.20.77.41', 'Chrome', 'Windows 10 or Windows Server 2016', 'Webkit', '湖南省', '430000', '长沙市', '430100', '湖南省长沙市 联通', 'SUCCESS', '登录成功', 1685177044733800449, 'yyqyyq', 1697591621274, NULL, NULL, NULL, 0);
INSERT INTO `login_log` (`id`, `username`, `ip`, `browser`, `os`, `engine`, `pro`, `pro_code`, `city`, `city_code`, `addr`, `status`, `remarks`, `create_by`, `create_username`, `create_time`, `update_by`, `update_username`, `update_time`, `is_del`) VALUES (1714449887975718913, 'yyqyyq', '58.20.77.41', 'Chrome', 'Windows 10 or Windows Server 2016', 'Webkit', '湖南省', '430000', '长沙市', '430100', '湖南省长沙市 联通', 'SUCCESS', '登录成功', 1685177044733800449, 'yyqyyq', 1697591680890, NULL, NULL, NULL, 0);
INSERT INTO `login_log` (`id`, `username`, `ip`, `browser`, `os`, `engine`, `pro`, `pro_code`, `city`, `city_code`, `addr`, `status`, `remarks`, `create_by`, `create_username`, `create_time`, `update_by`, `update_username`, `update_time`, `is_del`) VALUES (1714450051754901506, 'yyqyyq', '58.20.77.41', 'Chrome', 'Windows 10 or Windows Server 2016', 'Webkit', '湖南省', '430000', '长沙市', '430100', '湖南省长沙市 联通', 'SUCCESS', '登录成功', 1685177044733800449, 'yyqyyq', 1697591719939, NULL, NULL, NULL, 0);
INSERT INTO `login_log` (`id`, `username`, `ip`, `browser`, `os`, `engine`, `pro`, `pro_code`, `city`, `city_code`, `addr`, `status`, `remarks`, `create_by`, `create_username`, `create_time`, `update_by`, `update_username`, `update_time`, `is_del`) VALUES (1714455259943813121, 'heyzoe', '119.122.91.108', 'Chrome', 'OSX', 'Webkit', '广东省', '440000', '深圳市', '440300', '广东省深圳市 电信', 'SUCCESS', '登录成功', 1685176293110329345, 'heyzoe', 1697592961668, NULL, NULL, NULL, 0);
INSERT INTO `login_log` (`id`, `username`, `ip`, `browser`, `os`, `engine`, `pro`, `pro_code`, `city`, `city_code`, `addr`, `status`, `remarks`, `create_by`, `create_username`, `create_time`, `update_by`, `update_username`, `update_time`, `is_del`) VALUES (1714455658448830466, 'admin_user', '119.122.91.108', 'Chrome', 'OSX', 'Webkit', '广东省', '440000', '深圳市', '440300', '广东省深圳市 电信', 'SUCCESS', '登录成功', 1714269286131834881, 'admin_user', 1697593056679, NULL, NULL, NULL, 0);
INSERT INTO `login_log` (`id`, `username`, `ip`, `browser`, `os`, `engine`, `pro`, `pro_code`, `city`, `city_code`, `addr`, `status`, `remarks`, `create_by`, `create_username`, `create_time`, `update_by`, `update_username`, `update_time`, `is_del`) VALUES (1714455917228998658, 'yyqyyq', '58.20.77.41', 'Chrome', 'Windows 10 or Windows Server 2016', 'Webkit', '湖南省', '430000', '长沙市', '430100', '湖南省长沙市 联通', 'SUCCESS', '登录成功', 1685177044733800449, 'yyqyyq', 1697593118377, NULL, NULL, NULL, 0);
INSERT INTO `login_log` (`id`, `username`, `ip`, `browser`, `os`, `engine`, `pro`, `pro_code`, `city`, `city_code`, `addr`, `status`, `remarks`, `create_by`, `create_username`, `create_time`, `update_by`, `update_username`, `update_time`, `is_del`) VALUES (1714456096325779458, 'admin_user', '58.20.77.41', 'Chrome', 'Windows 10 or Windows Server 2016', 'Webkit', '湖南省', '430000', '长沙市', '430100', '湖南省长沙市 联通', 'SUCCESS', '登录成功', 1714269286131834881, 'admin_user', 1697593161076, NULL, NULL, NULL, 0);
INSERT INTO `login_log` (`id`, `username`, `ip`, `browser`, `os`, `engine`, `pro`, `pro_code`, `city`, `city_code`, `addr`, `status`, `remarks`, `create_by`, `create_username`, `create_time`, `update_by`, `update_username`, `update_time`, `is_del`) VALUES (1714456344808931329, 'admin_user', '58.20.77.41', 'Chrome', 'Windows 10 or Windows Server 2016', 'Webkit', '湖南省', '430000', '长沙市', '430100', '湖南省长沙市 联通', 'SUCCESS', '登录成功', 1714269286131834881, 'admin_user', 1697593220318, NULL, NULL, NULL, 0);
INSERT INTO `login_log` (`id`, `username`, `ip`, `browser`, `os`, `engine`, `pro`, `pro_code`, `city`, `city_code`, `addr`, `status`, `remarks`, `create_by`, `create_username`, `create_time`, `update_by`, `update_username`, `update_time`, `is_del`) VALUES (1714456585507454978, 'admin_user', '58.20.77.41', 'Chrome', 'Windows 10 or Windows Server 2016', 'Webkit', '湖南省', '430000', '长沙市', '430100', '湖南省长沙市 联通', 'SUCCESS', '登录成功', 1714269286131834881, 'admin_user', 1697593277709, NULL, NULL, NULL, 0);
INSERT INTO `login_log` (`id`, `username`, `ip`, `browser`, `os`, `engine`, `pro`, `pro_code`, `city`, `city_code`, `addr`, `status`, `remarks`, `create_by`, `create_username`, `create_time`, `update_by`, `update_username`, `update_time`, `is_del`) VALUES (1714456663269851137, 'heyzoe', '119.122.91.108', 'Chrome', 'OSX', 'Webkit', '广东省', '440000', '深圳市', '440300', '广东省深圳市 电信', 'SUCCESS', '登录成功', 1685176293110329345, 'heyzoe', 1697593296247, NULL, NULL, NULL, 0);
INSERT INTO `login_log` (`id`, `username`, `ip`, `browser`, `os`, `engine`, `pro`, `pro_code`, `city`, `city_code`, `addr`, `status`, `remarks`, `create_by`, `create_username`, `create_time`, `update_by`, `update_username`, `update_time`, `is_del`) VALUES (1714458177472315393, 'admin_user', '58.20.77.41', 'Chrome', 'Windows 10 or Windows Server 2016', 'Webkit', '湖南省', '430000', '长沙市', '430100', '湖南省长沙市 联通', 'SUCCESS', '登录成功', 1714269286131834881, 'admin_user', 1697593657260, NULL, NULL, NULL, 0);
INSERT INTO `login_log` (`id`, `username`, `ip`, `browser`, `os`, `engine`, `pro`, `pro_code`, `city`, `city_code`, `addr`, `status`, `remarks`, `create_by`, `create_username`, `create_time`, `update_by`, `update_username`, `update_time`, `is_del`) VALUES (1714458683351515138, 'yyqyyq', '58.20.77.41', 'Chrome', 'Windows 10 or Windows Server 2016', 'Webkit', '湖南省', '430000', '长沙市', '430100', '湖南省长沙市 联通', 'SUCCESS', '登录成功', 1685177044733800449, 'yyqyyq', 1697593777871, NULL, NULL, NULL, 0);
INSERT INTO `login_log` (`id`, `username`, `ip`, `browser`, `os`, `engine`, `pro`, `pro_code`, `city`, `city_code`, `addr`, `status`, `remarks`, `create_by`, `create_username`, `create_time`, `update_by`, `update_username`, `update_time`, `is_del`) VALUES (1714458791585529857, 'admin_user', '119.122.91.108', 'Chrome', 'OSX', 'Webkit', '广东省', '440000', '深圳市', '440300', '广东省深圳市 电信', 'SUCCESS', '登录成功', 1714269286131834881, 'admin_user', 1697593803676, NULL, NULL, NULL, 0);
INSERT INTO `login_log` (`id`, `username`, `ip`, `browser`, `os`, `engine`, `pro`, `pro_code`, `city`, `city_code`, `addr`, `status`, `remarks`, `create_by`, `create_username`, `create_time`, `update_by`, `update_username`, `update_time`, `is_del`) VALUES (1714459051892424706, 'yyqyyq', '58.20.77.41', 'Chrome', 'Windows 10 or Windows Server 2016', 'Webkit', '湖南省', '430000', '长沙市', '430100', '湖南省长沙市 联通', 'SUCCESS', '登录成功', 1685177044733800449, 'yyqyyq', 1697593865739, NULL, NULL, NULL, 0);
INSERT INTO `login_log` (`id`, `username`, `ip`, `browser`, `os`, `engine`, `pro`, `pro_code`, `city`, `city_code`, `addr`, `status`, `remarks`, `create_by`, `create_username`, `create_time`, `update_by`, `update_username`, `update_time`, `is_del`) VALUES (1714459124898480130, 'admin_user', '119.122.91.108', 'Chrome', 'OSX', 'Webkit', '广东省', '440000', '深圳市', '440300', '广东省深圳市 电信', 'SUCCESS', '登录成功', 1714269286131834881, 'admin_user', 1697593883144, NULL, NULL, NULL, 0);
INSERT INTO `login_log` (`id`, `username`, `ip`, `browser`, `os`, `engine`, `pro`, `pro_code`, `city`, `city_code`, `addr`, `status`, `remarks`, `create_by`, `create_username`, `create_time`, `update_by`, `update_username`, `update_time`, `is_del`) VALUES (1714459336203321346, 'yyqyyq', '119.122.91.108', 'Chrome', 'OSX', 'Webkit', '广东省', '440000', '深圳市', '440300', '广东省深圳市 电信', 'SUCCESS', '登录成功', 1685177044733800449, 'yyqyyq', 1697593933523, NULL, NULL, NULL, 0);
INSERT INTO `login_log` (`id`, `username`, `ip`, `browser`, `os`, `engine`, `pro`, `pro_code`, `city`, `city_code`, `addr`, `status`, `remarks`, `create_by`, `create_username`, `create_time`, `update_by`, `update_username`, `update_time`, `is_del`) VALUES (1714459449290145794, 'admin_user', '119.122.91.108', 'Chrome', 'OSX', 'Webkit', '广东省', '440000', '深圳市', '440300', '广东省深圳市 电信', 'SUCCESS', '登录成功', 1714269286131834881, 'admin_user', 1697593960486, NULL, NULL, NULL, 0);
INSERT INTO `login_log` (`id`, `username`, `ip`, `browser`, `os`, `engine`, `pro`, `pro_code`, `city`, `city_code`, `addr`, `status`, `remarks`, `create_by`, `create_username`, `create_time`, `update_by`, `update_username`, `update_time`, `is_del`) VALUES (1714459579691057153, 'admin_user', '119.122.91.108', 'Chrome', 'OSX', 'Webkit', '广东省', '440000', '深圳市', '440300', '广东省深圳市 电信', 'SUCCESS', '登录成功', 1714269286131834881, 'admin_user', 1697593991574, NULL, NULL, NULL, 0);
INSERT INTO `login_log` (`id`, `username`, `ip`, `browser`, `os`, `engine`, `pro`, `pro_code`, `city`, `city_code`, `addr`, `status`, `remarks`, `create_by`, `create_username`, `create_time`, `update_by`, `update_username`, `update_time`, `is_del`) VALUES (1714460894559223809, 'yyqyyq', '58.20.77.41', 'Chrome', 'Windows 10 or Windows Server 2016', 'Webkit', '湖南省', '430000', '长沙市', '430100', '湖南省长沙市 联通', 'SUCCESS', '登录成功', 1685177044733800449, 'yyqyyq', 1697594305064, NULL, NULL, NULL, 0);
INSERT INTO `login_log` (`id`, `username`, `ip`, `browser`, `os`, `engine`, `pro`, `pro_code`, `city`, `city_code`, `addr`, `status`, `remarks`, `create_by`, `create_username`, `create_time`, `update_by`, `update_username`, `update_time`, `is_del`) VALUES (1714534757984911361, 'heyzoe', '127.0.0.1', 'Chrome', 'OSX', 'Webkit', '', '999999', '', '0', ' 本机地址', 'SUCCESS', '登录成功', 1685176293110329345, 'heyzoe', 1697611915477, NULL, NULL, NULL, 0);
INSERT INTO `login_log` (`id`, `username`, `ip`, `browser`, `os`, `engine`, `pro`, `pro_code`, `city`, `city_code`, `addr`, `status`, `remarks`, `create_by`, `create_username`, `create_time`, `update_by`, `update_username`, `update_time`, `is_del`) VALUES (1714534805749645313, 'yyqyyq', '127.0.0.1', 'Chrome', 'Windows 10 or Windows Server 2016', 'Webkit', '', '999999', '', '0', ' 本机地址', 'SUCCESS', '登录成功', 1685177044733800449, 'yyqyyq', 1697611926865, NULL, NULL, NULL, 0);
INSERT INTO `login_log` (`id`, `username`, `ip`, `browser`, `os`, `engine`, `pro`, `pro_code`, `city`, `city_code`, `addr`, `status`, `remarks`, `create_by`, `create_username`, `create_time`, `update_by`, `update_username`, `update_time`, `is_del`) VALUES (1714535459905880065, 'heyzoe', '127.0.0.1', 'Chrome', 'OSX', 'Webkit', '', '999999', '', '0', ' 本机地址', 'SUCCESS', '登录成功', 1685176293110329345, 'heyzoe', 1697612082828, NULL, NULL, NULL, 0);
INSERT INTO `login_log` (`id`, `username`, `ip`, `browser`, `os`, `engine`, `pro`, `pro_code`, `city`, `city_code`, `addr`, `status`, `remarks`, `create_by`, `create_username`, `create_time`, `update_by`, `update_username`, `update_time`, `is_del`) VALUES (1714536372246691841, 'heyzoe', '119.122.91.108', 'Chrome', 'OSX', 'Webkit', '广东省', '440000', '深圳市', '440300', '广东省深圳市 电信', 'SUCCESS', '登录成功', 1685176293110329345, 'heyzoe', 1697612300349, NULL, NULL, NULL, 0);
INSERT INTO `login_log` (`id`, `username`, `ip`, `browser`, `os`, `engine`, `pro`, `pro_code`, `city`, `city_code`, `addr`, `status`, `remarks`, `create_by`, `create_username`, `create_time`, `update_by`, `update_username`, `update_time`, `is_del`) VALUES (1714536841933242370, 'admin_user', '119.122.91.108', 'Chrome', 'OSX', 'Webkit', '广东省', '440000', '深圳市', '440300', '广东省深圳市 电信', 'SUCCESS', '登录成功', 1714269286131834881, 'admin_user', 1697612412328, NULL, NULL, NULL, 0);
INSERT INTO `login_log` (`id`, `username`, `ip`, `browser`, `os`, `engine`, `pro`, `pro_code`, `city`, `city_code`, `addr`, `status`, `remarks`, `create_by`, `create_username`, `create_time`, `update_by`, `update_username`, `update_time`, `is_del`) VALUES (1714586848006803457, 'heyzoe', '119.122.91.108', 'Chrome', 'OSX', 'Webkit', '广东省', '440000', '深圳市', '440300', '广东省深圳市 电信', 'SUCCESS', '登录成功', 1685176293110329345, 'heyzoe', 1697624334709, NULL, NULL, NULL, 0);
INSERT INTO `login_log` (`id`, `username`, `ip`, `browser`, `os`, `engine`, `pro`, `pro_code`, `city`, `city_code`, `addr`, `status`, `remarks`, `create_by`, `create_username`, `create_time`, `update_by`, `update_username`, `update_time`, `is_del`) VALUES (1714594291680055297, 'heyzoe', '113.116.35.28', 'MicroMessenger', 'iPhone', 'Webkit', '广东省', '440000', '深圳市', '440300', '广东省深圳市 电信', 'SUCCESS', '登录成功', 1685176293110329345, 'heyzoe', 1697626109416, NULL, NULL, NULL, 0);
COMMIT;

-- ----------------------------
-- Table structure for menu
-- ----------------------------
DROP TABLE IF EXISTS `menu`;
CREATE TABLE `menu` (
  `id` bigint NOT NULL COMMENT 'id',
  `parent_id` bigint NOT NULL COMMENT '父级菜单ID，为0则代表最上级菜单',
  `icon` varchar(100) CHARACTER SET utf8mb4 COLLATE utf8mb4_bin DEFAULT NULL COMMENT '菜单图标',
  `label` varchar(50) CHARACTER SET utf8mb4 COLLATE utf8mb4_bin NOT NULL COMMENT '菜单名称',
  `path` varchar(255) CHARACTER SET utf8mb4 COLLATE utf8mb4_bin DEFAULT NULL COMMENT '路由地址',
  `component` varchar(255) CHARACTER SET utf8mb4 COLLATE utf8mb4_bin DEFAULT NULL COMMENT '组件路径',
  `permission` varchar(255) CHARACTER SET utf8mb4 COLLATE utf8mb4_bin DEFAULT NULL COMMENT '权限字符',
  `type` int NOT NULL COMMENT '菜单类型 #1：目录，  2：菜单， 3：接口',
  `status` int NOT NULL DEFAULT '1' COMMENT '菜单状态 #1：正常， 2：禁用',
  `show_status` int NOT NULL DEFAULT '1' COMMENT '显示状态 #1：显示， 2：隐藏',
  `sort` int NOT NULL DEFAULT '0' COMMENT '排序',
  `remarks` varchar(255) CHARACTER SET utf8mb4 COLLATE utf8mb4_bin DEFAULT NULL COMMENT '备注',
  `create_by` bigint NOT NULL COMMENT '创建者',
  `create_username` varchar(20) CHARACTER SET utf8mb4 COLLATE utf8mb4_bin NOT NULL COMMENT '创建者账号',
  `create_time` bigint NOT NULL COMMENT '创建时间',
  `update_by` bigint DEFAULT NULL COMMENT '更新者',
  `update_username` varchar(255) CHARACTER SET utf8mb4 COLLATE utf8mb4_bin DEFAULT NULL COMMENT '更新者账号',
  `update_time` bigint DEFAULT NULL COMMENT '更新时间',
  `is_del` int NOT NULL DEFAULT '0' COMMENT '逻辑删除状态 0：未删除 1：已删除',
  PRIMARY KEY (`id`) USING BTREE
) ENGINE=InnoDB DEFAULT CHARSET=utf8mb4 COLLATE=utf8mb4_bin COMMENT='菜单';

-- ----------------------------
-- Records of menu
-- ----------------------------
BEGIN;
INSERT INTO `menu` (`id`, `parent_id`, `icon`, `label`, `path`, `component`, `permission`, `type`, `status`, `show_status`, `sort`, `remarks`, `create_by`, `create_username`, `create_time`, `update_by`, `update_username`, `update_time`, `is_del`) VALUES (1685591138083397634, 0, '', 'EasyBoot', '/home', '/home', 'easy:boot', 1, 1, 1, 1, '', 1685176293110329345, '', 1690711218751, 1685176293110329345, 'heyzoe', 1695561879390, 0);
INSERT INTO `menu` (`id`, `parent_id`, `icon`, `label`, `path`, `component`, `permission`, `type`, `status`, `show_status`, `sort`, `remarks`, `create_by`, `create_username`, `create_time`, `update_by`, `update_username`, `update_time`, `is_del`) VALUES (1685596540367912961, 1689159904759160833, 'el-icon-user', '用户管理', '/system/user', 'pages/system/user', 'admin:system:user', 2, 1, 1, 0, '', 1685176293110329345, '', 1690712506758, 1685176293110329345, 'heyzoe', 1697283195517, 0);
INSERT INTO `menu` (`id`, `parent_id`, `icon`, `label`, `path`, `component`, `permission`, `type`, `status`, `show_status`, `sort`, `remarks`, `create_by`, `create_username`, `create_time`, `update_by`, `update_username`, `update_time`, `is_del`) VALUES (1685596650506141698, 1685591138083397634, 's-order', '日志管理', '/log', 'Layout', 'admin:log', 1, 1, 1, 0, '', 1685176293110329345, '', 1690712533014, 1685176293110329345, 'heyzoe', 1696986700495, 0);
INSERT INTO `menu` (`id`, `parent_id`, `icon`, `label`, `path`, `component`, `permission`, `type`, `status`, `show_status`, `sort`, `remarks`, `create_by`, `create_username`, `create_time`, `update_by`, `update_username`, `update_time`, `is_del`) VALUES (1689159904759160833, 1685591138083397634, 'setting', '系统管理', '/system', 'Layout', 'admin:system', 1, 1, 1, 1, '', 1685177044733800449, '', 1691562079027, 1685177044733800449, 'yyqyyq', 1696757524213, 0);
INSERT INTO `menu` (`id`, `parent_id`, `icon`, `label`, `path`, `component`, `permission`, `type`, `status`, `show_status`, `sort`, `remarks`, `create_by`, `create_username`, `create_time`, `update_by`, `update_username`, `update_time`, `is_del`) VALUES (1702982791194517505, 1689159904759160833, 'user-solid', '角色管理', '/system/role', 'pages/system/role', 'admin:system:role', 2, 1, 1, 1, '', 1685177044733800449, 'yyq', 1694857711988, 1685176293110329345, 'heyzoe', 1697283201904, 0);
INSERT INTO `menu` (`id`, `parent_id`, `icon`, `label`, `path`, `component`, `permission`, `type`, `status`, `show_status`, `sort`, `remarks`, `create_by`, `create_username`, `create_time`, `update_by`, `update_username`, `update_time`, `is_del`) VALUES (1704870126362349569, 1689159904759160833, 'menu', '菜单管理', '/system/menu', 'pages/system/menu', 'admin:system:menu', 2, 1, 1, 2, '', 1685177044733800449, 'yyq', 1695307687744, 1685176293110329345, 'heyzoe', 1697283208340, 0);
INSERT INTO `menu` (`id`, `parent_id`, `icon`, `label`, `path`, `component`, `permission`, `type`, `status`, `show_status`, `sort`, `remarks`, `create_by`, `create_username`, `create_time`, `update_by`, `update_username`, `update_time`, `is_del`) VALUES (1705041758494162946, 1689159904759160833, 'el-icon-document', '字典管理', '/system/dict-domain', 'pages/system/dict-domain', 'admin:system:dict-domain', 2, 1, 1, 5, NULL, 1685177044733800449, 'yyqyyq', 1695348608028, 1685177044733800449, 'yyqyyq', 1696759002130, 0);
INSERT INTO `menu` (`id`, `parent_id`, `icon`, `label`, `path`, `component`, `permission`, `type`, `status`, `show_status`, `sort`, `remarks`, `create_by`, `create_username`, `create_time`, `update_by`, `update_username`, `update_time`, `is_del`) VALUES (1710936957422411778, 1689159904759160833, 's-grid', '部门管理', '/system/department', 'pages/system/department', 'admin:system:department', 2, 1, 1, 3, NULL, 1685177044733800449, 'yyqyyq', 1696754132993, 1685176293110329345, 'heyzoe', 1697283214388, 0);
INSERT INTO `menu` (`id`, `parent_id`, `icon`, `label`, `path`, `component`, `permission`, `type`, `status`, `show_status`, `sort`, `remarks`, `create_by`, `create_username`, `create_time`, `update_by`, `update_username`, `update_time`, `is_del`) VALUES (1711916876302409729, 1689159904759160833, 'suitcase', '岗位管理', '/system/post', 'pages/system/post', 'system:post', 2, 1, 1, 4, NULL, 1685176293110329345, 'heyzoe', 1696987763846, 1685177044733800449, 'yyqyyq', 1697423087364, 0);
INSERT INTO `menu` (`id`, `parent_id`, `icon`, `label`, `path`, `component`, `permission`, `type`, `status`, `show_status`, `sort`, `remarks`, `create_by`, `create_username`, `create_time`, `update_by`, `update_username`, `update_time`, `is_del`) VALUES (1711916876302409730, 1711916876302409729, NULL, '分页获取岗位列表', NULL, NULL, 'system:post:page', 3, 1, 1, 1, NULL, 1685176293110329345, 'heyzoe', 1696987763846, NULL, NULL, NULL, 0);
INSERT INTO `menu` (`id`, `parent_id`, `icon`, `label`, `path`, `component`, `permission`, `type`, `status`, `show_status`, `sort`, `remarks`, `create_by`, `create_username`, `create_time`, `update_by`, `update_username`, `update_time`, `is_del`) VALUES (1711916876306604034, 1711916876302409729, NULL, '获取岗位详情', NULL, NULL, 'system:post:detail', 3, 1, 1, 1, NULL, 1685176293110329345, 'heyzoe', 1696987763846, NULL, NULL, NULL, 0);
INSERT INTO `menu` (`id`, `parent_id`, `icon`, `label`, `path`, `component`, `permission`, `type`, `status`, `show_status`, `sort`, `remarks`, `create_by`, `create_username`, `create_time`, `update_by`, `update_username`, `update_time`, `is_del`) VALUES (1711916876306604035, 1711916876302409729, NULL, '创建岗位', NULL, NULL, 'system:post:create', 3, 1, 1, 1, NULL, 1685176293110329345, 'heyzoe', 1696987763846, NULL, NULL, NULL, 0);
INSERT INTO `menu` (`id`, `parent_id`, `icon`, `label`, `path`, `component`, `permission`, `type`, `status`, `show_status`, `sort`, `remarks`, `create_by`, `create_username`, `create_time`, `update_by`, `update_username`, `update_time`, `is_del`) VALUES (1711916876306604036, 1711916876302409729, NULL, '编辑岗位', NULL, NULL, 'system:post:update', 3, 1, 1, 1, NULL, 1685176293110329345, 'heyzoe', 1696987763846, NULL, NULL, NULL, 0);
INSERT INTO `menu` (`id`, `parent_id`, `icon`, `label`, `path`, `component`, `permission`, `type`, `status`, `show_status`, `sort`, `remarks`, `create_by`, `create_username`, `create_time`, `update_by`, `update_username`, `update_time`, `is_del`) VALUES (1711916876306604037, 1711916876302409729, NULL, '删除岗位', NULL, NULL, 'system:post:del', 3, 1, 1, 1, NULL, 1685176293110329345, 'heyzoe', 1696987763846, NULL, NULL, NULL, 0);
INSERT INTO `menu` (`id`, `parent_id`, `icon`, `label`, `path`, `component`, `permission`, `type`, `status`, `show_status`, `sort`, `remarks`, `create_by`, `create_username`, `create_time`, `update_by`, `update_username`, `update_time`, `is_del`) VALUES (1711916876306604038, 1711916876302409729, NULL, '批量删除岗位', NULL, NULL, 'system:post:batch:del', 3, 1, 1, 1, NULL, 1685176293110329345, 'heyzoe', 1696987763846, NULL, NULL, NULL, 0);
INSERT INTO `menu` (`id`, `parent_id`, `icon`, `label`, `path`, `component`, `permission`, `type`, `status`, `show_status`, `sort`, `remarks`, `create_by`, `create_username`, `create_time`, `update_by`, `update_username`, `update_time`, `is_del`) VALUES (1711916876306604039, 1711916876302409729, NULL, '导入岗位', NULL, NULL, 'system:post:import', 3, 1, 1, 1, NULL, 1685176293110329345, 'heyzoe', 1696987763846, NULL, NULL, NULL, 0);
INSERT INTO `menu` (`id`, `parent_id`, `icon`, `label`, `path`, `component`, `permission`, `type`, `status`, `show_status`, `sort`, `remarks`, `create_by`, `create_username`, `create_time`, `update_by`, `update_username`, `update_time`, `is_del`) VALUES (1711916876306604040, 1711916876302409729, NULL, '下载岗位导入模板', NULL, NULL, 'system:post:download', 3, 1, 1, 1, NULL, 1685176293110329345, 'heyzoe', 1696987763846, NULL, NULL, NULL, 0);
INSERT INTO `menu` (`id`, `parent_id`, `icon`, `label`, `path`, `component`, `permission`, `type`, `status`, `show_status`, `sort`, `remarks`, `create_by`, `create_username`, `create_time`, `update_by`, `update_username`, `update_time`, `is_del`) VALUES (1711916876306604041, 1711916876302409729, NULL, '导出岗位', NULL, NULL, 'system:post:export', 3, 1, 1, 1, NULL, 1685176293110329345, 'heyzoe', 1696987763846, NULL, NULL, NULL, 0);
INSERT INTO `menu` (`id`, `parent_id`, `icon`, `label`, `path`, `component`, `permission`, `type`, `status`, `show_status`, `sort`, `remarks`, `create_by`, `create_username`, `create_time`, `update_by`, `update_username`, `update_time`, `is_del`) VALUES (1711949529554640897, 1685596650506141698, 'edit-outline', '操作日志', '/log/operation-log', 'pages/log/operation-log', 'log:operation:log', 2, 1, 1, 1, NULL, 1685176293110329345, 'heyzoe', 1696995548987, 1685176293110329345, 'heyzoe', 1697283171394, 0);
INSERT INTO `menu` (`id`, `parent_id`, `icon`, `label`, `path`, `component`, `permission`, `type`, `status`, `show_status`, `sort`, `remarks`, `create_by`, `create_username`, `create_time`, `update_by`, `update_username`, `update_time`, `is_del`) VALUES (1711949529554640898, 1711949529554640897, NULL, '分页获取操作日志列表', NULL, NULL, 'log:operation:log:page', 3, 1, 1, 1, NULL, 1685176293110329345, 'heyzoe', 1696995548987, NULL, NULL, NULL, 0);
INSERT INTO `menu` (`id`, `parent_id`, `icon`, `label`, `path`, `component`, `permission`, `type`, `status`, `show_status`, `sort`, `remarks`, `create_by`, `create_username`, `create_time`, `update_by`, `update_username`, `update_time`, `is_del`) VALUES (1711949529554640899, 1711949529554640897, NULL, '获取操作日志详情', NULL, NULL, 'log:operation:log:detail', 3, 1, 1, 1, NULL, 1685176293110329345, 'heyzoe', 1696995548987, NULL, NULL, NULL, 0);
INSERT INTO `menu` (`id`, `parent_id`, `icon`, `label`, `path`, `component`, `permission`, `type`, `status`, `show_status`, `sort`, `remarks`, `create_by`, `create_username`, `create_time`, `update_by`, `update_username`, `update_time`, `is_del`) VALUES (1711949529554640900, 1711949529554640897, NULL, '创建操作日志', NULL, NULL, 'log:operation:log:create', 3, 1, 1, 1, NULL, 1685176293110329345, 'heyzoe', 1696995548987, 1685176293110329345, 'heyzoe', 1697012141784, 1);
INSERT INTO `menu` (`id`, `parent_id`, `icon`, `label`, `path`, `component`, `permission`, `type`, `status`, `show_status`, `sort`, `remarks`, `create_by`, `create_username`, `create_time`, `update_by`, `update_username`, `update_time`, `is_del`) VALUES (1711949529554640901, 1711949529554640897, NULL, '编辑操作日志', NULL, NULL, 'log:operation:log:update', 3, 1, 1, 1, NULL, 1685176293110329345, 'heyzoe', 1696995548987, 1685176293110329345, 'heyzoe', 1697012149206, 1);
INSERT INTO `menu` (`id`, `parent_id`, `icon`, `label`, `path`, `component`, `permission`, `type`, `status`, `show_status`, `sort`, `remarks`, `create_by`, `create_username`, `create_time`, `update_by`, `update_username`, `update_time`, `is_del`) VALUES (1711949529554640902, 1711949529554640897, NULL, '删除操作日志', NULL, NULL, 'log:operation:log:del', 3, 1, 1, 1, NULL, 1685176293110329345, 'heyzoe', 1696995548987, NULL, NULL, NULL, 0);
INSERT INTO `menu` (`id`, `parent_id`, `icon`, `label`, `path`, `component`, `permission`, `type`, `status`, `show_status`, `sort`, `remarks`, `create_by`, `create_username`, `create_time`, `update_by`, `update_username`, `update_time`, `is_del`) VALUES (1711949529554640903, 1711949529554640897, NULL, '批量删除操作日志', NULL, NULL, 'log:operation:log:batch:del', 3, 1, 1, 1, NULL, 1685176293110329345, 'heyzoe', 1696995548987, NULL, NULL, NULL, 0);
INSERT INTO `menu` (`id`, `parent_id`, `icon`, `label`, `path`, `component`, `permission`, `type`, `status`, `show_status`, `sort`, `remarks`, `create_by`, `create_username`, `create_time`, `update_by`, `update_username`, `update_time`, `is_del`) VALUES (1711949529554640906, 1711949529554640897, NULL, '导出操作日志', NULL, NULL, 'log:operation:log:export', 3, 1, 1, 1, NULL, 1685176293110329345, 'heyzoe', 1696995548987, NULL, NULL, NULL, 0);
INSERT INTO `menu` (`id`, `parent_id`, `icon`, `label`, `path`, `component`, `permission`, `type`, `status`, `show_status`, `sort`, `remarks`, `create_by`, `create_username`, `create_time`, `update_by`, `update_username`, `update_time`, `is_del`) VALUES (1713141167958294529, 1685596650506141698, 's-platform', '登录日志', '/log/login-log', 'pages/log/login-log', NULL, 2, 1, 1, 1, NULL, 1685176293110329345, 'heyzoe', 1697279657722, 1685176293110329345, 'heyzoe', 1697283151929, 0);
INSERT INTO `menu` (`id`, `parent_id`, `icon`, `label`, `path`, `component`, `permission`, `type`, `status`, `show_status`, `sort`, `remarks`, `create_by`, `create_username`, `create_time`, `update_by`, `update_username`, `update_time`, `is_del`) VALUES (1713141167958294530, 1713141167958294529, NULL, '分页获取登录日志列表', NULL, NULL, 'log:login:log:page', 3, 1, 1, 1, NULL, 1685176293110329345, 'heyzoe', 1697279657722, NULL, NULL, NULL, 0);
INSERT INTO `menu` (`id`, `parent_id`, `icon`, `label`, `path`, `component`, `permission`, `type`, `status`, `show_status`, `sort`, `remarks`, `create_by`, `create_username`, `create_time`, `update_by`, `update_username`, `update_time`, `is_del`) VALUES (1713141167958294534, 1713141167958294529, NULL, '删除登录日志', NULL, NULL, 'log:login:log:del', 3, 1, 1, 1, NULL, 1685176293110329345, 'heyzoe', 1697279657722, NULL, NULL, NULL, 0);
INSERT INTO `menu` (`id`, `parent_id`, `icon`, `label`, `path`, `component`, `permission`, `type`, `status`, `show_status`, `sort`, `remarks`, `create_by`, `create_username`, `create_time`, `update_by`, `update_username`, `update_time`, `is_del`) VALUES (1713141167958294535, 1713141167958294529, NULL, '批量删除登录日志', NULL, NULL, 'log:login:log:batch:del', 3, 1, 1, 1, NULL, 1685176293110329345, 'heyzoe', 1697279657722, NULL, NULL, NULL, 0);
INSERT INTO `menu` (`id`, `parent_id`, `icon`, `label`, `path`, `component`, `permission`, `type`, `status`, `show_status`, `sort`, `remarks`, `create_by`, `create_username`, `create_time`, `update_by`, `update_username`, `update_time`, `is_del`) VALUES (1713141167958294538, 1713141167958294529, NULL, '导出登录日志', NULL, NULL, 'log:login:log:export', 3, 1, 1, 1, NULL, 1685176293110329345, 'heyzoe', 1697279657722, NULL, NULL, NULL, 0);
INSERT INTO `menu` (`id`, `parent_id`, `icon`, `label`, `path`, `component`, `permission`, `type`, `status`, `show_status`, `sort`, `remarks`, `create_by`, `create_username`, `create_time`, `update_by`, `update_username`, `update_time`, `is_del`) VALUES (1713208574194257922, 1685591138083397634, 's-help', '运维管理', '/ops', 'Layout', NULL, 1, 1, 1, 2, NULL, 1685176293110329345, 'heyzoe', 1697295728624, 1685176293110329345, 'heyzoe', 1697295754364, 0);
INSERT INTO `menu` (`id`, `parent_id`, `icon`, `label`, `path`, `component`, `permission`, `type`, `status`, `show_status`, `sort`, `remarks`, `create_by`, `create_username`, `create_time`, `update_by`, `update_username`, `update_time`, `is_del`) VALUES (1713826885871493122, 1713208574194257922, 'time', '定时任务', '/ops/scheduled-task', 'pages/ops/scheduled-task', NULL, 2, 1, 1, 1, NULL, 1685176293110329345, 'heyzoe', 1697443145613, 1685176293110329345, 'heyzoe', 1697524057542, 0);
INSERT INTO `menu` (`id`, `parent_id`, `icon`, `label`, `path`, `component`, `permission`, `type`, `status`, `show_status`, `sort`, `remarks`, `create_by`, `create_username`, `create_time`, `update_by`, `update_username`, `update_time`, `is_del`) VALUES (1713826885871493123, 1713826885871493122, NULL, '分页获取定时任务列表', NULL, NULL, 'ops:scheduled:task:page', 3, 1, 1, 1, NULL, 1685176293110329345, 'heyzoe', 1697443145613, NULL, NULL, NULL, 0);
INSERT INTO `menu` (`id`, `parent_id`, `icon`, `label`, `path`, `component`, `permission`, `type`, `status`, `show_status`, `sort`, `remarks`, `create_by`, `create_username`, `create_time`, `update_by`, `update_username`, `update_time`, `is_del`) VALUES (1713826885871493124, 1713826885871493122, NULL, '获取定时任务详情', NULL, NULL, 'ops:scheduled:task:detail', 3, 1, 1, 1, NULL, 1685176293110329345, 'heyzoe', 1697443145613, NULL, NULL, NULL, 0);
INSERT INTO `menu` (`id`, `parent_id`, `icon`, `label`, `path`, `component`, `permission`, `type`, `status`, `show_status`, `sort`, `remarks`, `create_by`, `create_username`, `create_time`, `update_by`, `update_username`, `update_time`, `is_del`) VALUES (1713826885871493125, 1713826885871493122, NULL, '创建定时任务', NULL, NULL, 'ops:scheduled:task:create', 3, 1, 1, 1, NULL, 1685176293110329345, 'heyzoe', 1697443145613, NULL, NULL, NULL, 0);
INSERT INTO `menu` (`id`, `parent_id`, `icon`, `label`, `path`, `component`, `permission`, `type`, `status`, `show_status`, `sort`, `remarks`, `create_by`, `create_username`, `create_time`, `update_by`, `update_username`, `update_time`, `is_del`) VALUES (1713826885871493126, 1713826885871493122, NULL, '编辑定时任务', NULL, NULL, 'ops:scheduled:task:update', 3, 1, 1, 1, NULL, 1685176293110329345, 'heyzoe', 1697443145613, NULL, NULL, NULL, 0);
INSERT INTO `menu` (`id`, `parent_id`, `icon`, `label`, `path`, `component`, `permission`, `type`, `status`, `show_status`, `sort`, `remarks`, `create_by`, `create_username`, `create_time`, `update_by`, `update_username`, `update_time`, `is_del`) VALUES (1713826885871493127, 1713826885871493122, NULL, '删除定时任务', NULL, NULL, 'ops:scheduled:task:del', 3, 1, 1, 1, NULL, 1685176293110329345, 'heyzoe', 1697443145613, NULL, NULL, NULL, 0);
INSERT INTO `menu` (`id`, `parent_id`, `icon`, `label`, `path`, `component`, `permission`, `type`, `status`, `show_status`, `sort`, `remarks`, `create_by`, `create_username`, `create_time`, `update_by`, `update_username`, `update_time`, `is_del`) VALUES (1713826885871493128, 1713826885871493122, NULL, '批量删除定时任务', NULL, NULL, 'ops:scheduled:task:batch:del', 3, 1, 1, 1, NULL, 1685176293110329345, 'heyzoe', 1697443145613, NULL, NULL, NULL, 0);
INSERT INTO `menu` (`id`, `parent_id`, `icon`, `label`, `path`, `component`, `permission`, `type`, `status`, `show_status`, `sort`, `remarks`, `create_by`, `create_username`, `create_time`, `update_by`, `update_username`, `update_time`, `is_del`) VALUES (1714259883508899843, 1685596540367912961, NULL, '分页获取WEB端用户列表', NULL, NULL, 'system:admin:user:page', 3, 1, 1, 1, NULL, 1685176293110329345, 'heyzoe', 1697546380294, NULL, NULL, NULL, 0);
INSERT INTO `menu` (`id`, `parent_id`, `icon`, `label`, `path`, `component`, `permission`, `type`, `status`, `show_status`, `sort`, `remarks`, `create_by`, `create_username`, `create_time`, `update_by`, `update_username`, `update_time`, `is_del`) VALUES (1714259883508899844, 1685596540367912961, NULL, '获取WEB端用户详情', NULL, NULL, 'system:admin:user:detail', 3, 1, 1, 1, NULL, 1685176293110329345, 'heyzoe', 1697546380294, NULL, NULL, NULL, 0);
INSERT INTO `menu` (`id`, `parent_id`, `icon`, `label`, `path`, `component`, `permission`, `type`, `status`, `show_status`, `sort`, `remarks`, `create_by`, `create_username`, `create_time`, `update_by`, `update_username`, `update_time`, `is_del`) VALUES (1714259883508899845, 1685596540367912961, NULL, '创建WEB端用户', NULL, NULL, 'system:admin:user:create', 3, 1, 1, 1, NULL, 1685176293110329345, 'heyzoe', 1697546380294, NULL, NULL, NULL, 0);
INSERT INTO `menu` (`id`, `parent_id`, `icon`, `label`, `path`, `component`, `permission`, `type`, `status`, `show_status`, `sort`, `remarks`, `create_by`, `create_username`, `create_time`, `update_by`, `update_username`, `update_time`, `is_del`) VALUES (1714259883508899846, 1685596540367912961, NULL, '编辑WEB端用户', NULL, NULL, 'system:admin:user:update', 3, 1, 1, 1, NULL, 1685176293110329345, 'heyzoe', 1697546380294, NULL, NULL, NULL, 0);
INSERT INTO `menu` (`id`, `parent_id`, `icon`, `label`, `path`, `component`, `permission`, `type`, `status`, `show_status`, `sort`, `remarks`, `create_by`, `create_username`, `create_time`, `update_by`, `update_username`, `update_time`, `is_del`) VALUES (1714259883508899847, 1685596540367912961, NULL, '删除WEB端用户', NULL, NULL, 'system:admin:user:del', 3, 1, 1, 1, NULL, 1685176293110329345, 'heyzoe', 1697546380294, NULL, NULL, NULL, 0);
INSERT INTO `menu` (`id`, `parent_id`, `icon`, `label`, `path`, `component`, `permission`, `type`, `status`, `show_status`, `sort`, `remarks`, `create_by`, `create_username`, `create_time`, `update_by`, `update_username`, `update_time`, `is_del`) VALUES (1714259883508899848, 1685596540367912961, NULL, '批量删除WEB端用户', NULL, NULL, 'system:admin:user:batch:del', 3, 1, 1, 1, NULL, 1685176293110329345, 'heyzoe', 1697546380294, NULL, NULL, NULL, 0);
INSERT INTO `menu` (`id`, `parent_id`, `icon`, `label`, `path`, `component`, `permission`, `type`, `status`, `show_status`, `sort`, `remarks`, `create_by`, `create_username`, `create_time`, `update_by`, `update_username`, `update_time`, `is_del`) VALUES (1714259883508899849, 1685596540367912961, NULL, '导入WEB端用户', NULL, NULL, 'system:admin:user:import', 3, 1, 1, 1, NULL, 1685176293110329345, 'heyzoe', 1697546380294, NULL, NULL, NULL, 0);
INSERT INTO `menu` (`id`, `parent_id`, `icon`, `label`, `path`, `component`, `permission`, `type`, `status`, `show_status`, `sort`, `remarks`, `create_by`, `create_username`, `create_time`, `update_by`, `update_username`, `update_time`, `is_del`) VALUES (1714259883508899850, 1685596540367912961, NULL, '下载WEB端用户导入模板', NULL, NULL, 'system:admin:user:download', 3, 1, 1, 1, NULL, 1685176293110329345, 'heyzoe', 1697546380294, NULL, NULL, NULL, 0);
INSERT INTO `menu` (`id`, `parent_id`, `icon`, `label`, `path`, `component`, `permission`, `type`, `status`, `show_status`, `sort`, `remarks`, `create_by`, `create_username`, `create_time`, `update_by`, `update_username`, `update_time`, `is_del`) VALUES (1714259883508899851, 1685596540367912961, NULL, '导出WEB端用户', NULL, NULL, 'system:admin:user:export', 3, 1, 1, 1, NULL, 1685176293110329345, 'heyzoe', 1697546380294, NULL, NULL, NULL, 0);
INSERT INTO `menu` (`id`, `parent_id`, `icon`, `label`, `path`, `component`, `permission`, `type`, `status`, `show_status`, `sort`, `remarks`, `create_by`, `create_username`, `create_time`, `update_by`, `update_username`, `update_time`, `is_del`) VALUES (1714276006212149251, 1710936957422411778, NULL, '懒加载部门树', NULL, NULL, 'system:department:list', 3, 1, 1, 1, NULL, 1685176293110329345, 'heyzoe', 1697550224247, NULL, NULL, NULL, 0);
INSERT INTO `menu` (`id`, `parent_id`, `icon`, `label`, `path`, `component`, `permission`, `type`, `status`, `show_status`, `sort`, `remarks`, `create_by`, `create_username`, `create_time`, `update_by`, `update_username`, `update_time`, `is_del`) VALUES (1714276006212149252, 1710936957422411778, NULL, '获取父级部门列表', NULL, NULL, 'system:department:parent:ids', 3, 1, 1, 1, NULL, 1685176293110329345, 'heyzoe', 1697550224247, NULL, NULL, NULL, 0);
INSERT INTO `menu` (`id`, `parent_id`, `icon`, `label`, `path`, `component`, `permission`, `type`, `status`, `show_status`, `sort`, `remarks`, `create_by`, `create_username`, `create_time`, `update_by`, `update_username`, `update_time`, `is_del`) VALUES (1714276006212149253, 1710936957422411778, NULL, '创建部门', NULL, NULL, 'system:department:create', 3, 1, 1, 1, NULL, 1685176293110329345, 'heyzoe', 1697550224247, NULL, NULL, NULL, 0);
INSERT INTO `menu` (`id`, `parent_id`, `icon`, `label`, `path`, `component`, `permission`, `type`, `status`, `show_status`, `sort`, `remarks`, `create_by`, `create_username`, `create_time`, `update_by`, `update_username`, `update_time`, `is_del`) VALUES (1714276006212149254, 1710936957422411778, NULL, '编辑部门', NULL, NULL, 'system:department:update', 3, 1, 1, 1, NULL, 1685176293110329345, 'heyzoe', 1697550224247, NULL, NULL, NULL, 0);
INSERT INTO `menu` (`id`, `parent_id`, `icon`, `label`, `path`, `component`, `permission`, `type`, `status`, `show_status`, `sort`, `remarks`, `create_by`, `create_username`, `create_time`, `update_by`, `update_username`, `update_time`, `is_del`) VALUES (1714276006212149255, 1710936957422411778, NULL, '删除部门', NULL, NULL, 'system:department:del', 3, 1, 1, 1, NULL, 1685176293110329345, 'heyzoe', 1697550224247, NULL, NULL, NULL, 0);
COMMIT;

-- ----------------------------
-- Table structure for operation_log
-- ----------------------------
DROP TABLE IF EXISTS `operation_log`;
CREATE TABLE `operation_log` (
  `id` bigint NOT NULL COMMENT '主键ID',
  `ip` varchar(50) CHARACTER SET utf8mb4 COLLATE utf8mb4_bin DEFAULT NULL COMMENT 'ip地址',
  `request_method` varchar(255) CHARACTER SET utf8mb4 COLLATE utf8mb4_bin DEFAULT NULL COMMENT '调用方法路径',
  `request_way` varchar(20) CHARACTER SET utf8mb4 COLLATE utf8mb4_bin NOT NULL COMMENT '请求方式',
  `request_url` varchar(255) CHARACTER SET utf8mb4 COLLATE utf8mb4_bin NOT NULL COMMENT '请求url',
  `request_param` text CHARACTER SET utf8mb4 COLLATE utf8mb4_bin COMMENT '请求参数',
  `operate_module` varchar(255) CHARACTER SET utf8mb4 COLLATE utf8mb4_bin DEFAULT NULL COMMENT '操作模块',
  `operate_type` varchar(100) CHARACTER SET utf8mb4 COLLATE utf8mb4_bin DEFAULT NULL COMMENT '操作类别',
  `operator_type` varchar(50) CHARACTER SET utf8mb4 COLLATE utf8mb4_bin DEFAULT NULL COMMENT '操作人类别',
  `start_time` bigint NOT NULL COMMENT '请求开始时间/ms',
  `end_time` bigint NOT NULL COMMENT '请求结束时间/ms',
  `handle_time` bigint NOT NULL COMMENT '处理时间/ms',
  `operate_status` varchar(10) CHARACTER SET utf8mb4 COLLATE utf8mb4_bin DEFAULT NULL COMMENT '操作状态 #SUCCESS：成功，FAIL：失败',
  `response_param` text CHARACTER SET utf8mb4 COLLATE utf8mb4_bin COMMENT '返回参数',
  `error_exception` text CHARACTER SET utf8mb4 COLLATE utf8mb4_bin COMMENT '错误异常',
  `create_by` bigint NOT NULL COMMENT '创建者',
  `create_username` varchar(20) CHARACTER SET utf8mb4 COLLATE utf8mb4_bin NOT NULL COMMENT '创建者账号',
  `create_time` bigint NOT NULL COMMENT '创建时间',
  `update_by` bigint DEFAULT NULL COMMENT '更新者',
  `update_username` varchar(255) CHARACTER SET utf8mb4 COLLATE utf8mb4_bin DEFAULT NULL COMMENT '更新者账号',
  `update_time` bigint DEFAULT NULL COMMENT '更新时间',
  `is_del` int NOT NULL DEFAULT '0' COMMENT '逻辑删除状态 0：未删除 1：已删除',
  PRIMARY KEY (`id`) USING BTREE
) ENGINE=InnoDB DEFAULT CHARSET=utf8mb4 COLLATE=utf8mb4_bin COMMENT='操作日志';

-- ----------------------------
-- Records of operation_log
-- ----------------------------
BEGIN;
COMMIT;

-- ----------------------------
-- Table structure for post
-- ----------------------------
DROP TABLE IF EXISTS `post`;
CREATE TABLE `post` (
  `id` bigint NOT NULL COMMENT 'id',
  `code` varchar(50) CHARACTER SET utf8mb4 COLLATE utf8mb4_bin NOT NULL COMMENT '岗位编码',
  `name` varchar(50) CHARACTER SET utf8mb4 COLLATE utf8mb4_bin NOT NULL COMMENT '岗位名称',
  `status` int NOT NULL DEFAULT '1' COMMENT '岗位状态 #1：正常， 2：禁用',
  `sort` int NOT NULL DEFAULT '0' COMMENT '排序',
  `remarks` varchar(255) CHARACTER SET utf8mb4 COLLATE utf8mb4_bin DEFAULT NULL COMMENT '岗位备注',
  `create_by` bigint NOT NULL COMMENT '创建者',
  `create_username` varchar(20) CHARACTER SET utf8mb4 COLLATE utf8mb4_bin NOT NULL COMMENT '创建者账号',
  `create_time` bigint NOT NULL COMMENT '创建时间',
  `update_by` bigint DEFAULT NULL COMMENT '更新者',
  `update_username` varchar(255) CHARACTER SET utf8mb4 COLLATE utf8mb4_bin DEFAULT NULL COMMENT '更新者账号',
  `update_time` bigint DEFAULT NULL COMMENT '更新时间',
  `is_del` int NOT NULL DEFAULT '0' COMMENT '逻辑删除状态 0：未删除 1：已删除',
  PRIMARY KEY (`id`) USING BTREE
) ENGINE=InnoDB DEFAULT CHARSET=utf8mb4 COLLATE=utf8mb4_bin COMMENT='岗位';

-- ----------------------------
-- Records of post
-- ----------------------------
BEGIN;
INSERT INTO `post` (`id`, `code`, `name`, `status`, `sort`, `remarks`, `create_by`, `create_username`, `create_time`, `update_by`, `update_username`, `update_time`, `is_del`) VALUES (1685268538387914754, 'chairman', '董事长', 1, 0, '', 1685176293110329345, '', 1690634304991, NULL, NULL, NULL, 0);
INSERT INTO `post` (`id`, `code`, `name`, `status`, `sort`, `remarks`, `create_by`, `create_username`, `create_time`, `update_by`, `update_username`, `update_time`, `is_del`) VALUES (1685268795666522113, 'general manager', '总经理', 1, 0, '', 1685176293110329345, '', 1690634366329, NULL, NULL, NULL, 0);
INSERT INTO `post` (`id`, `code`, `name`, `status`, `sort`, `remarks`, `create_by`, `create_username`, `create_time`, `update_by`, `update_username`, `update_time`, `is_del`) VALUES (1685268990676492290, 'clerk', '职员', 1, 0, '', 1685176293110329345, '', 1690634412823, NULL, NULL, NULL, 0);
INSERT INTO `post` (`id`, `code`, `name`, `status`, `sort`, `remarks`, `create_by`, `create_username`, `create_time`, `update_by`, `update_username`, `update_time`, `is_del`) VALUES (1685269091851493378, 'test', '测试', 2, 0, '', 1685176293110329345, '', 1690634436947, 1685176293110329345, NULL, 1690634538132, 1);
COMMIT;

-- ----------------------------
-- Table structure for role
-- ----------------------------
DROP TABLE IF EXISTS `role`;
CREATE TABLE `role` (
  `id` bigint NOT NULL COMMENT 'id',
  `name` varchar(100) CHARACTER SET utf8mb4 COLLATE utf8mb4_bin NOT NULL COMMENT '角色名称',
  `code` varchar(100) CHARACTER SET utf8mb4 COLLATE utf8mb4_bin NOT NULL COMMENT '角色编码',
  `status` int NOT NULL DEFAULT '1' COMMENT '角色状态 #1：正常， 2：禁用',
  `sort` int NOT NULL DEFAULT '0' COMMENT '排序',
  `remarks` varchar(255) CHARACTER SET utf8mb4 COLLATE utf8mb4_bin DEFAULT NULL COMMENT '备注',
  `create_by` bigint NOT NULL COMMENT '创建者',
  `create_username` varchar(20) CHARACTER SET utf8mb4 COLLATE utf8mb4_bin NOT NULL COMMENT '创建者账号',
  `create_time` bigint NOT NULL COMMENT '创建时间',
  `update_by` bigint DEFAULT NULL COMMENT '更新者',
  `update_username` varchar(255) CHARACTER SET utf8mb4 COLLATE utf8mb4_bin DEFAULT NULL COMMENT '更新者账号',
  `update_time` bigint DEFAULT NULL COMMENT '更新时间',
  `is_del` int NOT NULL DEFAULT '0' COMMENT '逻辑删除状态 0：未删除 1：已删除',
  PRIMARY KEY (`id`) USING BTREE
) ENGINE=InnoDB DEFAULT CHARSET=utf8mb4 COLLATE=utf8mb4_bin COMMENT='角色';

-- ----------------------------
-- Records of role
-- ----------------------------
BEGIN;
INSERT INTO `role` (`id`, `name`, `code`, `status`, `sort`, `remarks`, `create_by`, `create_username`, `create_time`, `update_by`, `update_username`, `update_time`, `is_del`) VALUES (1685637446164828162, '超级管理员', 'admin', 1, 0, '', 1685176293110329345, '', 1690722259462, 1685176293110329345, 'heyzoe', 1697550545419, 0);
INSERT INTO `role` (`id`, `name`, `code`, `status`, `sort`, `remarks`, `create_by`, `create_username`, `create_time`, `update_by`, `update_username`, `update_time`, `is_del`) VALUES (1685637533150498817, '用户管理员', 'user_admin', 1, 2, '', 1685176293110329345, '', 1690722280203, 1685176293110329345, 'heyzoe', 1697549314874, 0);
INSERT INTO `role` (`id`, `name`, `code`, `status`, `sort`, `remarks`, `create_by`, `create_username`, `create_time`, `update_by`, `update_username`, `update_time`, `is_del`) VALUES (1685637573336125442, '系统管理员', 'system_admin', 1, 1, '', 1685176293110329345, '', 1690722289779, 1685176293110329345, 'heyzoe', 1697591770680, 0);
INSERT INTO `role` (`id`, `name`, `code`, `status`, `sort`, `remarks`, `create_by`, `create_username`, `create_time`, `update_by`, `update_username`, `update_time`, `is_del`) VALUES (1685638185717092354, '测试用户', 'test', 1, 0, '', 1685176293110329345, '', 1690722435783, 1685176293110329345, NULL, 1690722447968, 1);
INSERT INTO `role` (`id`, `name`, `code`, `status`, `sort`, `remarks`, `create_by`, `create_username`, `create_time`, `update_by`, `update_username`, `update_time`, `is_del`) VALUES (1702990909420904450, '33', '22', 1, 4, NULL, 1685177044733800449, 'yyq', 1694859647508, 1685177044733800449, 'yyq', 1694860240700, 1);
INSERT INTO `role` (`id`, `name`, `code`, `status`, `sort`, `remarks`, `create_by`, `create_username`, `create_time`, `update_by`, `update_username`, `update_time`, `is_del`) VALUES (1702999677395312641, '22', '11', 1, 3, NULL, 1685177044733800449, 'yyq', 1694861737953, 1685177044733800449, 'yyq', 1694861870316, 1);
INSERT INTO `role` (`id`, `name`, `code`, `status`, `sort`, `remarks`, `create_by`, `create_username`, `create_time`, `update_by`, `update_username`, `update_time`, `is_del`) VALUES (1703000712943804418, '22', '111', 1, 4, NULL, 1685177044733800449, 'yyq', 1694861984848, 1685177044733800449, 'yyq', 1694862018877, 1);
COMMIT;

-- ----------------------------
-- Table structure for role_menu
-- ----------------------------
DROP TABLE IF EXISTS `role_menu`;
CREATE TABLE `role_menu` (
  `id` bigint NOT NULL COMMENT 'id',
  `menu_id` bigint NOT NULL COMMENT '菜单ID',
  `role_id` bigint NOT NULL COMMENT '角色ID',
  `create_by` bigint NOT NULL COMMENT '创建者',
  `create_username` varchar(20) CHARACTER SET utf8mb4 COLLATE utf8mb4_bin NOT NULL COMMENT '创建者账号',
  `create_time` bigint NOT NULL COMMENT '创建时间',
  `update_by` bigint DEFAULT NULL COMMENT '更新者',
  `update_username` varchar(255) CHARACTER SET utf8mb4 COLLATE utf8mb4_bin DEFAULT NULL COMMENT '更新者账号',
  `update_time` bigint DEFAULT NULL COMMENT '更新时间',
  `is_del` int NOT NULL DEFAULT '0' COMMENT '逻辑删除状态 0：未删除 1：已删除',
  PRIMARY KEY (`id`) USING BTREE
) ENGINE=InnoDB DEFAULT CHARSET=utf8mb4 COLLATE=utf8mb4_bin COMMENT='角色菜单关联';

-- ----------------------------
-- Records of role_menu
-- ----------------------------
BEGIN;
INSERT INTO `role_menu` (`id`, `menu_id`, `role_id`, `create_by`, `create_username`, `create_time`, `update_by`, `update_username`, `update_time`, `is_del`) VALUES (1685643687784108033, 1685176293110329345, 1685637446164828162, 1685176293110329345, '', 1690723747575, NULL, NULL, NULL, 1);
INSERT INTO `role_menu` (`id`, `menu_id`, `role_id`, `create_by`, `create_username`, `create_time`, `update_by`, `update_username`, `update_time`, `is_del`) VALUES (1685643810274562050, 1685177044733800449, 1685637446164828162, 1685176293110329345, '', 1690723776779, NULL, NULL, NULL, 1);
INSERT INTO `role_menu` (`id`, `menu_id`, `role_id`, `create_by`, `create_username`, `create_time`, `update_by`, `update_username`, `update_time`, `is_del`) VALUES (1687102727210975233, 1685591138083397634, 1685637446164828162, 1685176293110329345, '', 1691071609689, NULL, NULL, NULL, 1);
INSERT INTO `role_menu` (`id`, `menu_id`, `role_id`, `create_by`, `create_username`, `create_time`, `update_by`, `update_username`, `update_time`, `is_del`) VALUES (1687102727261306882, 1685596650506141698, 1685637446164828162, 1685176293110329345, '', 1691071609697, NULL, NULL, NULL, 1);
INSERT INTO `role_menu` (`id`, `menu_id`, `role_id`, `create_by`, `create_username`, `create_time`, `update_by`, `update_username`, `update_time`, `is_del`) VALUES (1687102727282278401, 1685596959940919297, 1685637446164828162, 1685176293110329345, '', 1691071609704, NULL, NULL, NULL, 1);
INSERT INTO `role_menu` (`id`, `menu_id`, `role_id`, `create_by`, `create_username`, `create_time`, `update_by`, `update_username`, `update_time`, `is_del`) VALUES (1687102727311638529, 1685597509050810370, 1685637446164828162, 1685176293110329345, '', 1691071609709, NULL, NULL, NULL, 1);
INSERT INTO `role_menu` (`id`, `menu_id`, `role_id`, `create_by`, `create_username`, `create_time`, `update_by`, `update_username`, `update_time`, `is_del`) VALUES (1687102727340998658, 1685591138083397634, 1685637446164828162, 1685176293110329345, '', 1691071609714, NULL, NULL, NULL, 1);
INSERT INTO `role_menu` (`id`, `menu_id`, `role_id`, `create_by`, `create_username`, `create_time`, `update_by`, `update_username`, `update_time`, `is_del`) VALUES (1689163222097108993, 1689159904759160833, 1685637446164828162, 1685177044733800449, '', 1691562869943, NULL, NULL, NULL, 1);
INSERT INTO `role_menu` (`id`, `menu_id`, `role_id`, `create_by`, `create_username`, `create_time`, `update_by`, `update_username`, `update_time`, `is_del`) VALUES (1689163222109691906, 1685596540367912961, 1685637446164828162, 1685177044733800449, '', 1691562869944, NULL, NULL, NULL, 1);
INSERT INTO `role_menu` (`id`, `menu_id`, `role_id`, `create_by`, `create_username`, `create_time`, `update_by`, `update_username`, `update_time`, `is_del`) VALUES (1689163342863704066, 1689159904759160833, 1685637446164828162, 1685177044733800449, '', 1691562898735, NULL, NULL, NULL, 1);
INSERT INTO `role_menu` (`id`, `menu_id`, `role_id`, `create_by`, `create_username`, `create_time`, `update_by`, `update_username`, `update_time`, `is_del`) VALUES (1689163342867898369, 1685596540367912961, 1685637446164828162, 1685177044733800449, '', 1691562898736, NULL, NULL, NULL, 1);
INSERT INTO `role_menu` (`id`, `menu_id`, `role_id`, `create_by`, `create_username`, `create_time`, `update_by`, `update_username`, `update_time`, `is_del`) VALUES (1689166255539396609, 1689159904759160833, 1685637446164828162, 1685177044733800449, '', 1691563593170, NULL, NULL, NULL, 1);
INSERT INTO `role_menu` (`id`, `menu_id`, `role_id`, `create_by`, `create_username`, `create_time`, `update_by`, `update_username`, `update_time`, `is_del`) VALUES (1689166255543590913, 1685596540367912961, 1685637446164828162, 1685177044733800449, '', 1691563593171, NULL, NULL, NULL, 1);
INSERT INTO `role_menu` (`id`, `menu_id`, `role_id`, `create_by`, `create_username`, `create_time`, `update_by`, `update_username`, `update_time`, `is_del`) VALUES (1689185279409184770, 1689159904759160833, 1685637446164828162, 1685177044733800449, '', 1691568128819, NULL, NULL, NULL, 1);
INSERT INTO `role_menu` (`id`, `menu_id`, `role_id`, `create_by`, `create_username`, `create_time`, `update_by`, `update_username`, `update_time`, `is_del`) VALUES (1689185279430156290, 1685596540367912961, 1685637446164828162, 1685177044733800449, '', 1691568128829, NULL, NULL, NULL, 1);
INSERT INTO `role_menu` (`id`, `menu_id`, `role_id`, `create_by`, `create_username`, `create_time`, `update_by`, `update_username`, `update_time`, `is_del`) VALUES (1689188550274244610, 1685591138083397634, 1685637446164828162, 1685177044733800449, '', 1691568908649, NULL, NULL, NULL, 1);
INSERT INTO `role_menu` (`id`, `menu_id`, `role_id`, `create_by`, `create_username`, `create_time`, `update_by`, `update_username`, `update_time`, `is_del`) VALUES (1689188550278438914, 1689159904759160833, 1685637446164828162, 1685177044733800449, '', 1691568908650, NULL, NULL, NULL, 1);
INSERT INTO `role_menu` (`id`, `menu_id`, `role_id`, `create_by`, `create_username`, `create_time`, `update_by`, `update_username`, `update_time`, `is_del`) VALUES (1689188550282633218, 1685596540367912961, 1685637446164828162, 1685177044733800449, '', 1691568908651, NULL, NULL, NULL, 1);
INSERT INTO `role_menu` (`id`, `menu_id`, `role_id`, `create_by`, `create_username`, `create_time`, `update_by`, `update_username`, `update_time`, `is_del`) VALUES (1714272088237293569, 1685591138083397634, 1685637446164828162, 1685176293110329345, 'heyzoe', 1697549290145, NULL, NULL, NULL, 1);
INSERT INTO `role_menu` (`id`, `menu_id`, `role_id`, `create_by`, `create_username`, `create_time`, `update_by`, `update_username`, `update_time`, `is_del`) VALUES (1714272088308596737, 1685596650506141698, 1685637446164828162, 1685176293110329345, 'heyzoe', 1697549290150, NULL, NULL, NULL, 1);
INSERT INTO `role_menu` (`id`, `menu_id`, `role_id`, `create_by`, `create_username`, `create_time`, `update_by`, `update_username`, `update_time`, `is_del`) VALUES (1714272088308596738, 1713141167958294529, 1685637446164828162, 1685176293110329345, 'heyzoe', 1697549290153, NULL, NULL, NULL, 1);
INSERT INTO `role_menu` (`id`, `menu_id`, `role_id`, `create_by`, `create_username`, `create_time`, `update_by`, `update_username`, `update_time`, `is_del`) VALUES (1714272088308596739, 1713141167958294530, 1685637446164828162, 1685176293110329345, 'heyzoe', 1697549290162, NULL, NULL, NULL, 1);
INSERT INTO `role_menu` (`id`, `menu_id`, `role_id`, `create_by`, `create_username`, `create_time`, `update_by`, `update_username`, `update_time`, `is_del`) VALUES (1714272088375705602, 1713141167958294534, 1685637446164828162, 1685176293110329345, 'heyzoe', 1697549290168, NULL, NULL, NULL, 1);
INSERT INTO `role_menu` (`id`, `menu_id`, `role_id`, `create_by`, `create_username`, `create_time`, `update_by`, `update_username`, `update_time`, `is_del`) VALUES (1714272088400871425, 1713141167958294535, 1685637446164828162, 1685176293110329345, 'heyzoe', 1697549290171, NULL, NULL, NULL, 1);
INSERT INTO `role_menu` (`id`, `menu_id`, `role_id`, `create_by`, `create_username`, `create_time`, `update_by`, `update_username`, `update_time`, `is_del`) VALUES (1714272088413454337, 1713141167958294538, 1685637446164828162, 1685176293110329345, 'heyzoe', 1697549290173, NULL, NULL, NULL, 1);
INSERT INTO `role_menu` (`id`, `menu_id`, `role_id`, `create_by`, `create_username`, `create_time`, `update_by`, `update_username`, `update_time`, `is_del`) VALUES (1714272088421842946, 1711949529554640897, 1685637446164828162, 1685176293110329345, 'heyzoe', 1697549290175, NULL, NULL, NULL, 1);
INSERT INTO `role_menu` (`id`, `menu_id`, `role_id`, `create_by`, `create_username`, `create_time`, `update_by`, `update_username`, `update_time`, `is_del`) VALUES (1714272088430231554, 1711949529554640898, 1685637446164828162, 1685176293110329345, 'heyzoe', 1697549290178, NULL, NULL, NULL, 1);
INSERT INTO `role_menu` (`id`, `menu_id`, `role_id`, `create_by`, `create_username`, `create_time`, `update_by`, `update_username`, `update_time`, `is_del`) VALUES (1714272088442814465, 1711949529554640899, 1685637446164828162, 1685176293110329345, 'heyzoe', 1697549290181, NULL, NULL, NULL, 1);
INSERT INTO `role_menu` (`id`, `menu_id`, `role_id`, `create_by`, `create_username`, `create_time`, `update_by`, `update_username`, `update_time`, `is_del`) VALUES (1714272088455397377, 1711949529554640902, 1685637446164828162, 1685176293110329345, 'heyzoe', 1697549290186, NULL, NULL, NULL, 1);
INSERT INTO `role_menu` (`id`, `menu_id`, `role_id`, `create_by`, `create_username`, `create_time`, `update_by`, `update_username`, `update_time`, `is_del`) VALUES (1714272088476368897, 1711949529554640903, 1685637446164828162, 1685176293110329345, 'heyzoe', 1697549290193, NULL, NULL, NULL, 1);
INSERT INTO `role_menu` (`id`, `menu_id`, `role_id`, `create_by`, `create_username`, `create_time`, `update_by`, `update_username`, `update_time`, `is_del`) VALUES (1714272088505729026, 1711949529554640906, 1685637446164828162, 1685176293110329345, 'heyzoe', 1697549290195, NULL, NULL, NULL, 1);
INSERT INTO `role_menu` (`id`, `menu_id`, `role_id`, `create_by`, `create_username`, `create_time`, `update_by`, `update_username`, `update_time`, `is_del`) VALUES (1714272088518311937, 1689159904759160833, 1685637446164828162, 1685176293110329345, 'heyzoe', 1697549290204, NULL, NULL, NULL, 1);
INSERT INTO `role_menu` (`id`, `menu_id`, `role_id`, `create_by`, `create_username`, `create_time`, `update_by`, `update_username`, `update_time`, `is_del`) VALUES (1714272088551866370, 1685596540367912961, 1685637446164828162, 1685176293110329345, 'heyzoe', 1697549290225, NULL, NULL, NULL, 1);
INSERT INTO `role_menu` (`id`, `menu_id`, `role_id`, `create_by`, `create_username`, `create_time`, `update_by`, `update_username`, `update_time`, `is_del`) VALUES (1714272088644141057, 1714259883508899843, 1685637446164828162, 1685176293110329345, 'heyzoe', 1697549290227, NULL, NULL, NULL, 1);
INSERT INTO `role_menu` (`id`, `menu_id`, `role_id`, `create_by`, `create_username`, `create_time`, `update_by`, `update_username`, `update_time`, `is_del`) VALUES (1714272088656723969, 1714259883508899844, 1685637446164828162, 1685176293110329345, 'heyzoe', 1697549290229, NULL, NULL, NULL, 1);
INSERT INTO `role_menu` (`id`, `menu_id`, `role_id`, `create_by`, `create_username`, `create_time`, `update_by`, `update_username`, `update_time`, `is_del`) VALUES (1714272088656723970, 1714259883508899845, 1685637446164828162, 1685176293110329345, 'heyzoe', 1697549290232, NULL, NULL, NULL, 1);
INSERT INTO `role_menu` (`id`, `menu_id`, `role_id`, `create_by`, `create_username`, `create_time`, `update_by`, `update_username`, `update_time`, `is_del`) VALUES (1714272088669306882, 1714259883508899846, 1685637446164828162, 1685176293110329345, 'heyzoe', 1697549290234, NULL, NULL, NULL, 1);
INSERT INTO `role_menu` (`id`, `menu_id`, `role_id`, `create_by`, `create_username`, `create_time`, `update_by`, `update_username`, `update_time`, `is_del`) VALUES (1714272088677695490, 1714259883508899847, 1685637446164828162, 1685176293110329345, 'heyzoe', 1697549290236, NULL, NULL, NULL, 1);
INSERT INTO `role_menu` (`id`, `menu_id`, `role_id`, `create_by`, `create_username`, `create_time`, `update_by`, `update_username`, `update_time`, `is_del`) VALUES (1714272088686084097, 1714259883508899848, 1685637446164828162, 1685176293110329345, 'heyzoe', 1697549290237, NULL, NULL, NULL, 1);
INSERT INTO `role_menu` (`id`, `menu_id`, `role_id`, `create_by`, `create_username`, `create_time`, `update_by`, `update_username`, `update_time`, `is_del`) VALUES (1714272088690278401, 1714259883508899849, 1685637446164828162, 1685176293110329345, 'heyzoe', 1697549290242, NULL, NULL, NULL, 1);
INSERT INTO `role_menu` (`id`, `menu_id`, `role_id`, `create_by`, `create_username`, `create_time`, `update_by`, `update_username`, `update_time`, `is_del`) VALUES (1714272088711249922, 1714259883508899850, 1685637446164828162, 1685176293110329345, 'heyzoe', 1697549290247, NULL, NULL, NULL, 1);
INSERT INTO `role_menu` (`id`, `menu_id`, `role_id`, `create_by`, `create_username`, `create_time`, `update_by`, `update_username`, `update_time`, `is_del`) VALUES (1714272088736415745, 1714259883508899851, 1685637446164828162, 1685176293110329345, 'heyzoe', 1697549290257, NULL, NULL, NULL, 1);
INSERT INTO `role_menu` (`id`, `menu_id`, `role_id`, `create_by`, `create_username`, `create_time`, `update_by`, `update_username`, `update_time`, `is_del`) VALUES (1714272088774164481, 1702982791194517505, 1685637446164828162, 1685176293110329345, 'heyzoe', 1697549290269, NULL, NULL, NULL, 1);
INSERT INTO `role_menu` (`id`, `menu_id`, `role_id`, `create_by`, `create_username`, `create_time`, `update_by`, `update_username`, `update_time`, `is_del`) VALUES (1714272088824496129, 1704870126362349569, 1685637446164828162, 1685176293110329345, 'heyzoe', 1697549290272, NULL, NULL, NULL, 1);
INSERT INTO `role_menu` (`id`, `menu_id`, `role_id`, `create_by`, `create_username`, `create_time`, `update_by`, `update_username`, `update_time`, `is_del`) VALUES (1714272088837079041, 1710936957422411778, 1685637446164828162, 1685176293110329345, 'heyzoe', 1697549290274, NULL, NULL, NULL, 1);
INSERT INTO `role_menu` (`id`, `menu_id`, `role_id`, `create_by`, `create_username`, `create_time`, `update_by`, `update_username`, `update_time`, `is_del`) VALUES (1714272088845467650, 1711916876302409729, 1685637446164828162, 1685176293110329345, 'heyzoe', 1697549290275, NULL, NULL, NULL, 1);
INSERT INTO `role_menu` (`id`, `menu_id`, `role_id`, `create_by`, `create_username`, `create_time`, `update_by`, `update_username`, `update_time`, `is_del`) VALUES (1714272088853856257, 1711916876302409730, 1685637446164828162, 1685176293110329345, 'heyzoe', 1697549290282, NULL, NULL, NULL, 1);
INSERT INTO `role_menu` (`id`, `menu_id`, `role_id`, `create_by`, `create_username`, `create_time`, `update_by`, `update_username`, `update_time`, `is_del`) VALUES (1714272088879022082, 1711916876306604034, 1685637446164828162, 1685176293110329345, 'heyzoe', 1697549290284, NULL, NULL, NULL, 1);
INSERT INTO `role_menu` (`id`, `menu_id`, `role_id`, `create_by`, `create_username`, `create_time`, `update_by`, `update_username`, `update_time`, `is_del`) VALUES (1714272088887410689, 1711916876306604035, 1685637446164828162, 1685176293110329345, 'heyzoe', 1697549290285, NULL, NULL, NULL, 1);
INSERT INTO `role_menu` (`id`, `menu_id`, `role_id`, `create_by`, `create_username`, `create_time`, `update_by`, `update_username`, `update_time`, `is_del`) VALUES (1714272088891604993, 1711916876306604036, 1685637446164828162, 1685176293110329345, 'heyzoe', 1697549290287, NULL, NULL, NULL, 1);
INSERT INTO `role_menu` (`id`, `menu_id`, `role_id`, `create_by`, `create_username`, `create_time`, `update_by`, `update_username`, `update_time`, `is_del`) VALUES (1714272088899993601, 1711916876306604037, 1685637446164828162, 1685176293110329345, 'heyzoe', 1697549290289, NULL, NULL, NULL, 1);
INSERT INTO `role_menu` (`id`, `menu_id`, `role_id`, `create_by`, `create_username`, `create_time`, `update_by`, `update_username`, `update_time`, `is_del`) VALUES (1714272088912576513, 1711916876306604038, 1685637446164828162, 1685176293110329345, 'heyzoe', 1697549290291, NULL, NULL, NULL, 1);
INSERT INTO `role_menu` (`id`, `menu_id`, `role_id`, `create_by`, `create_username`, `create_time`, `update_by`, `update_username`, `update_time`, `is_del`) VALUES (1714272088916770818, 1711916876306604039, 1685637446164828162, 1685176293110329345, 'heyzoe', 1697549290292, NULL, NULL, NULL, 1);
INSERT INTO `role_menu` (`id`, `menu_id`, `role_id`, `create_by`, `create_username`, `create_time`, `update_by`, `update_username`, `update_time`, `is_del`) VALUES (1714272088920965122, 1711916876306604040, 1685637446164828162, 1685176293110329345, 'heyzoe', 1697549290294, NULL, NULL, NULL, 1);
INSERT INTO `role_menu` (`id`, `menu_id`, `role_id`, `create_by`, `create_username`, `create_time`, `update_by`, `update_username`, `update_time`, `is_del`) VALUES (1714272088933548033, 1711916876306604041, 1685637446164828162, 1685176293110329345, 'heyzoe', 1697549290297, NULL, NULL, NULL, 1);
INSERT INTO `role_menu` (`id`, `menu_id`, `role_id`, `create_by`, `create_username`, `create_time`, `update_by`, `update_username`, `update_time`, `is_del`) VALUES (1714272088941936641, 1705041758494162946, 1685637446164828162, 1685176293110329345, 'heyzoe', 1697549290299, NULL, NULL, NULL, 1);
INSERT INTO `role_menu` (`id`, `menu_id`, `role_id`, `create_by`, `create_username`, `create_time`, `update_by`, `update_username`, `update_time`, `is_del`) VALUES (1714272088954519553, 1713208574194257922, 1685637446164828162, 1685176293110329345, 'heyzoe', 1697549290303, NULL, NULL, NULL, 1);
INSERT INTO `role_menu` (`id`, `menu_id`, `role_id`, `create_by`, `create_username`, `create_time`, `update_by`, `update_username`, `update_time`, `is_del`) VALUES (1714272088967102466, 1713826885871493122, 1685637446164828162, 1685176293110329345, 'heyzoe', 1697549290305, NULL, NULL, NULL, 1);
INSERT INTO `role_menu` (`id`, `menu_id`, `role_id`, `create_by`, `create_username`, `create_time`, `update_by`, `update_username`, `update_time`, `is_del`) VALUES (1714272088975491074, 1713826885871493123, 1685637446164828162, 1685176293110329345, 'heyzoe', 1697549290309, NULL, NULL, NULL, 1);
INSERT INTO `role_menu` (`id`, `menu_id`, `role_id`, `create_by`, `create_username`, `create_time`, `update_by`, `update_username`, `update_time`, `is_del`) VALUES (1714272088992268289, 1713826885871493124, 1685637446164828162, 1685176293110329345, 'heyzoe', 1697549290311, NULL, NULL, NULL, 1);
INSERT INTO `role_menu` (`id`, `menu_id`, `role_id`, `create_by`, `create_username`, `create_time`, `update_by`, `update_username`, `update_time`, `is_del`) VALUES (1714272089000656898, 1713826885871493125, 1685637446164828162, 1685176293110329345, 'heyzoe', 1697549290313, NULL, NULL, NULL, 1);
INSERT INTO `role_menu` (`id`, `menu_id`, `role_id`, `create_by`, `create_username`, `create_time`, `update_by`, `update_username`, `update_time`, `is_del`) VALUES (1714272089009045506, 1713826885871493126, 1685637446164828162, 1685176293110329345, 'heyzoe', 1697549290315, NULL, NULL, NULL, 1);
INSERT INTO `role_menu` (`id`, `menu_id`, `role_id`, `create_by`, `create_username`, `create_time`, `update_by`, `update_username`, `update_time`, `is_del`) VALUES (1714272089017434114, 1713826885871493127, 1685637446164828162, 1685176293110329345, 'heyzoe', 1697549290319, NULL, NULL, NULL, 1);
INSERT INTO `role_menu` (`id`, `menu_id`, `role_id`, `create_by`, `create_username`, `create_time`, `update_by`, `update_username`, `update_time`, `is_del`) VALUES (1714272089034211329, 1713826885871493128, 1685637446164828162, 1685176293110329345, 'heyzoe', 1697549290320, NULL, NULL, NULL, 1);
INSERT INTO `role_menu` (`id`, `menu_id`, `role_id`, `create_by`, `create_username`, `create_time`, `update_by`, `update_username`, `update_time`, `is_del`) VALUES (1714272191761104897, 1685596540367912961, 1685637533150498817, 1685176293110329345, 'heyzoe', 1697549314846, NULL, NULL, NULL, 0);
INSERT INTO `role_menu` (`id`, `menu_id`, `role_id`, `create_by`, `create_username`, `create_time`, `update_by`, `update_username`, `update_time`, `is_del`) VALUES (1714272191907905537, 1714259883508899843, 1685637533150498817, 1685176293110329345, 'heyzoe', 1697549314849, NULL, NULL, NULL, 0);
INSERT INTO `role_menu` (`id`, `menu_id`, `role_id`, `create_by`, `create_username`, `create_time`, `update_by`, `update_username`, `update_time`, `is_del`) VALUES (1714272191920488449, 1714259883508899844, 1685637533150498817, 1685176293110329345, 'heyzoe', 1697549314856, NULL, NULL, NULL, 0);
INSERT INTO `role_menu` (`id`, `menu_id`, `role_id`, `create_by`, `create_username`, `create_time`, `update_by`, `update_username`, `update_time`, `is_del`) VALUES (1714272191949848578, 1714259883508899845, 1685637533150498817, 1685176293110329345, 'heyzoe', 1697549314857, NULL, NULL, NULL, 0);
INSERT INTO `role_menu` (`id`, `menu_id`, `role_id`, `create_by`, `create_username`, `create_time`, `update_by`, `update_username`, `update_time`, `is_del`) VALUES (1714272191954042881, 1714259883508899846, 1685637533150498817, 1685176293110329345, 'heyzoe', 1697549314859, NULL, NULL, NULL, 0);
INSERT INTO `role_menu` (`id`, `menu_id`, `role_id`, `create_by`, `create_username`, `create_time`, `update_by`, `update_username`, `update_time`, `is_del`) VALUES (1714272191962431490, 1714259883508899847, 1685637533150498817, 1685176293110329345, 'heyzoe', 1697549314860, NULL, NULL, NULL, 0);
INSERT INTO `role_menu` (`id`, `menu_id`, `role_id`, `create_by`, `create_username`, `create_time`, `update_by`, `update_username`, `update_time`, `is_del`) VALUES (1714272191966625794, 1714259883508899848, 1685637533150498817, 1685176293110329345, 'heyzoe', 1697549314862, NULL, NULL, NULL, 0);
INSERT INTO `role_menu` (`id`, `menu_id`, `role_id`, `create_by`, `create_username`, `create_time`, `update_by`, `update_username`, `update_time`, `is_del`) VALUES (1714272191975014402, 1714259883508899849, 1685637533150498817, 1685176293110329345, 'heyzoe', 1697549314863, NULL, NULL, NULL, 0);
INSERT INTO `role_menu` (`id`, `menu_id`, `role_id`, `create_by`, `create_username`, `create_time`, `update_by`, `update_username`, `update_time`, `is_del`) VALUES (1714272191979208705, 1714259883508899850, 1685637533150498817, 1685176293110329345, 'heyzoe', 1697549314865, NULL, NULL, NULL, 0);
INSERT INTO `role_menu` (`id`, `menu_id`, `role_id`, `create_by`, `create_username`, `create_time`, `update_by`, `update_username`, `update_time`, `is_del`) VALUES (1714272191987597313, 1714259883508899851, 1685637533150498817, 1685176293110329345, 'heyzoe', 1697549314870, NULL, NULL, NULL, 0);
INSERT INTO `role_menu` (`id`, `menu_id`, `role_id`, `create_by`, `create_username`, `create_time`, `update_by`, `update_username`, `update_time`, `is_del`) VALUES (1714277352839593985, 1685591138083397634, 1685637446164828162, 1685176293110329345, 'heyzoe', 1697550545310, NULL, NULL, NULL, 0);
INSERT INTO `role_menu` (`id`, `menu_id`, `role_id`, `create_by`, `create_username`, `create_time`, `update_by`, `update_username`, `update_time`, `is_del`) VALUES (1714277352847982594, 1685596650506141698, 1685637446164828162, 1685176293110329345, 'heyzoe', 1697550545313, NULL, NULL, NULL, 0);
INSERT INTO `role_menu` (`id`, `menu_id`, `role_id`, `create_by`, `create_username`, `create_time`, `update_by`, `update_username`, `update_time`, `is_del`) VALUES (1714277352860565506, 1713141167958294529, 1685637446164828162, 1685176293110329345, 'heyzoe', 1697550545314, NULL, NULL, NULL, 0);
INSERT INTO `role_menu` (`id`, `menu_id`, `role_id`, `create_by`, `create_username`, `create_time`, `update_by`, `update_username`, `update_time`, `is_del`) VALUES (1714277352864759809, 1713141167958294530, 1685637446164828162, 1685176293110329345, 'heyzoe', 1697550545323, NULL, NULL, NULL, 0);
INSERT INTO `role_menu` (`id`, `menu_id`, `role_id`, `create_by`, `create_username`, `create_time`, `update_by`, `update_username`, `update_time`, `is_del`) VALUES (1714277352902508546, 1713141167958294534, 1685637446164828162, 1685176293110329345, 'heyzoe', 1697550545330, NULL, NULL, NULL, 0);
INSERT INTO `role_menu` (`id`, `menu_id`, `role_id`, `create_by`, `create_username`, `create_time`, `update_by`, `update_username`, `update_time`, `is_del`) VALUES (1714277352931868674, 1713141167958294535, 1685637446164828162, 1685176293110329345, 'heyzoe', 1697550545331, NULL, NULL, NULL, 0);
INSERT INTO `role_menu` (`id`, `menu_id`, `role_id`, `create_by`, `create_username`, `create_time`, `update_by`, `update_username`, `update_time`, `is_del`) VALUES (1714277352940257281, 1713141167958294538, 1685637446164828162, 1685176293110329345, 'heyzoe', 1697550545333, NULL, NULL, NULL, 0);
INSERT INTO `role_menu` (`id`, `menu_id`, `role_id`, `create_by`, `create_username`, `create_time`, `update_by`, `update_username`, `update_time`, `is_del`) VALUES (1714277352944451586, 1711949529554640897, 1685637446164828162, 1685176293110329345, 'heyzoe', 1697550545341, NULL, NULL, NULL, 0);
INSERT INTO `role_menu` (`id`, `menu_id`, `role_id`, `create_by`, `create_username`, `create_time`, `update_by`, `update_username`, `update_time`, `is_del`) VALUES (1714277352978006018, 1711949529554640898, 1685637446164828162, 1685176293110329345, 'heyzoe', 1697550545342, NULL, NULL, NULL, 0);
INSERT INTO `role_menu` (`id`, `menu_id`, `role_id`, `create_by`, `create_username`, `create_time`, `update_by`, `update_username`, `update_time`, `is_del`) VALUES (1714277352982200321, 1711949529554640899, 1685637446164828162, 1685176293110329345, 'heyzoe', 1697550545344, NULL, NULL, NULL, 0);
INSERT INTO `role_menu` (`id`, `menu_id`, `role_id`, `create_by`, `create_username`, `create_time`, `update_by`, `update_username`, `update_time`, `is_del`) VALUES (1714277352990588930, 1711949529554640902, 1685637446164828162, 1685176293110329345, 'heyzoe', 1697550545345, NULL, NULL, NULL, 0);
INSERT INTO `role_menu` (`id`, `menu_id`, `role_id`, `create_by`, `create_username`, `create_time`, `update_by`, `update_username`, `update_time`, `is_del`) VALUES (1714277352994783233, 1711949529554640903, 1685637446164828162, 1685176293110329345, 'heyzoe', 1697550545346, NULL, NULL, NULL, 0);
INSERT INTO `role_menu` (`id`, `menu_id`, `role_id`, `create_by`, `create_username`, `create_time`, `update_by`, `update_username`, `update_time`, `is_del`) VALUES (1714277353003171842, 1711949529554640906, 1685637446164828162, 1685176293110329345, 'heyzoe', 1697550545348, NULL, NULL, NULL, 0);
INSERT INTO `role_menu` (`id`, `menu_id`, `role_id`, `create_by`, `create_username`, `create_time`, `update_by`, `update_username`, `update_time`, `is_del`) VALUES (1714277353007366145, 1689159904759160833, 1685637446164828162, 1685176293110329345, 'heyzoe', 1697550545349, NULL, NULL, NULL, 0);
INSERT INTO `role_menu` (`id`, `menu_id`, `role_id`, `create_by`, `create_username`, `create_time`, `update_by`, `update_username`, `update_time`, `is_del`) VALUES (1714277353011560450, 1685596540367912961, 1685637446164828162, 1685176293110329345, 'heyzoe', 1697550545351, NULL, NULL, NULL, 0);
INSERT INTO `role_menu` (`id`, `menu_id`, `role_id`, `create_by`, `create_username`, `create_time`, `update_by`, `update_username`, `update_time`, `is_del`) VALUES (1714277353019949058, 1714259883508899843, 1685637446164828162, 1685176293110329345, 'heyzoe', 1697550545358, NULL, NULL, NULL, 0);
INSERT INTO `role_menu` (`id`, `menu_id`, `role_id`, `create_by`, `create_username`, `create_time`, `update_by`, `update_username`, `update_time`, `is_del`) VALUES (1714277353049309185, 1714259883508899844, 1685637446164828162, 1685176293110329345, 'heyzoe', 1697550545360, NULL, NULL, NULL, 0);
INSERT INTO `role_menu` (`id`, `menu_id`, `role_id`, `create_by`, `create_username`, `create_time`, `update_by`, `update_username`, `update_time`, `is_del`) VALUES (1714277353057697793, 1714259883508899845, 1685637446164828162, 1685176293110329345, 'heyzoe', 1697550545361, NULL, NULL, NULL, 0);
INSERT INTO `role_menu` (`id`, `menu_id`, `role_id`, `create_by`, `create_username`, `create_time`, `update_by`, `update_username`, `update_time`, `is_del`) VALUES (1714277353066086402, 1714259883508899846, 1685637446164828162, 1685176293110329345, 'heyzoe', 1697550545363, NULL, NULL, NULL, 0);
INSERT INTO `role_menu` (`id`, `menu_id`, `role_id`, `create_by`, `create_username`, `create_time`, `update_by`, `update_username`, `update_time`, `is_del`) VALUES (1714277353070280706, 1714259883508899847, 1685637446164828162, 1685176293110329345, 'heyzoe', 1697550545364, NULL, NULL, NULL, 0);
INSERT INTO `role_menu` (`id`, `menu_id`, `role_id`, `create_by`, `create_username`, `create_time`, `update_by`, `update_username`, `update_time`, `is_del`) VALUES (1714277353074475010, 1714259883508899848, 1685637446164828162, 1685176293110329345, 'heyzoe', 1697550545365, NULL, NULL, NULL, 0);
INSERT INTO `role_menu` (`id`, `menu_id`, `role_id`, `create_by`, `create_username`, `create_time`, `update_by`, `update_username`, `update_time`, `is_del`) VALUES (1714277353078669314, 1714259883508899849, 1685637446164828162, 1685176293110329345, 'heyzoe', 1697550545367, NULL, NULL, NULL, 0);
INSERT INTO `role_menu` (`id`, `menu_id`, `role_id`, `create_by`, `create_username`, `create_time`, `update_by`, `update_username`, `update_time`, `is_del`) VALUES (1714277353087057921, 1714259883508899850, 1685637446164828162, 1685176293110329345, 'heyzoe', 1697550545368, NULL, NULL, NULL, 0);
INSERT INTO `role_menu` (`id`, `menu_id`, `role_id`, `create_by`, `create_username`, `create_time`, `update_by`, `update_username`, `update_time`, `is_del`) VALUES (1714277353091252225, 1714259883508899851, 1685637446164828162, 1685176293110329345, 'heyzoe', 1697550545369, NULL, NULL, NULL, 0);
INSERT INTO `role_menu` (`id`, `menu_id`, `role_id`, `create_by`, `create_username`, `create_time`, `update_by`, `update_username`, `update_time`, `is_del`) VALUES (1714277353099640834, 1702982791194517505, 1685637446164828162, 1685176293110329345, 'heyzoe', 1697550545371, NULL, NULL, NULL, 0);
INSERT INTO `role_menu` (`id`, `menu_id`, `role_id`, `create_by`, `create_username`, `create_time`, `update_by`, `update_username`, `update_time`, `is_del`) VALUES (1714277353103835137, 1704870126362349569, 1685637446164828162, 1685176293110329345, 'heyzoe', 1697550545372, NULL, NULL, NULL, 0);
INSERT INTO `role_menu` (`id`, `menu_id`, `role_id`, `create_by`, `create_username`, `create_time`, `update_by`, `update_username`, `update_time`, `is_del`) VALUES (1714277353108029441, 1710936957422411778, 1685637446164828162, 1685176293110329345, 'heyzoe', 1697550545373, NULL, NULL, NULL, 0);
INSERT INTO `role_menu` (`id`, `menu_id`, `role_id`, `create_by`, `create_username`, `create_time`, `update_by`, `update_username`, `update_time`, `is_del`) VALUES (1714277353116418050, 1714276006212149251, 1685637446164828162, 1685176293110329345, 'heyzoe', 1697550545375, NULL, NULL, NULL, 0);
INSERT INTO `role_menu` (`id`, `menu_id`, `role_id`, `create_by`, `create_username`, `create_time`, `update_by`, `update_username`, `update_time`, `is_del`) VALUES (1714277353120612354, 1714276006212149252, 1685637446164828162, 1685176293110329345, 'heyzoe', 1697550545376, NULL, NULL, NULL, 0);
INSERT INTO `role_menu` (`id`, `menu_id`, `role_id`, `create_by`, `create_username`, `create_time`, `update_by`, `update_username`, `update_time`, `is_del`) VALUES (1714277353124806658, 1714276006212149253, 1685637446164828162, 1685176293110329345, 'heyzoe', 1697550545378, NULL, NULL, NULL, 0);
INSERT INTO `role_menu` (`id`, `menu_id`, `role_id`, `create_by`, `create_username`, `create_time`, `update_by`, `update_username`, `update_time`, `is_del`) VALUES (1714277353133195266, 1714276006212149254, 1685637446164828162, 1685176293110329345, 'heyzoe', 1697550545380, NULL, NULL, NULL, 0);
INSERT INTO `role_menu` (`id`, `menu_id`, `role_id`, `create_by`, `create_username`, `create_time`, `update_by`, `update_username`, `update_time`, `is_del`) VALUES (1714277353141583873, 1714276006212149255, 1685637446164828162, 1685176293110329345, 'heyzoe', 1697550545381, NULL, NULL, NULL, 0);
INSERT INTO `role_menu` (`id`, `menu_id`, `role_id`, `create_by`, `create_username`, `create_time`, `update_by`, `update_username`, `update_time`, `is_del`) VALUES (1714277353145778177, 1711916876302409729, 1685637446164828162, 1685176293110329345, 'heyzoe', 1697550545382, NULL, NULL, NULL, 0);
INSERT INTO `role_menu` (`id`, `menu_id`, `role_id`, `create_by`, `create_username`, `create_time`, `update_by`, `update_username`, `update_time`, `is_del`) VALUES (1714277353149972482, 1711916876302409730, 1685637446164828162, 1685176293110329345, 'heyzoe', 1697550545384, NULL, NULL, NULL, 0);
INSERT INTO `role_menu` (`id`, `menu_id`, `role_id`, `create_by`, `create_username`, `create_time`, `update_by`, `update_username`, `update_time`, `is_del`) VALUES (1714277353158361090, 1711916876306604034, 1685637446164828162, 1685176293110329345, 'heyzoe', 1697550545386, NULL, NULL, NULL, 0);
INSERT INTO `role_menu` (`id`, `menu_id`, `role_id`, `create_by`, `create_username`, `create_time`, `update_by`, `update_username`, `update_time`, `is_del`) VALUES (1714277353166749697, 1711916876306604035, 1685637446164828162, 1685176293110329345, 'heyzoe', 1697550545388, NULL, NULL, NULL, 0);
INSERT INTO `role_menu` (`id`, `menu_id`, `role_id`, `create_by`, `create_username`, `create_time`, `update_by`, `update_username`, `update_time`, `is_del`) VALUES (1714277353179332609, 1711916876306604036, 1685637446164828162, 1685176293110329345, 'heyzoe', 1697550545390, NULL, NULL, NULL, 0);
INSERT INTO `role_menu` (`id`, `menu_id`, `role_id`, `create_by`, `create_username`, `create_time`, `update_by`, `update_username`, `update_time`, `is_del`) VALUES (1714277353183526913, 1711916876306604037, 1685637446164828162, 1685176293110329345, 'heyzoe', 1697550545391, NULL, NULL, NULL, 0);
INSERT INTO `role_menu` (`id`, `menu_id`, `role_id`, `create_by`, `create_username`, `create_time`, `update_by`, `update_username`, `update_time`, `is_del`) VALUES (1714277353187721217, 1711916876306604038, 1685637446164828162, 1685176293110329345, 'heyzoe', 1697550545393, NULL, NULL, NULL, 0);
INSERT INTO `role_menu` (`id`, `menu_id`, `role_id`, `create_by`, `create_username`, `create_time`, `update_by`, `update_username`, `update_time`, `is_del`) VALUES (1714277353196109825, 1711916876306604039, 1685637446164828162, 1685176293110329345, 'heyzoe', 1697550545395, NULL, NULL, NULL, 0);
INSERT INTO `role_menu` (`id`, `menu_id`, `role_id`, `create_by`, `create_username`, `create_time`, `update_by`, `update_username`, `update_time`, `is_del`) VALUES (1714277353204498433, 1711916876306604040, 1685637446164828162, 1685176293110329345, 'heyzoe', 1697550545396, NULL, NULL, NULL, 0);
INSERT INTO `role_menu` (`id`, `menu_id`, `role_id`, `create_by`, `create_username`, `create_time`, `update_by`, `update_username`, `update_time`, `is_del`) VALUES (1714277353208692737, 1711916876306604041, 1685637446164828162, 1685176293110329345, 'heyzoe', 1697550545397, NULL, NULL, NULL, 0);
INSERT INTO `role_menu` (`id`, `menu_id`, `role_id`, `create_by`, `create_username`, `create_time`, `update_by`, `update_username`, `update_time`, `is_del`) VALUES (1714277353212887042, 1705041758494162946, 1685637446164828162, 1685176293110329345, 'heyzoe', 1697550545400, NULL, NULL, NULL, 0);
INSERT INTO `role_menu` (`id`, `menu_id`, `role_id`, `create_by`, `create_username`, `create_time`, `update_by`, `update_username`, `update_time`, `is_del`) VALUES (1714277353225469953, 1713208574194257922, 1685637446164828162, 1685176293110329345, 'heyzoe', 1697550545403, NULL, NULL, NULL, 0);
INSERT INTO `role_menu` (`id`, `menu_id`, `role_id`, `create_by`, `create_username`, `create_time`, `update_by`, `update_username`, `update_time`, `is_del`) VALUES (1714277353238052866, 1713826885871493122, 1685637446164828162, 1685176293110329345, 'heyzoe', 1697550545404, NULL, NULL, NULL, 0);
INSERT INTO `role_menu` (`id`, `menu_id`, `role_id`, `create_by`, `create_username`, `create_time`, `update_by`, `update_username`, `update_time`, `is_del`) VALUES (1714277353242247170, 1713826885871493123, 1685637446164828162, 1685176293110329345, 'heyzoe', 1697550545405, NULL, NULL, NULL, 0);
INSERT INTO `role_menu` (`id`, `menu_id`, `role_id`, `create_by`, `create_username`, `create_time`, `update_by`, `update_username`, `update_time`, `is_del`) VALUES (1714277353250635778, 1713826885871493124, 1685637446164828162, 1685176293110329345, 'heyzoe', 1697550545407, NULL, NULL, NULL, 0);
INSERT INTO `role_menu` (`id`, `menu_id`, `role_id`, `create_by`, `create_username`, `create_time`, `update_by`, `update_username`, `update_time`, `is_del`) VALUES (1714277353259024386, 1713826885871493125, 1685637446164828162, 1685176293110329345, 'heyzoe', 1697550545409, NULL, NULL, NULL, 0);
INSERT INTO `role_menu` (`id`, `menu_id`, `role_id`, `create_by`, `create_username`, `create_time`, `update_by`, `update_username`, `update_time`, `is_del`) VALUES (1714277353263218690, 1713826885871493126, 1685637446164828162, 1685176293110329345, 'heyzoe', 1697550545411, NULL, NULL, NULL, 0);
INSERT INTO `role_menu` (`id`, `menu_id`, `role_id`, `create_by`, `create_username`, `create_time`, `update_by`, `update_username`, `update_time`, `is_del`) VALUES (1714277353271607297, 1713826885871493127, 1685637446164828162, 1685176293110329345, 'heyzoe', 1697550545412, NULL, NULL, NULL, 0);
INSERT INTO `role_menu` (`id`, `menu_id`, `role_id`, `create_by`, `create_username`, `create_time`, `update_by`, `update_username`, `update_time`, `is_del`) VALUES (1714277353275801602, 1713826885871493128, 1685637446164828162, 1685176293110329345, 'heyzoe', 1697550545414, NULL, NULL, NULL, 0);
INSERT INTO `role_menu` (`id`, `menu_id`, `role_id`, `create_by`, `create_username`, `create_time`, `update_by`, `update_username`, `update_time`, `is_del`) VALUES (1714450264410308609, 1689159904759160833, 1685637573336125442, 1685176293110329345, 'heyzoe', 1697591770641, NULL, NULL, NULL, 0);
INSERT INTO `role_menu` (`id`, `menu_id`, `role_id`, `create_by`, `create_username`, `create_time`, `update_by`, `update_username`, `update_time`, `is_del`) VALUES (1714450264422891522, 1685596540367912961, 1685637573336125442, 1685176293110329345, 'heyzoe', 1697591770643, NULL, NULL, NULL, 0);
INSERT INTO `role_menu` (`id`, `menu_id`, `role_id`, `create_by`, `create_username`, `create_time`, `update_by`, `update_username`, `update_time`, `is_del`) VALUES (1714450264427085826, 1714259883508899843, 1685637573336125442, 1685176293110329345, 'heyzoe', 1697591770644, NULL, NULL, NULL, 0);
INSERT INTO `role_menu` (`id`, `menu_id`, `role_id`, `create_by`, `create_username`, `create_time`, `update_by`, `update_username`, `update_time`, `is_del`) VALUES (1714450264431280130, 1714259883508899844, 1685637573336125442, 1685176293110329345, 'heyzoe', 1697591770645, NULL, NULL, NULL, 0);
INSERT INTO `role_menu` (`id`, `menu_id`, `role_id`, `create_by`, `create_username`, `create_time`, `update_by`, `update_username`, `update_time`, `is_del`) VALUES (1714450264435474433, 1714259883508899845, 1685637573336125442, 1685176293110329345, 'heyzoe', 1697591770646, NULL, NULL, NULL, 0);
INSERT INTO `role_menu` (`id`, `menu_id`, `role_id`, `create_by`, `create_username`, `create_time`, `update_by`, `update_username`, `update_time`, `is_del`) VALUES (1714450264439668737, 1714259883508899846, 1685637573336125442, 1685176293110329345, 'heyzoe', 1697591770647, NULL, NULL, NULL, 0);
INSERT INTO `role_menu` (`id`, `menu_id`, `role_id`, `create_by`, `create_username`, `create_time`, `update_by`, `update_username`, `update_time`, `is_del`) VALUES (1714450264448057346, 1714259883508899847, 1685637573336125442, 1685176293110329345, 'heyzoe', 1697591770649, NULL, NULL, NULL, 0);
INSERT INTO `role_menu` (`id`, `menu_id`, `role_id`, `create_by`, `create_username`, `create_time`, `update_by`, `update_username`, `update_time`, `is_del`) VALUES (1714450264452251650, 1714259883508899848, 1685637573336125442, 1685176293110329345, 'heyzoe', 1697591770650, NULL, NULL, NULL, 0);
INSERT INTO `role_menu` (`id`, `menu_id`, `role_id`, `create_by`, `create_username`, `create_time`, `update_by`, `update_username`, `update_time`, `is_del`) VALUES (1714450264456445953, 1714259883508899849, 1685637573336125442, 1685176293110329345, 'heyzoe', 1697591770651, NULL, NULL, NULL, 0);
INSERT INTO `role_menu` (`id`, `menu_id`, `role_id`, `create_by`, `create_username`, `create_time`, `update_by`, `update_username`, `update_time`, `is_del`) VALUES (1714450264460640257, 1714259883508899850, 1685637573336125442, 1685176293110329345, 'heyzoe', 1697591770652, NULL, NULL, NULL, 0);
INSERT INTO `role_menu` (`id`, `menu_id`, `role_id`, `create_by`, `create_username`, `create_time`, `update_by`, `update_username`, `update_time`, `is_del`) VALUES (1714450264464834561, 1714259883508899851, 1685637573336125442, 1685176293110329345, 'heyzoe', 1697591770653, NULL, NULL, NULL, 0);
INSERT INTO `role_menu` (`id`, `menu_id`, `role_id`, `create_by`, `create_username`, `create_time`, `update_by`, `update_username`, `update_time`, `is_del`) VALUES (1714450264473223170, 1702982791194517505, 1685637573336125442, 1685176293110329345, 'heyzoe', 1697591770655, NULL, NULL, NULL, 0);
INSERT INTO `role_menu` (`id`, `menu_id`, `role_id`, `create_by`, `create_username`, `create_time`, `update_by`, `update_username`, `update_time`, `is_del`) VALUES (1714450264477417473, 1704870126362349569, 1685637573336125442, 1685176293110329345, 'heyzoe', 1697591770656, NULL, NULL, NULL, 0);
INSERT INTO `role_menu` (`id`, `menu_id`, `role_id`, `create_by`, `create_username`, `create_time`, `update_by`, `update_username`, `update_time`, `is_del`) VALUES (1714450264481611777, 1710936957422411778, 1685637573336125442, 1685176293110329345, 'heyzoe', 1697591770657, NULL, NULL, NULL, 0);
INSERT INTO `role_menu` (`id`, `menu_id`, `role_id`, `create_by`, `create_username`, `create_time`, `update_by`, `update_username`, `update_time`, `is_del`) VALUES (1714450264485806082, 1714276006212149251, 1685637573336125442, 1685176293110329345, 'heyzoe', 1697591770658, NULL, NULL, NULL, 0);
INSERT INTO `role_menu` (`id`, `menu_id`, `role_id`, `create_by`, `create_username`, `create_time`, `update_by`, `update_username`, `update_time`, `is_del`) VALUES (1714450264494194690, 1714276006212149252, 1685637573336125442, 1685176293110329345, 'heyzoe', 1697591770660, NULL, NULL, NULL, 0);
INSERT INTO `role_menu` (`id`, `menu_id`, `role_id`, `create_by`, `create_username`, `create_time`, `update_by`, `update_username`, `update_time`, `is_del`) VALUES (1714450264498388993, 1714276006212149253, 1685637573336125442, 1685176293110329345, 'heyzoe', 1697591770661, NULL, NULL, NULL, 0);
INSERT INTO `role_menu` (`id`, `menu_id`, `role_id`, `create_by`, `create_username`, `create_time`, `update_by`, `update_username`, `update_time`, `is_del`) VALUES (1714450264502583297, 1714276006212149254, 1685637573336125442, 1685176293110329345, 'heyzoe', 1697591770662, NULL, NULL, NULL, 0);
INSERT INTO `role_menu` (`id`, `menu_id`, `role_id`, `create_by`, `create_username`, `create_time`, `update_by`, `update_username`, `update_time`, `is_del`) VALUES (1714450264506777602, 1714276006212149255, 1685637573336125442, 1685176293110329345, 'heyzoe', 1697591770663, NULL, NULL, NULL, 0);
INSERT INTO `role_menu` (`id`, `menu_id`, `role_id`, `create_by`, `create_username`, `create_time`, `update_by`, `update_username`, `update_time`, `is_del`) VALUES (1714450264510971905, 1711916876302409729, 1685637573336125442, 1685176293110329345, 'heyzoe', 1697591770664, NULL, NULL, NULL, 0);
INSERT INTO `role_menu` (`id`, `menu_id`, `role_id`, `create_by`, `create_username`, `create_time`, `update_by`, `update_username`, `update_time`, `is_del`) VALUES (1714450264515166209, 1711916876302409730, 1685637573336125442, 1685176293110329345, 'heyzoe', 1697591770665, NULL, NULL, NULL, 0);
INSERT INTO `role_menu` (`id`, `menu_id`, `role_id`, `create_by`, `create_username`, `create_time`, `update_by`, `update_username`, `update_time`, `is_del`) VALUES (1714450264519360513, 1711916876306604034, 1685637573336125442, 1685176293110329345, 'heyzoe', 1697591770666, NULL, NULL, NULL, 0);
INSERT INTO `role_menu` (`id`, `menu_id`, `role_id`, `create_by`, `create_username`, `create_time`, `update_by`, `update_username`, `update_time`, `is_del`) VALUES (1714450264527749122, 1711916876306604035, 1685637573336125442, 1685176293110329345, 'heyzoe', 1697591770668, NULL, NULL, NULL, 0);
INSERT INTO `role_menu` (`id`, `menu_id`, `role_id`, `create_by`, `create_username`, `create_time`, `update_by`, `update_username`, `update_time`, `is_del`) VALUES (1714450264531943425, 1711916876306604036, 1685637573336125442, 1685176293110329345, 'heyzoe', 1697591770669, NULL, NULL, NULL, 0);
INSERT INTO `role_menu` (`id`, `menu_id`, `role_id`, `create_by`, `create_username`, `create_time`, `update_by`, `update_username`, `update_time`, `is_del`) VALUES (1714450264536137729, 1711916876306604037, 1685637573336125442, 1685176293110329345, 'heyzoe', 1697591770670, NULL, NULL, NULL, 0);
INSERT INTO `role_menu` (`id`, `menu_id`, `role_id`, `create_by`, `create_username`, `create_time`, `update_by`, `update_username`, `update_time`, `is_del`) VALUES (1714450264540332033, 1711916876306604038, 1685637573336125442, 1685176293110329345, 'heyzoe', 1697591770671, NULL, NULL, NULL, 0);
INSERT INTO `role_menu` (`id`, `menu_id`, `role_id`, `create_by`, `create_username`, `create_time`, `update_by`, `update_username`, `update_time`, `is_del`) VALUES (1714450264544526337, 1711916876306604039, 1685637573336125442, 1685176293110329345, 'heyzoe', 1697591770673, NULL, NULL, NULL, 0);
INSERT INTO `role_menu` (`id`, `menu_id`, `role_id`, `create_by`, `create_username`, `create_time`, `update_by`, `update_username`, `update_time`, `is_del`) VALUES (1714450264552914945, 1711916876306604040, 1685637573336125442, 1685176293110329345, 'heyzoe', 1697591770674, NULL, NULL, NULL, 0);
INSERT INTO `role_menu` (`id`, `menu_id`, `role_id`, `create_by`, `create_username`, `create_time`, `update_by`, `update_username`, `update_time`, `is_del`) VALUES (1714450264557109249, 1711916876306604041, 1685637573336125442, 1685176293110329345, 'heyzoe', 1697591770675, NULL, NULL, NULL, 0);
INSERT INTO `role_menu` (`id`, `menu_id`, `role_id`, `create_by`, `create_username`, `create_time`, `update_by`, `update_username`, `update_time`, `is_del`) VALUES (1714450264565497858, 1705041758494162946, 1685637573336125442, 1685176293110329345, 'heyzoe', 1697591770677, NULL, NULL, NULL, 0);
COMMIT;

-- ----------------------------
-- Table structure for scheduled_task
-- ----------------------------
DROP TABLE IF EXISTS `scheduled_task`;
CREATE TABLE `scheduled_task` (
  `id` bigint NOT NULL COMMENT 'id',
  `job_name` varchar(100) CHARACTER SET utf8mb4 COLLATE utf8mb4_bin NOT NULL COMMENT '任务名',
  `job_group` varchar(255) CHARACTER SET utf8mb4 COLLATE utf8mb4_bin NOT NULL COMMENT '任务分组',
  `job_key` varchar(255) CHARACTER SET utf8mb4 COLLATE utf8mb4_bin NOT NULL COMMENT '任务key',
  `instruction` int NOT NULL DEFAULT '2' COMMENT '超时策略  #0：触发补偿 ，1：触发1次 ，2：不触发',
  `description` varchar(255) CHARACTER SET utf8mb4 COLLATE utf8mb4_bin DEFAULT NULL COMMENT '任务描述',
  `cron` varchar(100) CHARACTER SET utf8mb4 COLLATE utf8mb4_bin DEFAULT NULL COMMENT 'cron表达式',
  `job_params` varchar(255) CHARACTER SET utf8mb4 COLLATE utf8mb4_bin DEFAULT NULL COMMENT '任务参数',
  `job_status` int NOT NULL DEFAULT '1' COMMENT '任务状态  #1：正常 ，2：暂停',
  `sort` int NOT NULL DEFAULT '0' COMMENT '排序',
  `remarks` varchar(255) CHARACTER SET utf8mb4 COLLATE utf8mb4_bin DEFAULT NULL COMMENT '备注',
  `create_by` bigint NOT NULL COMMENT '创建者',
  `create_username` varchar(20) CHARACTER SET utf8mb4 COLLATE utf8mb4_bin NOT NULL COMMENT '创建者账号',
  `create_time` bigint NOT NULL COMMENT '创建时间',
  `update_by` bigint DEFAULT NULL COMMENT '更新者',
  `update_username` varchar(255) CHARACTER SET utf8mb4 COLLATE utf8mb4_bin DEFAULT NULL COMMENT '更新者账号',
  `update_time` bigint DEFAULT NULL COMMENT '更新时间',
  `is_del` int NOT NULL DEFAULT '0' COMMENT '逻辑删除状态 0：未删除 1：已删除',
  PRIMARY KEY (`id`) USING BTREE
) ENGINE=InnoDB DEFAULT CHARSET=utf8mb4 COLLATE=utf8mb4_bin COMMENT='定时任务';

-- ----------------------------
-- Records of scheduled_task
-- ----------------------------
BEGIN;
INSERT INTO `scheduled_task` (`id`, `job_name`, `job_group`, `job_key`, `instruction`, `description`, `cron`, `job_params`, `job_status`, `sort`, `remarks`, `create_by`, `create_username`, `create_time`, `update_by`, `update_username`, `update_time`, `is_del`) VALUES (1687831231841968130, '每秒执行测试', 'group', 'test1', 2, '每秒执行测试', '0/1 * * * * ?', '1111', 2, 0, NULL, 1685176293110329345, '', 1691245298724, 1685176293110329345, NULL, 1691248117328, 0);
INSERT INTO `scheduled_task` (`id`, `job_name`, `job_group`, `job_key`, `instruction`, `description`, `cron`, `job_params`, `job_status`, `sort`, `remarks`, `create_by`, `create_username`, `create_time`, `update_by`, `update_username`, `update_time`, `is_del`) VALUES (1687832570160607233, '每5秒执行测试', 'group1', 'test2', 2, '每5秒执行测试', '0/5 * * * * ?', '1111', 2, 0, NULL, 1685176293110329345, '', 1691245617807, 1685176293110329345, 'heyzoe', 1697523695833, 0);
COMMIT;

-- ----------------------------
-- Table structure for sys_config
-- ----------------------------
DROP TABLE IF EXISTS `sys_config`;
CREATE TABLE `sys_config` (
  `id` bigint NOT NULL COMMENT 'id',
  `domain_id` bigint NOT NULL COMMENT '配置域ID',
  `code` varchar(100) CHARACTER SET utf8mb4 COLLATE utf8mb4_bin NOT NULL COMMENT '配置key',
  `value` varchar(255) CHARACTER SET utf8mb4 COLLATE utf8mb4_bin NOT NULL DEFAULT '' COMMENT '配置value值',
  `name` varchar(255) CHARACTER SET utf8mb4 COLLATE utf8mb4_bin NOT NULL COMMENT '配置名称',
  `remarks` varchar(255) CHARACTER SET utf8mb4 COLLATE utf8mb4_bin DEFAULT NULL COMMENT '备注',
  `status` int NOT NULL DEFAULT '1' COMMENT '配置状态 #1：正常， 2：禁用',
  `sort` int NOT NULL DEFAULT '0' COMMENT '排序',
  `create_by` bigint NOT NULL COMMENT '创建者',
  `create_username` varchar(20) CHARACTER SET utf8mb4 COLLATE utf8mb4_bin NOT NULL COMMENT '创建者账号',
  `create_time` bigint NOT NULL COMMENT '创建时间',
  `update_by` bigint DEFAULT NULL COMMENT '更新者',
  `update_username` varchar(255) CHARACTER SET utf8mb4 COLLATE utf8mb4_bin DEFAULT NULL COMMENT '更新者账号',
  `update_time` bigint DEFAULT NULL COMMENT '更新时间',
  `is_del` int NOT NULL DEFAULT '0' COMMENT '逻辑删除状态 0：未删除 1：已删除',
  PRIMARY KEY (`id`) USING BTREE
) ENGINE=InnoDB DEFAULT CHARSET=utf8mb4 COLLATE=utf8mb4_bin COMMENT='系统配置';

-- ----------------------------
-- Records of sys_config
-- ----------------------------
BEGIN;
INSERT INTO `sys_config` (`id`, `domain_id`, `code`, `value`, `name`, `remarks`, `status`, `sort`, `create_by`, `create_username`, `create_time`, `update_by`, `update_username`, `update_time`, `is_del`) VALUES (1685242984854978561, 1685229146134843394, 'test', '111', 'hahah', NULL, 1, 0, 1685176293110329345, '', 1690628212557, 1685176293110329345, NULL, 1690629065387, 1);
INSERT INTO `sys_config` (`id`, `domain_id`, `code`, `value`, `name`, `remarks`, `status`, `sort`, `create_by`, `create_username`, `create_time`, `update_by`, `update_username`, `update_time`, `is_del`) VALUES (1685243071739985922, 1685229146134843394, 'test1', '111', '测试', NULL, 1, 0, 1685176293110329345, '', 1690628233271, NULL, NULL, NULL, 1);
INSERT INTO `sys_config` (`id`, `domain_id`, `code`, `value`, `name`, `remarks`, `status`, `sort`, `create_by`, `create_username`, `create_time`, `update_by`, `update_username`, `update_time`, `is_del`) VALUES (1685243187922206722, 1685229146134843394, 'test2', '111', '测试', '大大', 1, 1, 1685176293110329345, '', 1690628260968, NULL, NULL, NULL, 1);
INSERT INTO `sys_config` (`id`, `domain_id`, `code`, `value`, `name`, `remarks`, `status`, `sort`, `create_by`, `create_username`, `create_time`, `update_by`, `update_username`, `update_time`, `is_del`) VALUES (1685243378813370370, 1685229146134843394, 'test3', '111', '测试', '大大', 0, 1, 1685176293110329345, '', 1690628306479, 1685176293110329345, NULL, 1690628322718, 1);
INSERT INTO `sys_config` (`id`, `domain_id`, `code`, `value`, `name`, `remarks`, `status`, `sort`, `create_by`, `create_username`, `create_time`, `update_by`, `update_username`, `update_time`, `is_del`) VALUES (1686341697274916866, 1685242006038642690, 'hhh', '哈哈值', '哈哈哈配置', '', 1, 0, 1685176293110329345, '', 1690890166008, NULL, NULL, NULL, 0);
INSERT INTO `sys_config` (`id`, `domain_id`, `code`, `value`, `name`, `remarks`, `status`, `sort`, `create_by`, `create_username`, `create_time`, `update_by`, `update_username`, `update_time`, `is_del`) VALUES (1699708301744381954, 1699708024668659713, 'data_dict_get_way', '2', '数据字典获取方式', '数据字典获取方式 1：每次加载页面获取 2：全局缓存', 1, 0, 1685176293110329345, '', 1694077012854, NULL, NULL, NULL, 0);
COMMIT;

-- ----------------------------
-- Table structure for sys_config_domain
-- ----------------------------
DROP TABLE IF EXISTS `sys_config_domain`;
CREATE TABLE `sys_config_domain` (
  `id` bigint NOT NULL COMMENT 'id',
  `code` varchar(100) CHARACTER SET utf8mb4 COLLATE utf8mb4_bin NOT NULL COMMENT '域key',
  `name` varchar(255) CHARACTER SET utf8mb4 COLLATE utf8mb4_bin NOT NULL COMMENT '域名称',
  `status` int NOT NULL DEFAULT '1' COMMENT '配置域状态 #1：正常， 2：禁用',
  `remarks` varchar(255) CHARACTER SET utf8mb4 COLLATE utf8mb4_bin DEFAULT NULL COMMENT '备注',
  `sort` int NOT NULL DEFAULT '0' COMMENT '排序',
  `create_by` bigint NOT NULL COMMENT '创建者',
  `create_username` varchar(20) CHARACTER SET utf8mb4 COLLATE utf8mb4_bin NOT NULL COMMENT '创建者账号',
  `create_time` bigint NOT NULL COMMENT '创建时间',
  `update_by` bigint DEFAULT NULL COMMENT '更新者',
  `update_username` varchar(255) CHARACTER SET utf8mb4 COLLATE utf8mb4_bin DEFAULT NULL COMMENT '更新者账号',
  `update_time` bigint DEFAULT NULL COMMENT '更新时间',
  `is_del` int NOT NULL DEFAULT '0' COMMENT '逻辑删除状态 0：未删除 1：已删除',
  PRIMARY KEY (`id`) USING BTREE
) ENGINE=InnoDB DEFAULT CHARSET=utf8mb4 COLLATE=utf8mb4_bin COMMENT='系统配置域';

-- ----------------------------
-- Records of sys_config_domain
-- ----------------------------
BEGIN;
INSERT INTO `sys_config_domain` (`id`, `code`, `name`, `status`, `remarks`, `sort`, `create_by`, `create_username`, `create_time`, `update_by`, `update_username`, `update_time`, `is_del`) VALUES (1685229146134843394, 'test', 'dadada', 0, '', 0, 1685176293110329345, '', 1690624913144, 1685176293110329345, NULL, 1690629274323, 1);
INSERT INTO `sys_config_domain` (`id`, `code`, `name`, `status`, `remarks`, `sort`, `create_by`, `create_username`, `create_time`, `update_by`, `update_username`, `update_time`, `is_del`) VALUES (1685242006038642690, 'test1', '测试1', 1, NULL, 0, 1685176293110329345, '', 1690627979185, NULL, NULL, NULL, 0);
INSERT INTO `sys_config_domain` (`id`, `code`, `name`, `status`, `remarks`, `sort`, `create_by`, `create_username`, `create_time`, `update_by`, `update_username`, `update_time`, `is_del`) VALUES (1699708024668659713, 'global', '全局配置', 1, '系统全局配置', 0, 1685176293110329345, '', 1694076946789, NULL, NULL, NULL, 0);
COMMIT;

-- ----------------------------
-- Table structure for sys_file
-- ----------------------------
DROP TABLE IF EXISTS `sys_file`;
CREATE TABLE `sys_file` (
  `id` bigint NOT NULL COMMENT 'id',
  `type` varchar(50) CHARACTER SET utf8mb4 COLLATE utf8mb4_bin NOT NULL COMMENT '文件类型',
  `url` varchar(255) CHARACTER SET utf8mb4 COLLATE utf8mb4_bin NOT NULL COMMENT '文件地址',
  `name` varchar(255) CHARACTER SET utf8mb4 COLLATE utf8mb4_bin NOT NULL COMMENT '文件名称',
  `create_by` bigint NOT NULL COMMENT '创建者',
  `create_username` varchar(20) CHARACTER SET utf8mb4 COLLATE utf8mb4_bin NOT NULL COMMENT '创建者账号',
  `create_time` bigint NOT NULL COMMENT '创建时间',
  `update_by` bigint DEFAULT NULL COMMENT '更新者',
  `update_username` varchar(255) CHARACTER SET utf8mb4 COLLATE utf8mb4_bin DEFAULT NULL COMMENT '更新者账号',
  `update_time` bigint DEFAULT NULL COMMENT '更新时间',
  `is_del` int NOT NULL DEFAULT '0' COMMENT '逻辑删除状态 0：未删除 1：已删除',
  PRIMARY KEY (`id`) USING BTREE
) ENGINE=InnoDB DEFAULT CHARSET=utf8mb4 COLLATE=utf8mb4_bin COMMENT='系统文件';

-- ----------------------------
-- Records of sys_file
-- ----------------------------
BEGIN;
COMMIT;

-- ----------------------------
-- Table structure for task_log
-- ----------------------------
DROP TABLE IF EXISTS `task_log`;
CREATE TABLE `task_log` (
  `id` bigint NOT NULL COMMENT '主键ID',
  `task_id` bigint NOT NULL COMMENT '定时任务ID',
  `job_name` varchar(100) CHARACTER SET utf8mb4 COLLATE utf8mb4_bin NOT NULL COMMENT '任务名',
  `job_group` varchar(255) CHARACTER SET utf8mb4 COLLATE utf8mb4_bin NOT NULL COMMENT '任务分组',
  `job_key` varchar(255) CHARACTER SET utf8mb4 COLLATE utf8mb4_bin NOT NULL COMMENT '任务key',
  `instruction` int NOT NULL DEFAULT '2' COMMENT '超时策略  #0：全部补偿， 1：补偿1次 ，2：不补偿',
  `cron` varchar(100) CHARACTER SET utf8mb4 COLLATE utf8mb4_bin DEFAULT NULL COMMENT 'cron表达式',
  `job_params` varchar(255) CHARACTER SET utf8mb4 COLLATE utf8mb4_bin DEFAULT NULL COMMENT '任务参数',
  `start_time` bigint NOT NULL COMMENT '开始时间/ms',
  `end_time` bigint NOT NULL COMMENT '结束时间/ms',
  `handle_time` bigint NOT NULL COMMENT '处理时间/ms',
  `status` varchar(10) CHARACTER SET utf8mb4 COLLATE utf8mb4_bin DEFAULT NULL COMMENT '执行状态 #SUCCESS：成功，FAIL：失败',
  `create_by` bigint NOT NULL COMMENT '创建者',
  `create_username` varchar(20) CHARACTER SET utf8mb4 COLLATE utf8mb4_bin NOT NULL COMMENT '创建者账号',
  `create_time` bigint NOT NULL COMMENT '创建时间',
  `update_by` bigint DEFAULT NULL COMMENT '更新者',
  `update_username` varchar(255) CHARACTER SET utf8mb4 COLLATE utf8mb4_bin DEFAULT NULL COMMENT '更新者账号',
  `update_time` bigint DEFAULT NULL COMMENT '更新时间',
  `is_del` int NOT NULL DEFAULT '0' COMMENT '逻辑删除状态 0：未删除 1：已删除',
  PRIMARY KEY (`id`) USING BTREE
) ENGINE=InnoDB DEFAULT CHARSET=utf8mb4 COLLATE=utf8mb4_bin COMMENT='调度日志';

-- ----------------------------
-- Records of task_log
-- ----------------------------
BEGIN;
INSERT INTO `task_log` (`id`, `task_id`, `job_name`, `job_group`, `job_key`, `instruction`, `cron`, `job_params`, `start_time`, `end_time`, `handle_time`, `status`, `create_by`, `create_username`, `create_time`, `update_by`, `update_username`, `update_time`, `is_del`) VALUES (1688196269773697026, 1687831231841968130, '每秒执行测试', 'group', 'test1', 2, '0/1 * * * * ?', '1111', 1691332329133, 1691332329134, 1, 'SUCCESS', 1685176293110329345, '', 1691245298724, 1685176293110329345, NULL, 1691248117328, 0);
INSERT INTO `task_log` (`id`, `task_id`, `job_name`, `job_group`, `job_key`, `instruction`, `cron`, `job_params`, `start_time`, `end_time`, `handle_time`, `status`, `create_by`, `create_username`, `create_time`, `update_by`, `update_username`, `update_time`, `is_del`) VALUES (1689284885669261313, 1687831231841968130, '每秒执行测试', 'group', 'test1', 2, '0/1 * * * * ?', '1111', 1691591876746, 1691591876747, 1, 'SUCCESS', 1685176293110329345, '', 1691245298724, 1685176293110329345, NULL, 1691248117328, 0);
INSERT INTO `task_log` (`id`, `task_id`, `job_name`, `job_group`, `job_key`, `instruction`, `cron`, `job_params`, `start_time`, `end_time`, `handle_time`, `status`, `create_by`, `create_username`, `create_time`, `update_by`, `update_username`, `update_time`, `is_del`) VALUES (1689666138759245826, 1687831231841968130, '每秒执行测试', 'group', 'test1', 2, '0/1 * * * * ?', '1111', 1691682774556, 1691682774560, 4, 'SUCCESS', 1685176293110329345, '', 1691245298724, 1685176293110329345, NULL, 1691248117328, 0);
INSERT INTO `task_log` (`id`, `task_id`, `job_name`, `job_group`, `job_key`, `instruction`, `cron`, `job_params`, `start_time`, `end_time`, `handle_time`, `status`, `create_by`, `create_username`, `create_time`, `update_by`, `update_username`, `update_time`, `is_del`) VALUES (1690422674129444865, 1687831231841968130, '每秒执行测试', 'group', 'test1', 2, '0/1 * * * * ?', '1111', 1691863146436, 1691863146437, 1, 'SUCCESS', 1685176293110329345, '', 1691245298724, 1685176293110329345, NULL, 1691248117328, 0);
INSERT INTO `task_log` (`id`, `task_id`, `job_name`, `job_group`, `job_key`, `instruction`, `cron`, `job_params`, `start_time`, `end_time`, `handle_time`, `status`, `create_by`, `create_username`, `create_time`, `update_by`, `update_username`, `update_time`, `is_del`) VALUES (1701543233613590530, 1687831231841968130, '每秒执行测试', 'group', 'test1', 2, '0/1 * * * * ?', '1111', 1694514494643, 1694514494643, 0, 'SUCCESS', 1685176293110329345, '', 1694514494643, 1685176293110329345, NULL, 1694514494643, 0);
INSERT INTO `task_log` (`id`, `task_id`, `job_name`, `job_group`, `job_key`, `instruction`, `cron`, `job_params`, `start_time`, `end_time`, `handle_time`, `status`, `create_by`, `create_username`, `create_time`, `update_by`, `update_username`, `update_time`, `is_del`) VALUES (1702974769185464321, 1687831231841968130, '每秒执行测试', 'group', 'test1', 2, '0/1 * * * * ?', '1111', 1694855799317, 1694855799318, 1, 'SUCCESS', 1685176293110329345, '', 1694855799318, NULL, NULL, 1694855799318, 0);
INSERT INTO `task_log` (`id`, `task_id`, `job_name`, `job_group`, `job_key`, `instruction`, `cron`, `job_params`, `start_time`, `end_time`, `handle_time`, `status`, `create_by`, `create_username`, `create_time`, `update_by`, `update_username`, `update_time`, `is_del`) VALUES (1703367121255276545, 1687831231841968130, '每秒执行测试', 'group', 'test1', 2, '0/1 * * * * ?', '1111', 1694949342107, 1694949342107, 0, 'SUCCESS', 1685176293110329345, '', 1694949342107, NULL, NULL, 1694949342107, 0);
INSERT INTO `task_log` (`id`, `task_id`, `job_name`, `job_group`, `job_key`, `instruction`, `cron`, `job_params`, `start_time`, `end_time`, `handle_time`, `status`, `create_by`, `create_username`, `create_time`, `update_by`, `update_username`, `update_time`, `is_del`) VALUES (1703401410571304961, 1687831231841968130, '每秒执行测试', 'group', 'test1', 2, '0/1 * * * * ?', '1111', 1694957518534, 1694957518534, 0, 'SUCCESS', 1685176293110329345, '', 1694957518534, NULL, NULL, 1694957518534, 0);
INSERT INTO `task_log` (`id`, `task_id`, `job_name`, `job_group`, `job_key`, `instruction`, `cron`, `job_params`, `start_time`, `end_time`, `handle_time`, `status`, `create_by`, `create_username`, `create_time`, `update_by`, `update_username`, `update_time`, `is_del`) VALUES (1703405955233927170, 1687831231841968130, '每秒执行测试', 'group', 'test1', 2, '0/1 * * * * ?', '1111', 1694958601699, 1694958601700, 1, 'SUCCESS', 1685176293110329345, '', 1694958601700, NULL, NULL, 1694958601700, 0);
INSERT INTO `task_log` (`id`, `task_id`, `job_name`, `job_group`, `job_key`, `instruction`, `cron`, `job_params`, `start_time`, `end_time`, `handle_time`, `status`, `create_by`, `create_username`, `create_time`, `update_by`, `update_username`, `update_time`, `is_del`) VALUES (1703445389706842114, 1687831231841968130, '每秒执行测试', 'group', 'test1', 2, '0/1 * * * * ?', '1111', 1694968004007, 1694968004011, 4, 'SUCCESS', 1685176293110329345, '', 1694968004011, NULL, NULL, 1694968004011, 0);
INSERT INTO `task_log` (`id`, `task_id`, `job_name`, `job_group`, `job_key`, `instruction`, `cron`, `job_params`, `start_time`, `end_time`, `handle_time`, `status`, `create_by`, `create_username`, `create_time`, `update_by`, `update_username`, `update_time`, `is_del`) VALUES (1711640515159552002, 1687831231841968130, '每秒执行测试', 'group', 'test1', 2, '0/1 * * * * ?', '1111', 1696921874169, 1696921874170, 1, 'SUCCESS', 1685176293110329345, '', 1696921874170, NULL, NULL, 1696921874170, 0);
INSERT INTO `task_log` (`id`, `task_id`, `job_name`, `job_group`, `job_key`, `instruction`, `cron`, `job_params`, `start_time`, `end_time`, `handle_time`, `status`, `create_by`, `create_username`, `create_time`, `update_by`, `update_username`, `update_time`, `is_del`) VALUES (1711762327793074177, 1687831231841968130, '每秒执行测试', 'group', 'test1', 2, '0/1 * * * * ?', '1111', 1696950915440, 1696950915440, 0, 'SUCCESS', 1685176293110329345, '', 1696950915440, NULL, NULL, 1696950915440, 0);
INSERT INTO `task_log` (`id`, `task_id`, `job_name`, `job_group`, `job_key`, `instruction`, `cron`, `job_params`, `start_time`, `end_time`, `handle_time`, `status`, `create_by`, `create_username`, `create_time`, `update_by`, `update_username`, `update_time`, `is_del`) VALUES (1712017142049796098, 1687831231841968130, '每秒执行测试', 'group', 'test1', 2, '0/1 * * * * ?', '1111', 1697011669029, 1697011669032, 3, 'SUCCESS', 1685176293110329345, '', 1697011669032, NULL, NULL, 1697011669032, 0);
INSERT INTO `task_log` (`id`, `task_id`, `job_name`, `job_group`, `job_key`, `instruction`, `cron`, `job_params`, `start_time`, `end_time`, `handle_time`, `status`, `create_by`, `create_username`, `create_time`, `update_by`, `update_username`, `update_time`, `is_del`) VALUES (1713739157601267714, 1687831231841968130, '每秒执行测试', 'group', 'test1', 2, '0/1 * * * * ?', '1111', 1697422229477, 1697422229478, 1, 'SUCCESS', 1685176293110329345, '', 1697422229478, NULL, NULL, 1697422229478, 0);
INSERT INTO `task_log` (`id`, `task_id`, `job_name`, `job_group`, `job_key`, `instruction`, `cron`, `job_params`, `start_time`, `end_time`, `handle_time`, `status`, `create_by`, `create_username`, `create_time`, `update_by`, `update_username`, `update_time`, `is_del`) VALUES (1714164117662711809, 1687831231841968130, '每秒执行测试', 'group', 'test1', 2, '0/1 * * * * ?', '1111', 1697523546440, 1697523546446, 6, 'SUCCESS', 1685176293110329345, '', 1697523546446, NULL, NULL, 1697523546446, 0);
INSERT INTO `task_log` (`id`, `task_id`, `job_name`, `job_group`, `job_key`, `instruction`, `cron`, `job_params`, `start_time`, `end_time`, `handle_time`, `status`, `create_by`, `create_username`, `create_time`, `update_by`, `update_username`, `update_time`, `is_del`) VALUES (1714164117696266242, 1687832570160607233, '每秒执行测试', 'group1', 'test2', 2, '0/5 * * * * ?', '1111', 1697523546444, 1697523546450, 6, 'SUCCESS', 1685176293110329345, '', 1697523546450, NULL, NULL, 1697523546450, 0);
INSERT INTO `task_log` (`id`, `task_id`, `job_name`, `job_group`, `job_key`, `instruction`, `cron`, `job_params`, `start_time`, `end_time`, `handle_time`, `status`, `create_by`, `create_username`, `create_time`, `update_by`, `update_username`, `update_time`, `is_del`) VALUES (1714164958784241666, 1687832570160607233, '每5秒执行测试', 'group1', 'test2', 2, '0/5 * * * * ?', '1111', 1697523748475, 1697523748475, 0, 'SUCCESS', -1, '未知用户', 1697523748475, NULL, NULL, 1697523748475, 0);
INSERT INTO `task_log` (`id`, `task_id`, `job_name`, `job_group`, `job_key`, `instruction`, `cron`, `job_params`, `start_time`, `end_time`, `handle_time`, `status`, `create_by`, `create_username`, `create_time`, `update_by`, `update_username`, `update_time`, `is_del`) VALUES (1714165037414858753, 1687832570160607233, '每5秒执行测试', 'group1', 'test2', 2, '0/5 * * * * ?', '1111', 1697523767224, 1697523767224, 0, 'SUCCESS', -1, '未知用户', 1697523767224, NULL, NULL, 1697523767224, 0);
INSERT INTO `task_log` (`id`, `task_id`, `job_name`, `job_group`, `job_key`, `instruction`, `cron`, `job_params`, `start_time`, `end_time`, `handle_time`, `status`, `create_by`, `create_username`, `create_time`, `update_by`, `update_username`, `update_time`, `is_del`) VALUES (1714165079223681026, 1687832570160607233, '每5秒执行测试', 'group1', 'test2', 2, '0/5 * * * * ?', '1111', 1697523777192, 1697523777192, 0, 'SUCCESS', -1, '未知用户', 1697523777192, NULL, NULL, 1697523777192, 0);
INSERT INTO `task_log` (`id`, `task_id`, `job_name`, `job_group`, `job_key`, `instruction`, `cron`, `job_params`, `start_time`, `end_time`, `handle_time`, `status`, `create_by`, `create_username`, `create_time`, `update_by`, `update_username`, `update_time`, `is_del`) VALUES (1714165121162526722, 1687832570160607233, '每5秒执行测试', 'group1', 'test2', 2, '0/5 * * * * ?', '1111', 1697523787191, 1697523787191, 0, 'SUCCESS', -1, '未知用户', 1697523787191, NULL, NULL, 1697523787191, 0);
INSERT INTO `task_log` (`id`, `task_id`, `job_name`, `job_group`, `job_key`, `instruction`, `cron`, `job_params`, `start_time`, `end_time`, `handle_time`, `status`, `create_by`, `create_username`, `create_time`, `update_by`, `update_username`, `update_time`, `is_del`) VALUES (1714574041987166210, 1687831231841968130, '每秒执行测试', 'group', 'test1', 2, '0/1 * * * * ?', '1111', 1697621281461, 1697621281461, 0, 'SUCCESS', 1685176293110329345, '', 1697621281461, NULL, NULL, 1697621281461, 0);
COMMIT;

-- ----------------------------
-- Table structure for user_post
-- ----------------------------
DROP TABLE IF EXISTS `user_post`;
CREATE TABLE `user_post` (
  `id` bigint NOT NULL COMMENT 'id',
  `user_id` bigint NOT NULL COMMENT '用户ID',
  `post_id` bigint NOT NULL COMMENT '岗位ID',
  `create_by` bigint NOT NULL COMMENT '创建者',
  `create_username` varchar(20) CHARACTER SET utf8mb4 COLLATE utf8mb4_bin NOT NULL COMMENT '创建者账号',
  `create_time` bigint NOT NULL COMMENT '创建时间',
  `update_by` bigint DEFAULT NULL COMMENT '更新者',
  `update_username` varchar(255) CHARACTER SET utf8mb4 COLLATE utf8mb4_bin DEFAULT NULL COMMENT '更新者账号',
  `update_time` bigint DEFAULT NULL COMMENT '更新时间',
  `is_del` int NOT NULL DEFAULT '0' COMMENT '逻辑删除状态 0：未删除 1：已删除',
  PRIMARY KEY (`id`) USING BTREE
) ENGINE=InnoDB DEFAULT CHARSET=utf8mb4 COLLATE=utf8mb4_bin COMMENT='用户岗位关联';

-- ----------------------------
-- Records of user_post
-- ----------------------------
BEGIN;
INSERT INTO `user_post` (`id`, `user_id`, `post_id`, `create_by`, `create_username`, `create_time`, `update_by`, `update_username`, `update_time`, `is_del`) VALUES (1714455088988176386, 1685177044733800449, 1685268795666522113, 1685177044733800449, 'yyqyyq', 1697592920910, NULL, NULL, NULL, 0);
INSERT INTO `user_post` (`id`, `user_id`, `post_id`, `create_by`, `create_username`, `create_time`, `update_by`, `update_username`, `update_time`, `is_del`) VALUES (1714455343792144386, 1685176293110329345, 1685268538387914754, 1685176293110329345, 'heyzoe', 1697592981660, NULL, NULL, NULL, 0);
COMMIT;

-- ----------------------------
-- Table structure for user_role
-- ----------------------------
DROP TABLE IF EXISTS `user_role`;
CREATE TABLE `user_role` (
  `id` bigint NOT NULL COMMENT 'id',
  `user_id` bigint NOT NULL COMMENT '用户ID',
  `role_id` bigint NOT NULL COMMENT '角色ID',
  `create_by` bigint NOT NULL COMMENT '创建者',
  `create_username` varchar(20) CHARACTER SET utf8mb4 COLLATE utf8mb4_bin NOT NULL COMMENT '创建者账号',
  `create_time` bigint NOT NULL COMMENT '创建时间',
  `update_by` bigint DEFAULT NULL COMMENT '更新者',
  `update_username` varchar(255) CHARACTER SET utf8mb4 COLLATE utf8mb4_bin DEFAULT NULL COMMENT '更新者账号',
  `update_time` bigint DEFAULT NULL COMMENT '更新时间',
  `is_del` int NOT NULL DEFAULT '0' COMMENT '逻辑删除状态 0：未删除 1：已删除',
  PRIMARY KEY (`id`) USING BTREE
) ENGINE=InnoDB DEFAULT CHARSET=utf8mb4 COLLATE=utf8mb4_bin COMMENT='用户角色关联';

-- ----------------------------
-- Records of user_role
-- ----------------------------
BEGIN;
INSERT INTO `user_role` (`id`, `user_id`, `role_id`, `create_by`, `create_username`, `create_time`, `update_by`, `update_username`, `update_time`, `is_del`) VALUES (1685643687784108033, 1685176293110329345, 1685637446164828162, 1685176293110329345, '', 1690723747575, NULL, NULL, NULL, 1);
INSERT INTO `user_role` (`id`, `user_id`, `role_id`, `create_by`, `create_username`, `create_time`, `update_by`, `update_username`, `update_time`, `is_del`) VALUES (1685643810274562050, 1685177044733800449, 1685637446164828162, 1685176293110329345, '', 1690723776779, NULL, NULL, NULL, 1);
INSERT INTO `user_role` (`id`, `user_id`, `role_id`, `create_by`, `create_username`, `create_time`, `update_by`, `update_username`, `update_time`, `is_del`) VALUES (1714455089004953602, 1685177044733800449, 1685637446164828162, 1685177044733800449, 'yyqyyq', 1697592920913, NULL, NULL, NULL, 0);
INSERT INTO `user_role` (`id`, `user_id`, `role_id`, `create_by`, `create_username`, `create_time`, `update_by`, `update_username`, `update_time`, `is_del`) VALUES (1714455343804727297, 1685176293110329345, 1685637446164828162, 1685176293110329345, 'heyzoe', 1697592981663, NULL, NULL, NULL, 0);
INSERT INTO `user_role` (`id`, `user_id`, `role_id`, `create_by`, `create_username`, `create_time`, `update_by`, `update_username`, `update_time`, `is_del`) VALUES (1714455366235865089, 1714269286131834881, 1685637533150498817, 1685176293110329345, 'heyzoe', 1697592987010, NULL, NULL, NULL, 0);
COMMIT;

SET FOREIGN_KEY_CHECKS = 1;
